zip,county_fips,county_name
00501,36103,Suffolk
00544,36103,Suffolk
00601,72001,Adjuntas
00602,72003,Aguada
00603,72005,Aguadilla
00606,72093,Maricao
00610,72011,Añasco
00611,72141,Utuado
00612,72013,Arecibo
00616,72013,Arecibo
00617,72017,Barceloneta
00622,72023,Cabo Rojo
00623,72023,Cabo Rojo
00624,72111,Peñuelas
00627,72027,Camuy
00631,72001,Adjuntas
00636,72125,San Germán
00637,72121,Sabana Grande
00638,72039,Ciales
00641,72141,Utuado
00646,72051,Dorado
00647,72055,Guánica
00650,72054,Florida
00652,72013,Arecibo
00653,72055,Guánica
00656,72059,Guayanilla
00659,72065,Hatillo
00660,72067,Hormigueros
00662,72071,Isabela
00664,72073,Jayuya
00667,72079,Lajas
00669,72081,Lares
00670,72083,Las Marías
00674,72091,Manatí
00676,72099,Moca
00677,72117,Rincón
00678,72115,Quebradillas
00680,72097,Mayagüez
00682,72097,Mayagüez
00683,72125,San Germán
00685,72131,San Sebastián
00687,72101,Morovis
00688,72013,Arecibo
00690,72005,Aguadilla
00692,72143,Vega Alta
00693,72145,Vega Baja
00694,72145,Vega Baja
00698,72153,Yauco
00703,72007,Aguas Buenas
00704,72123,Salinas
00705,72009,Aibonito
00707,72095,Maunabo
00714,72015,Arroyo
00715,72113,Ponce
00716,72113,Ponce
00717,72113,Ponce
00718,72103,Naguabo
00719,72105,Naranjito
00720,72107,Orocovis
00723,72109,Patillas
00725,72025,Caguas
00727,72025,Caguas
00728,72113,Ponce
00729,72029,Canóvanas
00730,72113,Ponce
00731,72113,Ponce
00735,72037,Ceiba
00736,72035,Cayey
00738,72053,Fajardo
00739,72041,Cidra
00740,72053,Fajardo
00741,72069,Humacao
00745,72119,Río Grande
00751,72123,Salinas
00754,72129,San Lorenzo
00757,72133,Santa Isabel
00765,72147,Vieques
00766,72149,Villalba
00767,72151,Yabucoa
00769,72043,Coamo
00771,72085,Las Piedras
00772,72087,Loíza
00773,72089,Luquillo
00775,72049,Culebra
00777,72077,Juncos
00778,72063,Gurabo
00780,72113,Ponce
00782,72045,Comerío
00783,72047,Corozal
00784,72057,Guayama
00786,72009,Aibonito
00791,72069,Humacao
00794,72019,Barranquitas
00795,72075,Juana Díaz
00901,72127,San Juan
00906,72127,San Juan
00907,72127,San Juan
00909,72127,San Juan
00911,72127,San Juan
00912,72127,San Juan
00913,72127,San Juan
00915,72127,San Juan
00917,72127,San Juan
00918,72127,San Juan
00920,72127,San Juan
00921,72127,San Juan
00923,72127,San Juan
00924,72127,San Juan
00925,72127,San Juan
00926,72127,San Juan
00927,72127,San Juan
00934,72061,Guaynabo
00949,72137,Toa Baja
00950,72051,Dorado
00951,72137,Toa Baja
00952,72137,Toa Baja
00953,72135,Toa Alta
00956,72021,Bayamón
00957,72021,Bayamón
00959,72021,Bayamón
00960,72021,Bayamón
00961,72021,Bayamón
00962,72033,Cataño
00965,72061,Guaynabo
00966,72061,Guaynabo
00968,72061,Guaynabo
00969,72061,Guaynabo
00971,72061,Guaynabo
00976,72139,Trujillo Alto
00979,72031,Carolina
00982,72031,Carolina
00983,72031,Carolina
00985,72031,Carolina
00987,72031,Carolina
01001,25013,Hampden
01002,25015,Hampshire
01003,25015,Hampshire
01004,25015,Hampshire
01005,25027,Worcester
01007,25015,Hampshire
01008,25013,Hampden
01009,25013,Hampden
01010,25013,Hampden
01011,25013,Hampden
01012,25015,Hampshire
01013,25013,Hampden
01014,25013,Hampden
01020,25013,Hampden
01021,25013,Hampden
01022,25013,Hampden
01026,25015,Hampshire
01027,25015,Hampshire
01028,25013,Hampden
01029,25003,Berkshire
01030,25013,Hampden
01031,25027,Worcester
01032,25015,Hampshire
01033,25015,Hampshire
01034,25013,Hampden
01035,25015,Hampshire
01036,25013,Hampden
01037,25027,Worcester
01038,25015,Hampshire
01039,25015,Hampshire
01040,25013,Hampden
01041,25013,Hampden
01050,25015,Hampshire
01053,25015,Hampshire
01054,25011,Franklin
01056,25013,Hampden
01057,25013,Hampden
01059,25015,Hampshire
01060,25015,Hampshire
01061,25015,Hampshire
01062,25015,Hampshire
01063,25015,Hampshire
01066,25015,Hampshire
01068,25027,Worcester
01069,25013,Hampden
01070,25015,Hampshire
01071,25013,Hampden
01072,25011,Franklin
01073,25015,Hampshire
01074,25027,Worcester
01075,25015,Hampshire
01077,25013,Hampden
01079,25013,Hampden
01080,25013,Hampden
01081,25013,Hampden
01082,25015,Hampshire
01083,25027,Worcester
01084,25015,Hampshire
01085,25013,Hampden
01086,25013,Hampden
01088,25015,Hampshire
01089,25013,Hampden
01090,25013,Hampden
01092,25027,Worcester
01093,25011,Franklin
01094,25027,Worcester
01095,25013,Hampden
01096,25015,Hampshire
01097,25013,Hampden
01098,25015,Hampshire
01101,25013,Hampden
01102,25013,Hampden
01103,25013,Hampden
01104,25013,Hampden
01105,25013,Hampden
01106,25013,Hampden
01107,25013,Hampden
01108,25013,Hampden
01109,25013,Hampden
01111,25013,Hampden
01115,25013,Hampden
01116,25013,Hampden
01118,25013,Hampden
01119,25013,Hampden
01128,25013,Hampden
01129,25013,Hampden
01138,25013,Hampden
01139,25013,Hampden
01144,25013,Hampden
01151,25013,Hampden
01152,25013,Hampden
01199,25013,Hampden
01201,25003,Berkshire
01202,25003,Berkshire
01203,25003,Berkshire
01220,25003,Berkshire
01222,25003,Berkshire
01223,25003,Berkshire
01224,25003,Berkshire
01225,25003,Berkshire
01226,25003,Berkshire
01227,25003,Berkshire
01229,25003,Berkshire
01230,25003,Berkshire
01235,25003,Berkshire
01236,25003,Berkshire
01237,25003,Berkshire
01238,25003,Berkshire
01240,25003,Berkshire
01242,25003,Berkshire
01243,25015,Hampshire
01244,25003,Berkshire
01245,25003,Berkshire
01247,25003,Berkshire
01252,25003,Berkshire
01253,25003,Berkshire
01254,25003,Berkshire
01255,25003,Berkshire
01256,25003,Berkshire
01257,25003,Berkshire
01258,25003,Berkshire
01259,25003,Berkshire
01260,25003,Berkshire
01262,25003,Berkshire
01263,25003,Berkshire
01264,25003,Berkshire
01266,25003,Berkshire
01267,25003,Berkshire
01270,25003,Berkshire
01301,25011,Franklin
01302,25011,Franklin
01330,25011,Franklin
01331,25027,Worcester
01337,25011,Franklin
01338,25011,Franklin
01339,25011,Franklin
01340,25011,Franklin
01341,25011,Franklin
01342,25011,Franklin
01343,25003,Berkshire
01344,25011,Franklin
01346,25011,Franklin
01347,25011,Franklin
01349,25011,Franklin
01350,25011,Franklin
01351,25011,Franklin
01354,25011,Franklin
01355,25011,Franklin
01360,25011,Franklin
01364,25011,Franklin
01366,25027,Worcester
01367,25011,Franklin
01368,25027,Worcester
01370,25011,Franklin
01373,25011,Franklin
01375,25011,Franklin
01376,25011,Franklin
01378,25011,Franklin
01379,25011,Franklin
01380,25011,Franklin
01420,25027,Worcester
01430,25027,Worcester
01431,25017,Middlesex
01432,25017,Middlesex
01434,25027,Worcester
01436,25027,Worcester
01438,25027,Worcester
01440,25027,Worcester
01441,25027,Worcester
01450,25017,Middlesex
01451,25027,Worcester
01452,25027,Worcester
01453,25027,Worcester
01460,25017,Middlesex
01462,25027,Worcester
01463,25017,Middlesex
01464,25017,Middlesex
01467,25027,Worcester
01468,25027,Worcester
01469,25017,Middlesex
01470,25017,Middlesex
01471,25017,Middlesex
01472,25017,Middlesex
01473,25027,Worcester
01474,25017,Middlesex
01475,25027,Worcester
01501,25027,Worcester
01503,25027,Worcester
01504,25027,Worcester
01505,25027,Worcester
01506,25027,Worcester
01507,25027,Worcester
01508,25027,Worcester
01509,25027,Worcester
01510,25027,Worcester
01515,25027,Worcester
01516,25027,Worcester
01518,25027,Worcester
01519,25027,Worcester
01520,25027,Worcester
01521,25013,Hampden
01522,25027,Worcester
01523,25027,Worcester
01524,25027,Worcester
01525,25027,Worcester
01526,25027,Worcester
01527,25027,Worcester
01529,25027,Worcester
01531,25027,Worcester
01532,25027,Worcester
01534,25027,Worcester
01535,25027,Worcester
01536,25027,Worcester
01537,25027,Worcester
01538,25027,Worcester
01540,25027,Worcester
01541,25027,Worcester
01542,25027,Worcester
01543,25027,Worcester
01545,25027,Worcester
01546,25027,Worcester
01550,25027,Worcester
01560,25027,Worcester
01561,25027,Worcester
01562,25027,Worcester
01564,25027,Worcester
01566,25027,Worcester
01568,25027,Worcester
01569,25027,Worcester
01570,25027,Worcester
01571,25027,Worcester
01581,25027,Worcester
01583,25027,Worcester
01585,25027,Worcester
01586,25027,Worcester
01588,25027,Worcester
01590,25027,Worcester
01601,25027,Worcester
01602,25027,Worcester
01603,25027,Worcester
01604,25027,Worcester
01605,25027,Worcester
01606,25027,Worcester
01607,25027,Worcester
01608,25027,Worcester
01609,25027,Worcester
01610,25027,Worcester
01611,25027,Worcester
01612,25027,Worcester
01613,25027,Worcester
01614,25027,Worcester
01615,25027,Worcester
01653,25027,Worcester
01655,25027,Worcester
01701,25017,Middlesex
01702,25017,Middlesex
01703,25017,Middlesex
01704,25017,Middlesex
01705,25017,Middlesex
01718,25017,Middlesex
01719,25017,Middlesex
01720,25017,Middlesex
01721,25017,Middlesex
01730,25017,Middlesex
01731,25017,Middlesex
01740,25027,Worcester
01741,25017,Middlesex
01742,25017,Middlesex
01745,25027,Worcester
01746,25017,Middlesex
01747,25027,Worcester
01748,25017,Middlesex
01749,25017,Middlesex
01752,25017,Middlesex
01754,25017,Middlesex
01756,25027,Worcester
01757,25027,Worcester
01760,25017,Middlesex
01770,25017,Middlesex
01772,25027,Worcester
01773,25017,Middlesex
01775,25017,Middlesex
01776,25017,Middlesex
01778,25017,Middlesex
01784,25017,Middlesex
01801,25017,Middlesex
01803,25017,Middlesex
01805,25017,Middlesex
01810,25009,Essex
01812,25009,Essex
01813,25017,Middlesex
01815,25017,Middlesex
01821,25017,Middlesex
01822,25017,Middlesex
01824,25017,Middlesex
01825,25017,Middlesex
01826,25017,Middlesex
01827,25017,Middlesex
01830,25009,Essex
01831,25009,Essex
01832,25009,Essex
01833,25009,Essex
01834,25009,Essex
01835,25009,Essex
01840,25009,Essex
01841,25009,Essex
01842,25009,Essex
01843,25009,Essex
01844,25009,Essex
01845,25009,Essex
01850,25017,Middlesex
01851,25017,Middlesex
01852,25017,Middlesex
01853,25017,Middlesex
01854,25017,Middlesex
01860,25009,Essex
01862,25017,Middlesex
01863,25017,Middlesex
01864,25017,Middlesex
01865,25017,Middlesex
01866,25017,Middlesex
01867,25017,Middlesex
01876,25017,Middlesex
01879,25017,Middlesex
01880,25017,Middlesex
01885,25009,Essex
01886,25017,Middlesex
01887,25017,Middlesex
01888,25017,Middlesex
01889,25017,Middlesex
01890,25017,Middlesex
01899,25009,Essex
01901,25009,Essex
01902,25009,Essex
01903,25009,Essex
01904,25009,Essex
01905,25009,Essex
01906,25009,Essex
01907,25009,Essex
01908,25009,Essex
01910,25009,Essex
01913,25009,Essex
01915,25009,Essex
01921,25009,Essex
01922,25009,Essex
01923,25009,Essex
01929,25009,Essex
01930,25009,Essex
01931,25009,Essex
01936,25009,Essex
01937,25009,Essex
01938,25009,Essex
01940,25009,Essex
01944,25009,Essex
01945,25009,Essex
01949,25009,Essex
01950,25009,Essex
01951,25009,Essex
01952,25009,Essex
01960,25009,Essex
01961,25009,Essex
01965,25009,Essex
01966,25009,Essex
01969,25009,Essex
01970,25009,Essex
01971,25009,Essex
01982,25009,Essex
01983,25009,Essex
01984,25009,Essex
01985,25009,Essex
02018,25023,Plymouth
02019,25021,Norfolk
02020,25023,Plymouth
02021,25021,Norfolk
02025,25021,Norfolk
02026,25021,Norfolk
02027,25021,Norfolk
02030,25021,Norfolk
02032,25021,Norfolk
02035,25021,Norfolk
02038,25021,Norfolk
02040,25023,Plymouth
02041,25023,Plymouth
02043,25023,Plymouth
02044,25023,Plymouth
02045,25023,Plymouth
02047,25023,Plymouth
02048,25005,Bristol
02050,25023,Plymouth
02051,25023,Plymouth
02052,25021,Norfolk
02053,25021,Norfolk
02054,25021,Norfolk
02055,25023,Plymouth
02056,25021,Norfolk
02059,25023,Plymouth
02060,25023,Plymouth
02061,25023,Plymouth
02062,25021,Norfolk
02065,25023,Plymouth
02066,25023,Plymouth
02067,25021,Norfolk
02070,25021,Norfolk
02071,25021,Norfolk
02072,25021,Norfolk
02081,25021,Norfolk
02090,25021,Norfolk
02093,25021,Norfolk
02108,25025,Suffolk
02109,25025,Suffolk
02110,25025,Suffolk
02111,25025,Suffolk
02112,25025,Suffolk
02113,25025,Suffolk
02114,25025,Suffolk
02115,25025,Suffolk
02116,25025,Suffolk
02117,25025,Suffolk
02118,25025,Suffolk
02119,25025,Suffolk
02120,25025,Suffolk
02121,25025,Suffolk
02122,25025,Suffolk
02123,25025,Suffolk
02124,25025,Suffolk
02125,25025,Suffolk
02126,25025,Suffolk
02127,25025,Suffolk
02128,25025,Suffolk
02129,25025,Suffolk
02130,25025,Suffolk
02131,25025,Suffolk
02132,25025,Suffolk
02133,25025,Suffolk
02134,25025,Suffolk
02135,25025,Suffolk
02136,25025,Suffolk
02137,25025,Suffolk
02138,25017,Middlesex
02139,25017,Middlesex
02140,25017,Middlesex
02141,25017,Middlesex
02142,25017,Middlesex
02143,25017,Middlesex
02144,25017,Middlesex
02145,25017,Middlesex
02148,25017,Middlesex
02149,25017,Middlesex
02150,25025,Suffolk
02151,25025,Suffolk
02152,25025,Suffolk
02153,25017,Middlesex
02155,25017,Middlesex
02156,25017,Middlesex
02163,25025,Suffolk
02169,25021,Norfolk
02170,25021,Norfolk
02171,25021,Norfolk
02176,25017,Middlesex
02180,25017,Middlesex
02184,25021,Norfolk
02185,25021,Norfolk
02186,25021,Norfolk
02187,25021,Norfolk
02188,25021,Norfolk
02189,25021,Norfolk
02190,25021,Norfolk
02191,25021,Norfolk
02196,25025,Suffolk
02199,25025,Suffolk
02201,25025,Suffolk
02203,25025,Suffolk
02204,25025,Suffolk
02205,25025,Suffolk
02206,25025,Suffolk
02210,25025,Suffolk
02211,25025,Suffolk
02212,25017,Middlesex
02215,25025,Suffolk
02217,25025,Suffolk
02222,25025,Suffolk
02238,25017,Middlesex
02241,25025,Suffolk
02266,25025,Suffolk
02269,25021,Norfolk
02283,25025,Suffolk
02284,25025,Suffolk
02293,25025,Suffolk
02297,25025,Suffolk
02298,25025,Suffolk
02301,25023,Plymouth
02302,25023,Plymouth
02303,25023,Plymouth
02304,25023,Plymouth
02305,25023,Plymouth
02322,25021,Norfolk
02324,25023,Plymouth
02325,25023,Plymouth
02327,25023,Plymouth
02330,25023,Plymouth
02331,25023,Plymouth
02332,25023,Plymouth
02333,25023,Plymouth
02334,25005,Bristol
02337,25023,Plymouth
02338,25023,Plymouth
02339,25023,Plymouth
02340,25023,Plymouth
02341,25023,Plymouth
02343,25021,Norfolk
02344,25023,Plymouth
02345,25023,Plymouth
02346,25023,Plymouth
02347,25023,Plymouth
02348,25023,Plymouth
02349,25023,Plymouth
02350,25023,Plymouth
02351,25023,Plymouth
02355,25023,Plymouth
02356,25005,Bristol
02357,25005,Bristol
02358,25023,Plymouth
02359,25023,Plymouth
02360,25023,Plymouth
02361,25023,Plymouth
02362,25023,Plymouth
02364,25023,Plymouth
02366,25023,Plymouth
02367,25023,Plymouth
02368,25021,Norfolk
02370,25023,Plymouth
02375,25005,Bristol
02379,25023,Plymouth
02381,25023,Plymouth
02382,25023,Plymouth
02420,25017,Middlesex
02421,25017,Middlesex
02445,25021,Norfolk
02446,25021,Norfolk
02447,25021,Norfolk
02451,25017,Middlesex
02452,25017,Middlesex
02453,25017,Middlesex
02454,25017,Middlesex
02455,25017,Middlesex
02456,25017,Middlesex
02457,25021,Norfolk
02458,25017,Middlesex
02459,25017,Middlesex
02460,25017,Middlesex
02461,25017,Middlesex
02462,25017,Middlesex
02464,25017,Middlesex
02465,25017,Middlesex
02466,25017,Middlesex
02467,25021,Norfolk
02468,25017,Middlesex
02471,25017,Middlesex
02472,25017,Middlesex
02474,25017,Middlesex
02475,25017,Middlesex
02476,25017,Middlesex
02477,25017,Middlesex
02478,25017,Middlesex
02479,25017,Middlesex
02481,25021,Norfolk
02482,25021,Norfolk
02492,25021,Norfolk
02493,25017,Middlesex
02494,25021,Norfolk
02495,25017,Middlesex
02532,25001,Barnstable
02534,25001,Barnstable
02535,25007,Dukes
02536,25001,Barnstable
02537,25001,Barnstable
02538,25023,Plymouth
02539,25007,Dukes
02540,25001,Barnstable
02541,25001,Barnstable
02542,25001,Barnstable
02543,25007,Dukes
02552,25007,Dukes
02553,25001,Barnstable
02554,25019,Nantucket
02556,25001,Barnstable
02557,25007,Dukes
02558,25023,Plymouth
02559,25001,Barnstable
02561,25001,Barnstable
02562,25001,Barnstable
02563,25001,Barnstable
02564,25019,Nantucket
02568,25007,Dukes
02571,25023,Plymouth
02574,25001,Barnstable
02575,25007,Dukes
02576,25023,Plymouth
02584,25019,Nantucket
02601,25001,Barnstable
02630,25001,Barnstable
02631,25001,Barnstable
02632,25001,Barnstable
02633,25001,Barnstable
02634,25001,Barnstable
02635,25001,Barnstable
02637,25001,Barnstable
02638,25001,Barnstable
02639,25001,Barnstable
02641,25001,Barnstable
02642,25001,Barnstable
02643,25001,Barnstable
02644,25001,Barnstable
02645,25001,Barnstable
02646,25001,Barnstable
02647,25001,Barnstable
02648,25001,Barnstable
02649,25001,Barnstable
02650,25001,Barnstable
02651,25001,Barnstable
02652,25001,Barnstable
02653,25001,Barnstable
02655,25001,Barnstable
02657,25001,Barnstable
02659,25001,Barnstable
02660,25001,Barnstable
02661,25001,Barnstable
02662,25001,Barnstable
02663,25001,Barnstable
02664,25001,Barnstable
02666,25001,Barnstable
02667,25001,Barnstable
02668,25001,Barnstable
02669,25001,Barnstable
02670,25001,Barnstable
02671,25001,Barnstable
02672,25001,Barnstable
02673,25001,Barnstable
02675,25001,Barnstable
02702,25005,Bristol
02703,25005,Bristol
02712,25005,Bristol
02713,25007,Dukes
02714,25005,Bristol
02715,25005,Bristol
02717,25005,Bristol
02718,25005,Bristol
02719,25005,Bristol
02720,25005,Bristol
02721,25005,Bristol
02722,25005,Bristol
02723,25005,Bristol
02724,25005,Bristol
02725,25005,Bristol
02726,25005,Bristol
02738,25023,Plymouth
02739,25023,Plymouth
02740,25005,Bristol
02741,25005,Bristol
02742,25005,Bristol
02743,25005,Bristol
02744,25005,Bristol
02745,25005,Bristol
02746,25005,Bristol
02747,25005,Bristol
02748,25005,Bristol
02760,25005,Bristol
02761,25005,Bristol
02762,25021,Norfolk
02763,25005,Bristol
02764,25005,Bristol
02766,25005,Bristol
02767,25005,Bristol
02768,25005,Bristol
02769,25005,Bristol
02770,25023,Plymouth
02771,25005,Bristol
02777,25005,Bristol
02779,25005,Bristol
02780,25005,Bristol
02783,25005,Bristol
02790,25005,Bristol
02791,25005,Bristol
02801,44005,Newport
02802,44007,Providence
02804,44009,Washington
02806,44001,Bristol
02807,44009,Washington
02808,44009,Washington
02809,44001,Bristol
02812,44009,Washington
02813,44009,Washington
02814,44007,Providence
02815,44007,Providence
02816,44003,Kent
02817,44003,Kent
02818,44003,Kent
02822,44009,Washington
02823,44007,Providence
02824,44007,Providence
02825,44007,Providence
02826,44007,Providence
02827,44003,Kent
02828,44007,Providence
02829,44007,Providence
02830,44007,Providence
02831,44007,Providence
02832,44009,Washington
02833,44009,Washington
02835,44005,Newport
02836,44009,Washington
02837,44005,Newport
02838,44007,Providence
02839,44007,Providence
02840,44005,Newport
02841,44005,Newport
02842,44005,Newport
02852,44009,Washington
02857,44007,Providence
02858,44007,Providence
02859,44007,Providence
02860,44007,Providence
02861,44007,Providence
02862,44007,Providence
02863,44007,Providence
02864,44007,Providence
02865,44007,Providence
02871,44005,Newport
02872,44005,Newport
02873,44009,Washington
02874,44009,Washington
02875,44009,Washington
02876,44007,Providence
02877,44009,Washington
02878,44005,Newport
02879,44009,Washington
02880,44009,Washington
02881,44009,Washington
02882,44009,Washington
02883,44009,Washington
02885,44001,Bristol
02886,44003,Kent
02887,44003,Kent
02888,44003,Kent
02889,44003,Kent
02891,44009,Washington
02892,44009,Washington
02893,44003,Kent
02894,44009,Washington
02895,44007,Providence
02896,44007,Providence
02898,44009,Washington
02901,44007,Providence
02902,44007,Providence
02903,44007,Providence
02904,44007,Providence
02905,44007,Providence
02906,44007,Providence
02907,44007,Providence
02908,44007,Providence
02909,44007,Providence
02910,44007,Providence
02911,44007,Providence
02912,44007,Providence
02914,44007,Providence
02915,44007,Providence
02916,44007,Providence
02917,44007,Providence
02918,44007,Providence
02919,44007,Providence
02920,44007,Providence
02921,44007,Providence
02940,44007,Providence
03031,33011,Hillsborough
03032,33015,Rockingham
03033,33011,Hillsborough
03034,33015,Rockingham
03036,33015,Rockingham
03037,33015,Rockingham
03038,33015,Rockingham
03040,33015,Rockingham
03041,33015,Rockingham
03042,33015,Rockingham
03043,33011,Hillsborough
03044,33015,Rockingham
03045,33011,Hillsborough
03046,33013,Merrimack
03047,33011,Hillsborough
03048,33011,Hillsborough
03049,33011,Hillsborough
03051,33011,Hillsborough
03052,33011,Hillsborough
03053,33015,Rockingham
03054,33011,Hillsborough
03055,33011,Hillsborough
03057,33011,Hillsborough
03060,33011,Hillsborough
03061,33011,Hillsborough
03062,33011,Hillsborough
03063,33011,Hillsborough
03064,33011,Hillsborough
03070,33011,Hillsborough
03071,33011,Hillsborough
03073,33015,Rockingham
03076,33011,Hillsborough
03077,33015,Rockingham
03079,33015,Rockingham
03082,33011,Hillsborough
03084,33011,Hillsborough
03086,33011,Hillsborough
03087,33015,Rockingham
03101,33011,Hillsborough
03102,33011,Hillsborough
03103,33011,Hillsborough
03104,33011,Hillsborough
03105,33011,Hillsborough
03106,33013,Merrimack
03108,33011,Hillsborough
03109,33011,Hillsborough
03110,33011,Hillsborough
03111,33011,Hillsborough
03215,33009,Grafton
03216,33013,Merrimack
03217,33009,Grafton
03218,33001,Belknap
03220,33001,Belknap
03221,33013,Merrimack
03222,33009,Grafton
03223,33009,Grafton
03224,33013,Merrimack
03225,33001,Belknap
03226,33001,Belknap
03227,33003,Carroll
03229,33013,Merrimack
03230,33013,Merrimack
03231,33013,Merrimack
03233,33013,Merrimack
03234,33013,Merrimack
03235,33013,Merrimack
03237,33001,Belknap
03238,33009,Grafton
03240,33009,Grafton
03241,33009,Grafton
03242,33013,Merrimack
03243,33013,Merrimack
03244,33011,Hillsborough
03245,33009,Grafton
03246,33001,Belknap
03247,33001,Belknap
03249,33001,Belknap
03251,33009,Grafton
03252,33001,Belknap
03253,33001,Belknap
03254,33003,Carroll
03255,33013,Merrimack
03256,33001,Belknap
03257,33013,Merrimack
03258,33013,Merrimack
03259,33003,Carroll
03260,33013,Merrimack
03261,33015,Rockingham
03262,33009,Grafton
03263,33013,Merrimack
03264,33009,Grafton
03266,33009,Grafton
03268,33013,Merrimack
03269,33001,Belknap
03272,33013,Merrimack
03273,33013,Merrimack
03275,33013,Merrimack
03276,33013,Merrimack
03278,33013,Merrimack
03279,33009,Grafton
03280,33019,Sullivan
03281,33011,Hillsborough
03282,33009,Grafton
03284,33019,Sullivan
03285,33009,Grafton
03287,33013,Merrimack
03289,33001,Belknap
03290,33015,Rockingham
03291,33015,Rockingham
03293,33009,Grafton
03298,33001,Belknap
03299,33001,Belknap
03301,33013,Merrimack
03302,33013,Merrimack
03303,33013,Merrimack
03304,33013,Merrimack
03305,33013,Merrimack
03307,33013,Merrimack
03431,33005,Cheshire
03435,33005,Cheshire
03440,33011,Hillsborough
03441,33005,Cheshire
03442,33011,Hillsborough
03443,33005,Cheshire
03444,33005,Cheshire
03445,33005,Cheshire
03446,33005,Cheshire
03447,33005,Cheshire
03448,33005,Cheshire
03449,33011,Hillsborough
03450,33005,Cheshire
03451,33005,Cheshire
03452,33005,Cheshire
03455,33005,Cheshire
03456,33005,Cheshire
03457,33005,Cheshire
03458,33011,Hillsborough
03461,33005,Cheshire
03462,33005,Cheshire
03464,33005,Cheshire
03465,33005,Cheshire
03466,33005,Cheshire
03467,33005,Cheshire
03468,33011,Hillsborough
03469,33005,Cheshire
03470,33005,Cheshire
03561,33009,Grafton
03570,33007,Coos
03574,33009,Grafton
03575,33007,Coos
03576,33007,Coos
03579,23017,Oxford
03580,33009,Grafton
03581,33007,Coos
03582,33007,Coos
03583,33007,Coos
03584,33007,Coos
03585,33009,Grafton
03586,33009,Grafton
03588,33007,Coos
03589,33007,Coos
03590,33007,Coos
03592,33007,Coos
03593,33007,Coos
03595,33007,Coos
03597,33007,Coos
03598,33007,Coos
03601,33019,Sullivan
03602,33005,Cheshire
03603,33019,Sullivan
03604,33005,Cheshire
03605,33019,Sullivan
03607,33019,Sullivan
03608,33005,Cheshire
03609,33005,Cheshire
03740,33009,Grafton
03741,33009,Grafton
03743,33019,Sullivan
03745,33019,Sullivan
03746,33019,Sullivan
03748,33009,Grafton
03749,33009,Grafton
03750,33009,Grafton
03751,33019,Sullivan
03752,33019,Sullivan
03753,33019,Sullivan
03754,33019,Sullivan
03755,33009,Grafton
03756,33009,Grafton
03765,33009,Grafton
03766,33009,Grafton
03768,33009,Grafton
03769,33009,Grafton
03770,33019,Sullivan
03771,33009,Grafton
03773,33019,Sullivan
03774,33009,Grafton
03777,33009,Grafton
03779,33009,Grafton
03780,33009,Grafton
03781,33019,Sullivan
03782,33019,Sullivan
03784,33009,Grafton
03785,33009,Grafton
03801,33015,Rockingham
03802,33015,Rockingham
03803,33015,Rockingham
03804,33015,Rockingham
03809,33001,Belknap
03810,33001,Belknap
03811,33015,Rockingham
03812,33003,Carroll
03813,33003,Carroll
03814,33003,Carroll
03815,33017,Strafford
03816,33003,Carroll
03817,33003,Carroll
03818,33003,Carroll
03819,33015,Rockingham
03820,33017,Strafford
03821,33017,Strafford
03822,33017,Strafford
03823,33017,Strafford
03824,33017,Strafford
03825,33017,Strafford
03826,33015,Rockingham
03827,33015,Rockingham
03830,33003,Carroll
03832,33003,Carroll
03833,33015,Rockingham
03835,33017,Strafford
03836,33003,Carroll
03837,33001,Belknap
03838,33003,Carroll
03839,33017,Strafford
03840,33015,Rockingham
03841,33015,Rockingham
03842,33015,Rockingham
03843,33015,Rockingham
03844,33015,Rockingham
03845,33003,Carroll
03846,33003,Carroll
03847,33003,Carroll
03848,33015,Rockingham
03849,33003,Carroll
03850,33003,Carroll
03851,33017,Strafford
03852,33017,Strafford
03853,33003,Carroll
03854,33015,Rockingham
03855,33017,Strafford
03856,33015,Rockingham
03857,33015,Rockingham
03858,33015,Rockingham
03859,33015,Rockingham
03860,33003,Carroll
03861,33017,Strafford
03862,33015,Rockingham
03864,33003,Carroll
03865,33015,Rockingham
03866,33017,Strafford
03867,33017,Strafford
03868,33017,Strafford
03869,33017,Strafford
03870,33015,Rockingham
03871,33015,Rockingham
03872,33003,Carroll
03873,33015,Rockingham
03874,33015,Rockingham
03875,33003,Carroll
03878,33017,Strafford
03882,33003,Carroll
03883,33003,Carroll
03884,33017,Strafford
03885,33015,Rockingham
03886,33003,Carroll
03887,33017,Strafford
03890,33003,Carroll
03894,33003,Carroll
03896,33003,Carroll
03897,33003,Carroll
03901,23031,York
03902,23031,York
03903,23031,York
03904,23031,York
03905,23031,York
03906,23031,York
03907,23031,York
03908,23031,York
03909,23031,York
03910,23031,York
03911,23031,York
04001,23031,York
04002,23031,York
04003,23005,Cumberland
04004,23031,York
04005,23031,York
04006,23031,York
04007,23031,York
04008,23023,Sagadahoc
04009,23005,Cumberland
04010,23017,Oxford
04011,23005,Cumberland
04013,23005,Cumberland
04014,23031,York
04015,23005,Cumberland
04016,23017,Oxford
04017,23005,Cumberland
04019,23005,Cumberland
04020,23031,York
04021,23005,Cumberland
04022,23017,Oxford
04024,23005,Cumberland
04027,23031,York
04028,23031,York
04029,23005,Cumberland
04030,23031,York
04032,23005,Cumberland
04033,23005,Cumberland
04034,23005,Cumberland
04037,23017,Oxford
04038,23005,Cumberland
04039,23005,Cumberland
04040,23005,Cumberland
04041,23017,Oxford
04042,23031,York
04043,23031,York
04046,23031,York
04047,23031,York
04048,23031,York
04049,23031,York
04050,23005,Cumberland
04051,23017,Oxford
04054,23031,York
04055,23005,Cumberland
04056,23031,York
04057,23005,Cumberland
04061,23031,York
04062,23005,Cumberland
04063,23031,York
04064,23031,York
04066,23005,Cumberland
04068,23017,Oxford
04069,23005,Cumberland
04070,23005,Cumberland
04071,23005,Cumberland
04072,23031,York
04073,23031,York
04074,23005,Cumberland
04076,23031,York
04077,23005,Cumberland
04078,23005,Cumberland
04079,23005,Cumberland
04082,23005,Cumberland
04083,23031,York
04084,23005,Cumberland
04085,23005,Cumberland
04086,23023,Sagadahoc
04087,23031,York
04088,23017,Oxford
04090,23031,York
04091,23005,Cumberland
04092,23005,Cumberland
04093,23031,York
04094,23031,York
04095,23031,York
04096,23005,Cumberland
04097,23005,Cumberland
04098,23005,Cumberland
04101,23005,Cumberland
04102,23005,Cumberland
04103,23005,Cumberland
04104,23005,Cumberland
04105,23005,Cumberland
04106,23005,Cumberland
04107,23005,Cumberland
04108,23005,Cumberland
04109,23005,Cumberland
04110,23005,Cumberland
04112,23005,Cumberland
04116,23005,Cumberland
04122,23005,Cumberland
04123,23005,Cumberland
04124,23005,Cumberland
04210,23001,Androscoggin
04211,23001,Androscoggin
04212,23001,Androscoggin
04216,23017,Oxford
04217,23017,Oxford
04219,23017,Oxford
04220,23017,Oxford
04221,23017,Oxford
04222,23001,Androscoggin
04223,23001,Androscoggin
04224,23017,Oxford
04225,23007,Franklin
04226,23017,Oxford
04227,23017,Oxford
04228,23001,Androscoggin
04230,23001,Androscoggin
04231,23017,Oxford
04234,23007,Franklin
04236,23001,Androscoggin
04237,23017,Oxford
04238,23017,Oxford
04239,23007,Franklin
04240,23001,Androscoggin
04241,23001,Androscoggin
04243,23001,Androscoggin
04250,23001,Androscoggin
04252,23001,Androscoggin
04253,23001,Androscoggin
04254,23001,Androscoggin
04255,23017,Oxford
04256,23001,Androscoggin
04257,23017,Oxford
04258,23001,Androscoggin
04259,23011,Kennebec
04260,23005,Cumberland
04261,23017,Oxford
04262,23007,Franklin
04263,23001,Androscoggin
04265,23011,Kennebec
04266,23001,Androscoggin
04267,23017,Oxford
04268,23017,Oxford
04270,23017,Oxford
04271,23017,Oxford
04274,23001,Androscoggin
04275,23017,Oxford
04276,23017,Oxford
04280,23001,Androscoggin
04281,23017,Oxford
04282,23001,Androscoggin
04284,23011,Kennebec
04285,23007,Franklin
04286,23017,Oxford
04287,23023,Sagadahoc
04288,23001,Androscoggin
04289,23017,Oxford
04290,23017,Oxford
04291,23001,Androscoggin
04292,23017,Oxford
04294,23007,Franklin
04330,23011,Kennebec
04332,23011,Kennebec
04333,23011,Kennebec
04336,23011,Kennebec
04338,23011,Kennebec
04341,23015,Lincoln
04342,23015,Lincoln
04343,23011,Kennebec
04344,23011,Kennebec
04345,23011,Kennebec
04346,23011,Kennebec
04347,23011,Kennebec
04348,23015,Lincoln
04349,23011,Kennebec
04350,23011,Kennebec
04351,23011,Kennebec
04352,23011,Kennebec
04353,23015,Lincoln
04354,23027,Waldo
04355,23011,Kennebec
04357,23023,Sagadahoc
04358,23011,Kennebec
04359,23011,Kennebec
04360,23011,Kennebec
04363,23011,Kennebec
04364,23011,Kennebec
04401,23019,Penobscot
04402,23019,Penobscot
04406,23021,Piscataquis
04408,23009,Hancock
04410,23019,Penobscot
04411,23019,Penobscot
04412,23019,Penobscot
04413,23029,Washington
04414,23021,Piscataquis
04415,23021,Piscataquis
04416,23009,Hancock
04417,23019,Penobscot
04418,23019,Penobscot
04419,23019,Penobscot
04420,23009,Hancock
04421,23009,Hancock
04422,23019,Penobscot
04424,23029,Washington
04426,23021,Piscataquis
04427,23019,Penobscot
04428,23019,Penobscot
04429,23009,Hancock
04430,23019,Penobscot
04431,23009,Hancock
04434,23019,Penobscot
04435,23019,Penobscot
04438,23027,Waldo
04441,23021,Piscataquis
04442,23021,Piscataquis
04443,23021,Piscataquis
04444,23019,Penobscot
04448,23019,Penobscot
04449,23019,Penobscot
04450,23019,Penobscot
04451,23003,Aroostook
04453,23019,Penobscot
04454,23029,Washington
04455,23019,Penobscot
04456,23019,Penobscot
04457,23019,Penobscot
04459,23003,Aroostook
04460,23019,Penobscot
04461,23019,Penobscot
04462,23021,Piscataquis
04463,23021,Piscataquis
04464,23021,Piscataquis
04468,23019,Penobscot
04469,23019,Penobscot
04471,23003,Aroostook
04472,23009,Hancock
04473,23019,Penobscot
04474,23019,Penobscot
04475,23019,Penobscot
04476,23009,Hancock
04478,23025,Somerset
04479,23021,Piscataquis
04481,23021,Piscataquis
04485,23021,Piscataquis
04487,23019,Penobscot
04488,23019,Penobscot
04489,23019,Penobscot
04490,23029,Washington
04491,23029,Washington
04492,23029,Washington
04493,23019,Penobscot
04495,23019,Penobscot
04496,23027,Waldo
04497,23003,Aroostook
04530,23023,Sagadahoc
04535,23015,Lincoln
04537,23015,Lincoln
04538,23015,Lincoln
04539,23015,Lincoln
04541,23015,Lincoln
04543,23015,Lincoln
04544,23015,Lincoln
04547,23013,Knox
04548,23023,Sagadahoc
04549,23015,Lincoln
04551,23015,Lincoln
04553,23015,Lincoln
04554,23015,Lincoln
04555,23015,Lincoln
04556,23015,Lincoln
04558,23015,Lincoln
04562,23023,Sagadahoc
04563,23013,Knox
04564,23015,Lincoln
04565,23023,Sagadahoc
04568,23015,Lincoln
04570,23015,Lincoln
04571,23015,Lincoln
04572,23015,Lincoln
04573,23015,Lincoln
04574,23013,Knox
04575,23015,Lincoln
04576,23015,Lincoln
04578,23015,Lincoln
04579,23023,Sagadahoc
04605,23009,Hancock
04606,23029,Washington
04607,23009,Hancock
04609,23009,Hancock
04611,23029,Washington
04612,23009,Hancock
04613,23009,Hancock
04614,23009,Hancock
04616,23009,Hancock
04617,23009,Hancock
04619,23029,Washington
04622,23029,Washington
04623,23029,Washington
04624,23009,Hancock
04625,23009,Hancock
04626,23029,Washington
04627,23009,Hancock
04628,23029,Washington
04629,23009,Hancock
04630,23029,Washington
04631,23029,Washington
04634,23009,Hancock
04635,23009,Hancock
04637,23029,Washington
04640,23009,Hancock
04642,23009,Hancock
04643,23029,Washington
04644,23009,Hancock
04645,23013,Knox
04646,23009,Hancock
04648,23029,Washington
04649,23029,Washington
04650,23009,Hancock
04652,23029,Washington
04653,23009,Hancock
04654,23029,Washington
04655,23029,Washington
04657,23029,Washington
04658,23029,Washington
04660,23009,Hancock
04662,23009,Hancock
04664,23009,Hancock
04666,23029,Washington
04667,23029,Washington
04668,23029,Washington
04669,23009,Hancock
04671,23029,Washington
04672,23009,Hancock
04673,23009,Hancock
04674,23009,Hancock
04675,23009,Hancock
04676,23009,Hancock
04677,23009,Hancock
04679,23009,Hancock
04680,23029,Washington
04681,23009,Hancock
04683,23009,Hancock
04684,23009,Hancock
04685,23009,Hancock
04686,23029,Washington
04691,23029,Washington
04693,23009,Hancock
04694,23029,Washington
04730,23003,Aroostook
04732,23003,Aroostook
04733,23003,Aroostook
04734,23003,Aroostook
04735,23003,Aroostook
04736,23003,Aroostook
04737,23003,Aroostook
04738,23003,Aroostook
04739,23003,Aroostook
04740,23003,Aroostook
04741,23003,Aroostook
04742,23003,Aroostook
04743,23003,Aroostook
04744,23003,Aroostook
04745,23003,Aroostook
04746,23003,Aroostook
04747,23003,Aroostook
04750,23003,Aroostook
04751,23003,Aroostook
04756,23003,Aroostook
04757,23003,Aroostook
04758,23003,Aroostook
04760,23003,Aroostook
04761,23003,Aroostook
04762,23003,Aroostook
04763,23003,Aroostook
04764,23003,Aroostook
04765,23019,Penobscot
04766,23003,Aroostook
04768,23003,Aroostook
04769,23003,Aroostook
04772,23003,Aroostook
04773,23003,Aroostook
04774,23003,Aroostook
04775,23003,Aroostook
04776,23003,Aroostook
04777,23019,Penobscot
04779,23003,Aroostook
04780,23003,Aroostook
04781,23003,Aroostook
04783,23003,Aroostook
04785,23003,Aroostook
04786,23003,Aroostook
04787,23003,Aroostook
04841,23013,Knox
04843,23013,Knox
04847,23013,Knox
04848,23027,Waldo
04849,23027,Waldo
04850,23027,Waldo
04851,23013,Knox
04852,23015,Lincoln
04853,23013,Knox
04854,23013,Knox
04855,23013,Knox
04856,23013,Knox
04858,23013,Knox
04859,23013,Knox
04860,23013,Knox
04861,23013,Knox
04862,23013,Knox
04863,23013,Knox
04864,23013,Knox
04865,23013,Knox
04901,23011,Kennebec
04903,23011,Kennebec
04910,23011,Kennebec
04911,23025,Somerset
04912,23025,Somerset
04915,23027,Waldo
04917,23011,Kennebec
04918,23011,Kennebec
04920,23025,Somerset
04921,23027,Waldo
04922,23027,Waldo
04923,23025,Somerset
04924,23025,Somerset
04925,23025,Somerset
04926,23011,Kennebec
04927,23011,Kennebec
04928,23019,Penobscot
04929,23025,Somerset
04930,23019,Penobscot
04932,23019,Penobscot
04933,23019,Penobscot
04935,23011,Kennebec
04936,23007,Franklin
04937,23025,Somerset
04938,23007,Franklin
04939,23019,Penobscot
04940,23007,Franklin
04941,23027,Waldo
04942,23025,Somerset
04943,23025,Somerset
04944,23025,Somerset
04945,23025,Somerset
04947,23007,Franklin
04949,23027,Waldo
04950,23025,Somerset
04951,23027,Waldo
04952,23027,Waldo
04953,23019,Penobscot
04954,23025,Somerset
04955,23007,Franklin
04956,23007,Franklin
04957,23025,Somerset
04958,23025,Somerset
04961,23025,Somerset
04962,23011,Kennebec
04963,23011,Kennebec
04964,23017,Oxford
04965,23025,Somerset
04966,23007,Franklin
04967,23025,Somerset
04969,23019,Penobscot
04970,23007,Franklin
04971,23025,Somerset
04972,23027,Waldo
04973,23027,Waldo
04974,23027,Waldo
04975,23025,Somerset
04976,23025,Somerset
04978,23025,Somerset
04979,23025,Somerset
04981,23027,Waldo
04982,23007,Franklin
04983,23007,Franklin
04984,23007,Franklin
04985,23025,Somerset
04986,23027,Waldo
04987,23027,Waldo
04988,23027,Waldo
04989,23011,Kennebec
04992,23007,Franklin
05001,50027,Windsor
05009,50027,Windsor
05030,50027,Windsor
05031,50027,Windsor
05032,50027,Windsor
05033,50017,Orange
05034,50027,Windsor
05035,50027,Windsor
05036,50017,Orange
05037,50027,Windsor
05038,50017,Orange
05039,50017,Orange
05040,50017,Orange
05041,50017,Orange
05042,50005,Caledonia
05043,50017,Orange
05045,50017,Orange
05046,50005,Caledonia
05047,50027,Windsor
05048,50027,Windsor
05049,50027,Windsor
05050,50005,Caledonia
05051,50017,Orange
05052,50027,Windsor
05053,50027,Windsor
05054,50017,Orange
05055,50027,Windsor
05056,50027,Windsor
05058,50017,Orange
05059,50027,Windsor
05060,50017,Orange
05061,50017,Orange
05062,50027,Windsor
05065,50027,Windsor
05067,50027,Windsor
05068,50027,Windsor
05069,50017,Orange
05070,50017,Orange
05071,50027,Windsor
05072,50017,Orange
05073,50027,Windsor
05074,50017,Orange
05075,50017,Orange
05076,50017,Orange
05077,50017,Orange
05079,50017,Orange
05081,50017,Orange
05083,50017,Orange
05084,50027,Windsor
05085,50017,Orange
05086,50017,Orange
05088,50027,Windsor
05089,50027,Windsor
05091,50027,Windsor
05101,50025,Windham
05141,50025,Windham
05142,50027,Windsor
05143,50027,Windsor
05146,50025,Windham
05148,50025,Windham
05149,50027,Windsor
05150,50027,Windsor
05151,50027,Windsor
05152,50003,Bennington
05153,50027,Windsor
05154,50025,Windham
05155,50025,Windham
05156,50027,Windsor
05158,50025,Windham
05159,50025,Windham
05161,50027,Windsor
05201,50003,Bennington
05250,50003,Bennington
05251,50003,Bennington
05252,50003,Bennington
05253,50003,Bennington
05254,50003,Bennington
05255,50003,Bennington
05257,50003,Bennington
05260,50003,Bennington
05261,50003,Bennington
05262,50003,Bennington
05301,50025,Windham
05302,50025,Windham
05303,50025,Windham
05304,50025,Windham
05340,50003,Bennington
05341,50025,Windham
05342,50025,Windham
05343,50025,Windham
05344,50025,Windham
05345,50025,Windham
05346,50025,Windham
05350,50003,Bennington
05351,50025,Windham
05352,50003,Bennington
05353,50025,Windham
05354,50025,Windham
05355,50025,Windham
05356,50025,Windham
05357,50025,Windham
05358,50025,Windham
05359,50025,Windham
05360,50025,Windham
05361,50025,Windham
05362,50025,Windham
05363,50025,Windham
05401,50007,Chittenden
05402,50007,Chittenden
05403,50007,Chittenden
05404,50007,Chittenden
05405,50007,Chittenden
05406,50007,Chittenden
05407,50007,Chittenden
05408,50007,Chittenden
05439,50007,Chittenden
05440,50013,Grand Isle
05441,50011,Franklin
05442,50015,Lamoille
05443,50001,Addison
05444,50015,Lamoille
05445,50007,Chittenden
05446,50007,Chittenden
05447,50011,Franklin
05448,50011,Franklin
05449,50007,Chittenden
05450,50011,Franklin
05451,50007,Chittenden
05452,50007,Chittenden
05453,50007,Chittenden
05454,50011,Franklin
05455,50011,Franklin
05456,50001,Addison
05457,50011,Franklin
05458,50013,Grand Isle
05459,50011,Franklin
05460,50011,Franklin
05461,50007,Chittenden
05462,50007,Chittenden
05463,50013,Grand Isle
05464,50015,Lamoille
05465,50007,Chittenden
05466,50007,Chittenden
05468,50007,Chittenden
05469,50001,Addison
05470,50011,Franklin
05471,50011,Franklin
05472,50001,Addison
05473,50001,Addison
05474,50013,Grand Isle
05476,50011,Franklin
05477,50007,Chittenden
05478,50011,Franklin
05479,50011,Franklin
05481,50011,Franklin
05482,50007,Chittenden
05483,50011,Franklin
05485,50011,Franklin
05486,50013,Grand Isle
05487,50001,Addison
05488,50011,Franklin
05489,50007,Chittenden
05490,50007,Chittenden
05491,50001,Addison
05492,50015,Lamoille
05494,50007,Chittenden
05495,50007,Chittenden
05501,25009,Essex
05544,25009,Essex
05601,50023,Washington
05602,50023,Washington
05603,50023,Washington
05604,50023,Washington
05609,50023,Washington
05620,50023,Washington
05633,50023,Washington
05640,50023,Washington
05641,50023,Washington
05647,50023,Washington
05648,50023,Washington
05649,50017,Orange
05650,50023,Washington
05651,50023,Washington
05652,50015,Lamoille
05653,50015,Lamoille
05654,50017,Orange
05655,50015,Lamoille
05656,50015,Lamoille
05657,50015,Lamoille
05658,50023,Washington
05660,50023,Washington
05661,50015,Lamoille
05662,50015,Lamoille
05663,50023,Washington
05664,50023,Washington
05665,50015,Lamoille
05666,50023,Washington
05667,50023,Washington
05669,50023,Washington
05670,50023,Washington
05671,50023,Washington
05672,50015,Lamoille
05673,50023,Washington
05674,50023,Washington
05675,50017,Orange
05676,50023,Washington
05677,50023,Washington
05678,50023,Washington
05679,50017,Orange
05680,50015,Lamoille
05681,50023,Washington
05682,50023,Washington
05701,50021,Rutland
05702,50021,Rutland
05730,50021,Rutland
05731,50021,Rutland
05732,50021,Rutland
05733,50021,Rutland
05734,50001,Addison
05735,50021,Rutland
05736,50021,Rutland
05737,50021,Rutland
05738,50021,Rutland
05739,50021,Rutland
05740,50001,Addison
05741,50021,Rutland
05742,50021,Rutland
05743,50021,Rutland
05744,50021,Rutland
05745,50021,Rutland
05746,50027,Windsor
05747,50001,Addison
05748,50001,Addison
05750,50021,Rutland
05751,50021,Rutland
05753,50001,Addison
05757,50021,Rutland
05758,50021,Rutland
05759,50021,Rutland
05760,50001,Addison
05761,50021,Rutland
05762,50021,Rutland
05763,50021,Rutland
05764,50021,Rutland
05765,50021,Rutland
05766,50001,Addison
05767,50027,Windsor
05768,50003,Bennington
05769,50001,Addison
05770,50001,Addison
05772,50027,Windsor
05773,50021,Rutland
05774,50021,Rutland
05775,50021,Rutland
05776,50003,Bennington
05777,50021,Rutland
05778,50001,Addison
05819,50005,Caledonia
05820,50019,Orleans
05821,50005,Caledonia
05822,50019,Orleans
05823,50019,Orleans
05824,50009,Essex
05825,50019,Orleans
05826,50019,Orleans
05827,50019,Orleans
05828,50005,Caledonia
05829,50019,Orleans
05830,50019,Orleans
05832,50005,Caledonia
05833,50019,Orleans
05836,50005,Caledonia
05837,50009,Essex
05838,50005,Caledonia
05839,50019,Orleans
05840,50009,Essex
05841,50019,Orleans
05842,50019,Orleans
05843,50005,Caledonia
05845,50019,Orleans
05846,50009,Essex
05847,50019,Orleans
05848,50005,Caledonia
05849,50005,Caledonia
05850,50005,Caledonia
05851,50005,Caledonia
05853,50019,Orleans
05855,50019,Orleans
05857,50019,Orleans
05858,50009,Essex
05859,50019,Orleans
05860,50019,Orleans
05861,50005,Caledonia
05862,50005,Caledonia
05863,50005,Caledonia
05866,50005,Caledonia
05867,50005,Caledonia
05868,50019,Orleans
05871,50005,Caledonia
05872,50019,Orleans
05873,50005,Caledonia
05874,50019,Orleans
05875,50019,Orleans
05901,50009,Essex
05902,50009,Essex
05903,50009,Essex
05904,50009,Essex
05905,50009,Essex
05906,50009,Essex
05907,50009,Essex
06001,09110,Capitol
06002,09110,Capitol
06006,09110,Capitol
06010,09140,Naugatuck Valley
06011,09140,Naugatuck Valley
06013,09160,Northwest Hills
06016,09110,Capitol
06018,09160,Northwest Hills
06019,09110,Capitol
06020,09110,Capitol
06021,09160,Northwest Hills
06022,09110,Capitol
06023,09110,Capitol
06024,09160,Northwest Hills
06025,09110,Capitol
06026,09110,Capitol
06027,09160,Northwest Hills
06028,09110,Capitol
06029,09110,Capitol
06030,09110,Capitol
06031,09160,Northwest Hills
06032,09110,Capitol
06033,09110,Capitol
06034,09110,Capitol
06035,09110,Capitol
06037,09110,Capitol
06039,09160,Northwest Hills
06040,09110,Capitol
06041,09110,Capitol
06042,09110,Capitol
06043,09110,Capitol
06045,09110,Capitol
06050,09110,Capitol
06051,09110,Capitol
06052,09110,Capitol
06053,09110,Capitol
06057,09160,Northwest Hills
06058,09160,Northwest Hills
06059,09110,Capitol
06060,09110,Capitol
06061,09160,Northwest Hills
06062,09110,Capitol
06063,09160,Northwest Hills
06064,09110,Capitol
06065,09160,Northwest Hills
06066,09110,Capitol
06067,09110,Capitol
06068,09160,Northwest Hills
06069,09160,Northwest Hills
06070,09110,Capitol
06071,09110,Capitol
06072,09110,Capitol
06073,09110,Capitol
06074,09110,Capitol
06075,09110,Capitol
06076,09110,Capitol
06077,09110,Capitol
06078,09110,Capitol
06079,09160,Northwest Hills
06080,09110,Capitol
06081,09110,Capitol
06082,09110,Capitol
06083,09110,Capitol
06084,09110,Capitol
06085,09110,Capitol
06087,09110,Capitol
06088,09110,Capitol
06089,09110,Capitol
06090,09110,Capitol
06091,09160,Northwest Hills
06092,09110,Capitol
06093,09110,Capitol
06094,09160,Northwest Hills
06095,09110,Capitol
06096,09110,Capitol
06098,09160,Northwest Hills
06101,09110,Capitol
06102,09110,Capitol
06103,09110,Capitol
06104,09110,Capitol
06105,09110,Capitol
06106,09110,Capitol
06107,09110,Capitol
06108,09110,Capitol
06109,09110,Capitol
06110,09110,Capitol
06111,09110,Capitol
06112,09110,Capitol
06114,09110,Capitol
06115,09110,Capitol
06117,09110,Capitol
06118,09110,Capitol
06119,09110,Capitol
06120,09110,Capitol
06123,09110,Capitol
06126,09110,Capitol
06127,09110,Capitol
06128,09110,Capitol
06129,09110,Capitol
06131,09110,Capitol
06132,09110,Capitol
06133,09110,Capitol
06134,09110,Capitol
06137,09110,Capitol
06138,09110,Capitol
06140,09110,Capitol
06141,09110,Capitol
06142,09110,Capitol
06143,09110,Capitol
06144,09110,Capitol
06145,09110,Capitol
06146,09110,Capitol
06147,09110,Capitol
06150,09110,Capitol
06151,09110,Capitol
06152,09110,Capitol
06153,09110,Capitol
06154,09110,Capitol
06155,09110,Capitol
06156,09110,Capitol
06160,09110,Capitol
06161,09110,Capitol
06167,09110,Capitol
06176,09110,Capitol
06180,09110,Capitol
06183,09110,Capitol
06199,09110,Capitol
06226,09180,Southeastern Connecticut
06230,09150,Northeastern Connecticut
06231,09110,Capitol
06232,09110,Capitol
06233,09150,Northeastern Connecticut
06234,09150,Northeastern Connecticut
06235,09150,Northeastern Connecticut
06237,09110,Capitol
06238,09110,Capitol
06239,09150,Northeastern Connecticut
06241,09150,Northeastern Connecticut
06242,09150,Northeastern Connecticut
06243,09150,Northeastern Connecticut
06244,09150,Northeastern Connecticut
06245,09150,Northeastern Connecticut
06246,09150,Northeastern Connecticut
06247,09150,Northeastern Connecticut
06248,09110,Capitol
06249,09180,Southeastern Connecticut
06250,09110,Capitol
06251,09110,Capitol
06254,09180,Southeastern Connecticut
06255,09150,Northeastern Connecticut
06256,09180,Southeastern Connecticut
06258,09150,Northeastern Connecticut
06259,09150,Northeastern Connecticut
06260,09150,Northeastern Connecticut
06262,09150,Northeastern Connecticut
06263,09150,Northeastern Connecticut
06264,09150,Northeastern Connecticut
06265,09110,Capitol
06266,09180,Southeastern Connecticut
06267,09150,Northeastern Connecticut
06268,09110,Capitol
06269,09110,Capitol
06277,09150,Northeastern Connecticut
06278,09150,Northeastern Connecticut
06279,09110,Capitol
06280,09180,Southeastern Connecticut
06281,09150,Northeastern Connecticut
06282,09150,Northeastern Connecticut
06320,09180,Southeastern Connecticut
06330,09180,Southeastern Connecticut
06331,09150,Northeastern Connecticut
06332,09150,Northeastern Connecticut
06333,09180,Southeastern Connecticut
06334,09180,Southeastern Connecticut
06335,09180,Southeastern Connecticut
06336,09180,Southeastern Connecticut
06338,09180,Southeastern Connecticut
06339,09180,Southeastern Connecticut
06340,09180,Southeastern Connecticut
06349,09180,Southeastern Connecticut
06350,09180,Southeastern Connecticut
06351,09180,Southeastern Connecticut
06353,09180,Southeastern Connecticut
06354,09150,Northeastern Connecticut
06355,09180,Southeastern Connecticut
06357,09180,Southeastern Connecticut
06359,09180,Southeastern Connecticut
06360,09180,Southeastern Connecticut
06365,09180,Southeastern Connecticut
06370,09180,Southeastern Connecticut
06371,09130,Lower Connecticut River Valley
06372,09180,Southeastern Connecticut
06373,09150,Northeastern Connecticut
06374,09150,Northeastern Connecticut
06375,09180,Southeastern Connecticut
06376,09130,Lower Connecticut River Valley
06377,09150,Northeastern Connecticut
06378,09180,Southeastern Connecticut
06379,09180,Southeastern Connecticut
06380,09180,Southeastern Connecticut
06382,09180,Southeastern Connecticut
06383,09180,Southeastern Connecticut
06384,09150,Northeastern Connecticut
06385,09180,Southeastern Connecticut
06387,09150,Northeastern Connecticut
06388,09180,Southeastern Connecticut
06389,09180,Southeastern Connecticut
06390,36103,Suffolk
06401,09140,Naugatuck Valley
06403,09140,Naugatuck Valley
06404,09190,Western Connecticut
06405,09170,South Central Connecticut
06408,09140,Naugatuck Valley
06409,09130,Lower Connecticut River Valley
06410,09140,Naugatuck Valley
06411,09140,Naugatuck Valley
06412,09130,Lower Connecticut River Valley
06413,09130,Lower Connecticut River Valley
06414,09130,Lower Connecticut River Valley
06415,09180,Southeastern Connecticut
06416,09130,Lower Connecticut River Valley
06417,09130,Lower Connecticut River Valley
06418,09140,Naugatuck Valley
06419,09130,Lower Connecticut River Valley
06420,09180,Southeastern Connecticut
06422,09130,Lower Connecticut River Valley
06423,09130,Lower Connecticut River Valley
06424,09130,Lower Connecticut River Valley
06426,09130,Lower Connecticut River Valley
06437,09170,South Central Connecticut
06438,09130,Lower Connecticut River Valley
06439,09130,Lower Connecticut River Valley
06440,09190,Western Connecticut
06441,09130,Lower Connecticut River Valley
06442,09130,Lower Connecticut River Valley
06443,09170,South Central Connecticut
06444,09110,Capitol
06447,09110,Capitol
06450,09170,South Central Connecticut
06451,09170,South Central Connecticut
06455,09130,Lower Connecticut River Valley
06456,09130,Lower Connecticut River Valley
06457,09130,Lower Connecticut River Valley
06459,09130,Lower Connecticut River Valley
06460,09170,South Central Connecticut
06461,09170,South Central Connecticut
06467,09110,Capitol
06468,09120,Greater Bridgeport
06469,09130,Lower Connecticut River Valley
06470,09190,Western Connecticut
06471,09170,South Central Connecticut
06472,09170,South Central Connecticut
06473,09170,South Central Connecticut
06474,09180,Southeastern Connecticut
06475,09130,Lower Connecticut River Valley
06477,09170,South Central Connecticut
06478,09140,Naugatuck Valley
06479,09110,Capitol
06480,09130,Lower Connecticut River Valley
06481,09130,Lower Connecticut River Valley
06482,09190,Western Connecticut
06483,09140,Naugatuck Valley
06484,09140,Naugatuck Valley
06487,09140,Naugatuck Valley
06488,09140,Naugatuck Valley
06489,09110,Capitol
06491,09120,Greater Bridgeport
06492,09170,South Central Connecticut
06493,09170,South Central Connecticut
06494,09170,South Central Connecticut
06495,09170,South Central Connecticut
06498,09130,Lower Connecticut River Valley
06501,09170,South Central Connecticut
06502,09170,South Central Connecticut
06503,09170,South Central Connecticut
06504,09170,South Central Connecticut
06505,09170,South Central Connecticut
06506,09170,South Central Connecticut
06507,09170,South Central Connecticut
06508,09170,South Central Connecticut
06509,09170,South Central Connecticut
06510,09170,South Central Connecticut
06511,09170,South Central Connecticut
06512,09170,South Central Connecticut
06513,09170,South Central Connecticut
06514,09170,South Central Connecticut
06515,09170,South Central Connecticut
06516,09170,South Central Connecticut
06517,09170,South Central Connecticut
06518,09170,South Central Connecticut
06519,09170,South Central Connecticut
06520,09170,South Central Connecticut
06521,09170,South Central Connecticut
06524,09170,South Central Connecticut
06525,09170,South Central Connecticut
06530,09170,South Central Connecticut
06531,09170,South Central Connecticut
06532,09170,South Central Connecticut
06533,09170,South Central Connecticut
06534,09170,South Central Connecticut
06535,09170,South Central Connecticut
06536,09170,South Central Connecticut
06537,09170,South Central Connecticut
06538,09170,South Central Connecticut
06540,09170,South Central Connecticut
06601,09120,Greater Bridgeport
06602,09120,Greater Bridgeport
06604,09120,Greater Bridgeport
06605,09120,Greater Bridgeport
06606,09120,Greater Bridgeport
06607,09120,Greater Bridgeport
06608,09120,Greater Bridgeport
06610,09120,Greater Bridgeport
06611,09120,Greater Bridgeport
06612,09120,Greater Bridgeport
06614,09120,Greater Bridgeport
06615,09120,Greater Bridgeport
06673,09120,Greater Bridgeport
06699,09120,Greater Bridgeport
06701,09140,Naugatuck Valley
06702,09140,Naugatuck Valley
06703,09140,Naugatuck Valley
06704,09140,Naugatuck Valley
06705,09140,Naugatuck Valley
06706,09140,Naugatuck Valley
06708,09140,Naugatuck Valley
06710,09140,Naugatuck Valley
06712,09140,Naugatuck Valley
06716,09140,Naugatuck Valley
06720,09140,Naugatuck Valley
06721,09140,Naugatuck Valley
06722,09140,Naugatuck Valley
06723,09140,Naugatuck Valley
06724,09140,Naugatuck Valley
06725,09140,Naugatuck Valley
06726,09140,Naugatuck Valley
06749,09140,Naugatuck Valley
06750,09160,Northwest Hills
06751,09140,Naugatuck Valley
06752,09190,Western Connecticut
06753,09160,Northwest Hills
06754,09160,Northwest Hills
06755,09190,Western Connecticut
06756,09160,Northwest Hills
06757,09160,Northwest Hills
06758,09160,Northwest Hills
06759,09160,Northwest Hills
06762,09140,Naugatuck Valley
06763,09160,Northwest Hills
06770,09140,Naugatuck Valley
06776,09190,Western Connecticut
06777,09160,Northwest Hills
06778,09160,Northwest Hills
06779,09140,Naugatuck Valley
06781,09140,Naugatuck Valley
06782,09140,Naugatuck Valley
06783,09160,Northwest Hills
06784,09190,Western Connecticut
06785,09160,Northwest Hills
06786,09140,Naugatuck Valley
06787,09140,Naugatuck Valley
06790,09160,Northwest Hills
06791,09160,Northwest Hills
06792,09160,Northwest Hills
06793,09160,Northwest Hills
06794,09160,Northwest Hills
06795,09140,Naugatuck Valley
06796,09160,Northwest Hills
06798,09140,Naugatuck Valley
06801,09190,Western Connecticut
06804,09190,Western Connecticut
06807,09190,Western Connecticut
06810,09190,Western Connecticut
06811,09190,Western Connecticut
06812,09190,Western Connecticut
06813,09190,Western Connecticut
06814,09190,Western Connecticut
06816,09190,Western Connecticut
06817,09190,Western Connecticut
06820,09190,Western Connecticut
06824,09120,Greater Bridgeport
06825,09120,Greater Bridgeport
06828,09120,Greater Bridgeport
06829,09190,Western Connecticut
06830,09190,Western Connecticut
06831,09190,Western Connecticut
06836,09190,Western Connecticut
06838,09190,Western Connecticut
06840,09190,Western Connecticut
06850,09190,Western Connecticut
06851,09190,Western Connecticut
06852,09190,Western Connecticut
06853,09190,Western Connecticut
06854,09190,Western Connecticut
06855,09190,Western Connecticut
06856,09190,Western Connecticut
06857,09190,Western Connecticut
06858,09190,Western Connecticut
06860,09190,Western Connecticut
06870,09190,Western Connecticut
06876,09190,Western Connecticut
06877,09190,Western Connecticut
06878,09190,Western Connecticut
06879,09190,Western Connecticut
06880,09190,Western Connecticut
06881,09190,Western Connecticut
06883,09190,Western Connecticut
06888,09190,Western Connecticut
06889,09190,Western Connecticut
06890,09120,Greater Bridgeport
06896,09190,Western Connecticut
06897,09190,Western Connecticut
06901,09190,Western Connecticut
06902,09190,Western Connecticut
06903,09190,Western Connecticut
06904,09190,Western Connecticut
06905,09190,Western Connecticut
06906,09190,Western Connecticut
06907,09190,Western Connecticut
06910,09190,Western Connecticut
06911,09190,Western Connecticut
06912,09190,Western Connecticut
06913,09190,Western Connecticut
06914,09190,Western Connecticut
06920,09190,Western Connecticut
06921,09190,Western Connecticut
06922,09190,Western Connecticut
06926,09190,Western Connecticut
06927,09190,Western Connecticut
07001,34023,Middlesex
07002,34017,Hudson
07003,34013,Essex
07004,34013,Essex
07005,34027,Morris
07006,34013,Essex
07007,34013,Essex
07008,34023,Middlesex
07009,34013,Essex
07010,34003,Bergen
07011,34031,Passaic
07012,34031,Passaic
07013,34031,Passaic
07014,34031,Passaic
07015,34031,Passaic
07016,34039,Union
07017,34013,Essex
07018,34013,Essex
07019,34013,Essex
07020,34003,Bergen
07021,34013,Essex
07022,34003,Bergen
07023,34039,Union
07024,34003,Bergen
07026,34003,Bergen
07027,34039,Union
07028,34013,Essex
07029,34017,Hudson
07030,34017,Hudson
07031,34003,Bergen
07032,34017,Hudson
07033,34039,Union
07034,34027,Morris
07035,34027,Morris
07036,34039,Union
07039,34013,Essex
07040,34013,Essex
07041,34013,Essex
07042,34013,Essex
07043,34013,Essex
07044,34013,Essex
07045,34027,Morris
07046,34027,Morris
07047,34017,Hudson
07050,34013,Essex
07051,34013,Essex
07052,34013,Essex
07054,34027,Morris
07055,34031,Passaic
07057,34003,Bergen
07058,34027,Morris
07059,34035,Somerset
07060,34039,Union
07061,34039,Union
07062,34039,Union
07063,34039,Union
07064,34023,Middlesex
07065,34039,Union
07066,34039,Union
07067,34023,Middlesex
07068,34013,Essex
07069,34035,Somerset
07070,34003,Bergen
07071,34003,Bergen
07072,34003,Bergen
07073,34003,Bergen
07074,34003,Bergen
07075,34003,Bergen
07076,34039,Union
07077,34023,Middlesex
07078,34013,Essex
07079,34013,Essex
07080,34023,Middlesex
07081,34039,Union
07082,34027,Morris
07083,34039,Union
07086,34017,Hudson
07087,34017,Hudson
07088,34039,Union
07090,34039,Union
07091,34039,Union
07092,34039,Union
07093,34017,Hudson
07094,34017,Hudson
07095,34023,Middlesex
07096,34017,Hudson
07097,34017,Hudson
07099,34017,Hudson
07101,34013,Essex
07102,34013,Essex
07103,34013,Essex
07104,34013,Essex
07105,34013,Essex
07106,34013,Essex
07107,34013,Essex
07108,34013,Essex
07109,34013,Essex
07110,34013,Essex
07111,34013,Essex
07112,34013,Essex
07114,34013,Essex
07175,34013,Essex
07184,34013,Essex
07188,34013,Essex
07189,34013,Essex
07191,34013,Essex
07192,34013,Essex
07193,34013,Essex
07195,34013,Essex
07198,34013,Essex
07199,34013,Essex
07201,34039,Union
07202,34039,Union
07203,34039,Union
07204,34039,Union
07205,34039,Union
07206,34039,Union
07207,34039,Union
07208,34039,Union
07302,34017,Hudson
07303,34017,Hudson
07304,34017,Hudson
07305,34017,Hudson
07306,34017,Hudson
07307,34017,Hudson
07308,34017,Hudson
07310,34017,Hudson
07311,34017,Hudson
07395,34017,Hudson
07399,34017,Hudson
07401,34003,Bergen
07403,34031,Passaic
07405,34027,Morris
07407,34003,Bergen
07410,34003,Bergen
07416,34037,Sussex
07417,34003,Bergen
07418,34037,Sussex
07419,34037,Sussex
07420,34031,Passaic
07421,34031,Passaic
07422,34037,Sussex
07423,34003,Bergen
07424,34031,Passaic
07428,34037,Sussex
07430,34003,Bergen
07432,34003,Bergen
07435,34031,Passaic
07436,34003,Bergen
07438,34027,Morris
07439,34037,Sussex
07440,34027,Morris
07442,34031,Passaic
07444,34027,Morris
07446,34003,Bergen
07450,34003,Bergen
07451,34003,Bergen
07452,34003,Bergen
07456,34031,Passaic
07457,34027,Morris
07458,34003,Bergen
07460,34037,Sussex
07461,34037,Sussex
07462,34037,Sussex
07463,34003,Bergen
07465,34031,Passaic
07470,34031,Passaic
07474,34031,Passaic
07480,34031,Passaic
07481,34003,Bergen
07495,34003,Bergen
07501,34031,Passaic
07502,34031,Passaic
07503,34031,Passaic
07504,34031,Passaic
07505,34031,Passaic
07506,34031,Passaic
07507,34031,Passaic
07508,34031,Passaic
07509,34031,Passaic
07510,34031,Passaic
07511,34031,Passaic
07512,34031,Passaic
07513,34031,Passaic
07514,34031,Passaic
07522,34031,Passaic
07524,34031,Passaic
07533,34031,Passaic
07538,34031,Passaic
07543,34031,Passaic
07544,34031,Passaic
07601,34003,Bergen
07602,34003,Bergen
07603,34003,Bergen
07604,34003,Bergen
07605,34003,Bergen
07606,34003,Bergen
07607,34003,Bergen
07608,34003,Bergen
07620,34003,Bergen
07621,34003,Bergen
07624,34003,Bergen
07626,34003,Bergen
07627,34003,Bergen
07628,34003,Bergen
07630,34003,Bergen
07631,34003,Bergen
07632,34003,Bergen
07640,34003,Bergen
07641,34003,Bergen
07642,34003,Bergen
07643,34003,Bergen
07644,34003,Bergen
07645,34003,Bergen
07646,34003,Bergen
07647,34003,Bergen
07648,34003,Bergen
07649,34003,Bergen
07650,34003,Bergen
07652,34003,Bergen
07653,34003,Bergen
07656,34003,Bergen
07657,34003,Bergen
07660,34003,Bergen
07661,34003,Bergen
07662,34003,Bergen
07663,34003,Bergen
07666,34003,Bergen
07670,34003,Bergen
07675,34003,Bergen
07676,34003,Bergen
07677,34003,Bergen
07699,34003,Bergen
07701,34025,Monmouth
07702,34025,Monmouth
07703,34025,Monmouth
07704,34025,Monmouth
07710,34025,Monmouth
07711,34025,Monmouth
07712,34025,Monmouth
07715,34025,Monmouth
07716,34025,Monmouth
07717,34025,Monmouth
07718,34025,Monmouth
07719,34025,Monmouth
07720,34025,Monmouth
07721,34025,Monmouth
07722,34025,Monmouth
07723,34025,Monmouth
07724,34025,Monmouth
07726,34025,Monmouth
07727,34025,Monmouth
07728,34025,Monmouth
07730,34025,Monmouth
07731,34025,Monmouth
07732,34025,Monmouth
07733,34025,Monmouth
07734,34025,Monmouth
07735,34025,Monmouth
07737,34025,Monmouth
07738,34025,Monmouth
07739,34025,Monmouth
07740,34025,Monmouth
07746,34025,Monmouth
07747,34023,Middlesex
07748,34025,Monmouth
07750,34025,Monmouth
07751,34025,Monmouth
07752,34025,Monmouth
07753,34025,Monmouth
07754,34025,Monmouth
07755,34025,Monmouth
07756,34025,Monmouth
07757,34025,Monmouth
07758,34025,Monmouth
07760,34025,Monmouth
07762,34025,Monmouth
07763,34025,Monmouth
07764,34025,Monmouth
07765,34025,Monmouth
07799,34025,Monmouth
07801,34027,Morris
07802,34027,Morris
07803,34027,Morris
07806,34027,Morris
07820,34041,Warren
07821,34037,Sussex
07822,34037,Sussex
07823,34041,Warren
07825,34041,Warren
07826,34037,Sussex
07827,34037,Sussex
07828,34027,Morris
07829,34041,Warren
07830,34019,Hunterdon
07831,34041,Warren
07832,34041,Warren
07833,34041,Warren
07834,34027,Morris
07836,34027,Morris
07837,34037,Sussex
07838,34041,Warren
07839,34037,Sussex
07840,34041,Warren
07842,34027,Morris
07843,34037,Sussex
07844,34041,Warren
07845,34027,Morris
07846,34041,Warren
07847,34027,Morris
07848,34037,Sussex
07849,34027,Morris
07850,34027,Morris
07851,34037,Sussex
07852,34027,Morris
07853,34027,Morris
07855,34037,Sussex
07856,34027,Morris
07857,34027,Morris
07860,34037,Sussex
07863,34041,Warren
07865,34041,Warren
07866,34027,Morris
07869,34027,Morris
07870,34027,Morris
07871,34037,Sussex
07874,34037,Sussex
07875,34037,Sussex
07876,34027,Morris
07877,34037,Sussex
07878,34027,Morris
07879,34037,Sussex
07880,34041,Warren
07881,34037,Sussex
07882,34041,Warren
07885,34027,Morris
07890,34037,Sussex
07901,34039,Union
07902,34039,Union
07920,34035,Somerset
07921,34035,Somerset
07922,34039,Union
07924,34035,Somerset
07926,34027,Morris
07927,34027,Morris
07928,34027,Morris
07930,34027,Morris
07931,34035,Somerset
07932,34027,Morris
07933,34027,Morris
07934,34035,Somerset
07935,34027,Morris
07936,34027,Morris
07938,34035,Somerset
07939,34035,Somerset
07940,34027,Morris
07945,34027,Morris
07946,34027,Morris
07950,34027,Morris
07960,34027,Morris
07961,34027,Morris
07962,34027,Morris
07963,34027,Morris
07970,34027,Morris
07974,34039,Union
07976,34027,Morris
07977,34035,Somerset
07978,34035,Somerset
07979,34019,Hunterdon
07980,34027,Morris
07981,34027,Morris
07999,34027,Morris
08001,34033,Salem
08002,34007,Camden
08003,34007,Camden
08004,34007,Camden
08005,34029,Ocean
08006,34029,Ocean
08007,34007,Camden
08008,34029,Ocean
08009,34007,Camden
08010,34005,Burlington
08011,34005,Burlington
08012,34007,Camden
08014,34015,Gloucester
08015,34005,Burlington
08016,34005,Burlington
08018,34007,Camden
08019,34005,Burlington
08020,34015,Gloucester
08021,34007,Camden
08022,34005,Burlington
08023,34033,Salem
08025,34015,Gloucester
08026,34007,Camden
08027,34015,Gloucester
08028,34015,Gloucester
08029,34007,Camden
08030,34007,Camden
08031,34007,Camden
08032,34015,Gloucester
08033,34007,Camden
08034,34007,Camden
08035,34007,Camden
08036,34005,Burlington
08037,34001,Atlantic
08038,34033,Salem
08039,34015,Gloucester
08041,34005,Burlington
08042,34005,Burlington
08043,34007,Camden
08045,34007,Camden
08046,34005,Burlington
08048,34005,Burlington
08049,34007,Camden
08050,34029,Ocean
08051,34015,Gloucester
08052,34005,Burlington
08053,34005,Burlington
08054,34005,Burlington
08055,34005,Burlington
08056,34015,Gloucester
08057,34005,Burlington
08059,34007,Camden
08060,34005,Burlington
08061,34015,Gloucester
08062,34015,Gloucester
08063,34015,Gloucester
08064,34005,Burlington
08065,34005,Burlington
08066,34015,Gloucester
08067,34033,Salem
08068,34005,Burlington
08069,34033,Salem
08070,34033,Salem
08071,34015,Gloucester
08072,34033,Salem
08073,34005,Burlington
08074,34015,Gloucester
08075,34005,Burlington
08076,34005,Burlington
08077,34005,Burlington
08078,34007,Camden
08079,34033,Salem
08080,34015,Gloucester
08081,34007,Camden
08083,34007,Camden
08084,34007,Camden
08085,34015,Gloucester
08086,34015,Gloucester
08087,34029,Ocean
08088,34005,Burlington
08089,34007,Camden
08090,34015,Gloucester
08091,34007,Camden
08092,34029,Ocean
08093,34015,Gloucester
08094,34015,Gloucester
08095,34007,Camden
08096,34015,Gloucester
08097,34015,Gloucester
08098,34033,Salem
08099,34007,Camden
08101,34007,Camden
08102,34007,Camden
08103,34007,Camden
08104,34007,Camden
08105,34007,Camden
08106,34007,Camden
08107,34007,Camden
08108,34007,Camden
08109,34007,Camden
08110,34007,Camden
08201,34001,Atlantic
08202,34009,Cape May
08203,34001,Atlantic
08204,34009,Cape May
08205,34001,Atlantic
08210,34009,Cape May
08212,34009,Cape May
08213,34001,Atlantic
08214,34009,Cape May
08215,34001,Atlantic
08217,34001,Atlantic
08218,34009,Cape May
08219,34009,Cape May
08220,34001,Atlantic
08221,34001,Atlantic
08223,34009,Cape May
08224,34005,Burlington
08225,34001,Atlantic
08226,34009,Cape May
08230,34009,Cape May
08231,34001,Atlantic
08232,34001,Atlantic
08234,34001,Atlantic
08240,34001,Atlantic
08241,34001,Atlantic
08242,34009,Cape May
08243,34009,Cape May
08244,34001,Atlantic
08245,34009,Cape May
08246,34009,Cape May
08247,34009,Cape May
08248,34009,Cape May
08250,34009,Cape May
08251,34009,Cape May
08252,34009,Cape May
08260,34009,Cape May
08270,34009,Cape May
08302,34011,Cumberland
08310,34001,Atlantic
08311,34011,Cumberland
08312,34015,Gloucester
08313,34011,Cumberland
08314,34011,Cumberland
08315,34011,Cumberland
08316,34011,Cumberland
08317,34001,Atlantic
08318,34033,Salem
08319,34001,Atlantic
08320,34011,Cumberland
08321,34011,Cumberland
08322,34015,Gloucester
08323,34011,Cumberland
08324,34011,Cumberland
08326,34001,Atlantic
08327,34011,Cumberland
08328,34015,Gloucester
08329,34011,Cumberland
08330,34001,Atlantic
08332,34011,Cumberland
08340,34011,Cumberland
08341,34001,Atlantic
08342,34001,Atlantic
08343,34033,Salem
08344,34015,Gloucester
08345,34011,Cumberland
08346,34001,Atlantic
08347,34033,Salem
08348,34011,Cumberland
08349,34011,Cumberland
08350,34001,Atlantic
08352,34011,Cumberland
08353,34011,Cumberland
08360,34011,Cumberland
08361,34011,Cumberland
08362,34011,Cumberland
08401,34001,Atlantic
08402,34001,Atlantic
08403,34001,Atlantic
08404,34001,Atlantic
08405,34001,Atlantic
08406,34001,Atlantic
08501,34025,Monmouth
08502,34035,Somerset
08504,34035,Somerset
08505,34005,Burlington
08510,34025,Monmouth
08511,34005,Burlington
08512,34023,Middlesex
08514,34025,Monmouth
08515,34005,Burlington
08518,34005,Burlington
08520,34021,Mercer
08525,34021,Mercer
08526,34025,Monmouth
08527,34029,Ocean
08528,34035,Somerset
08530,34019,Hunterdon
08533,34029,Ocean
08534,34021,Mercer
08535,34025,Monmouth
08536,34023,Middlesex
08540,34021,Mercer
08541,34021,Mercer
08542,34021,Mercer
08543,34021,Mercer
08544,34021,Mercer
08550,34021,Mercer
08551,34019,Hunterdon
08553,34035,Somerset
08554,34005,Burlington
08555,34025,Monmouth
08556,34019,Hunterdon
08557,34019,Hunterdon
08558,34035,Somerset
08559,34019,Hunterdon
08560,34021,Mercer
08561,34021,Mercer
08562,34005,Burlington
08601,34021,Mercer
08602,34021,Mercer
08603,34021,Mercer
08604,34021,Mercer
08605,34021,Mercer
08606,34021,Mercer
08607,34021,Mercer
08608,34021,Mercer
08609,34021,Mercer
08610,34021,Mercer
08611,34021,Mercer
08618,34021,Mercer
08619,34021,Mercer
08620,34021,Mercer
08625,34021,Mercer
08628,34021,Mercer
08629,34021,Mercer
08638,34021,Mercer
08640,34005,Burlington
08641,34005,Burlington
08644,34021,Mercer
08645,34021,Mercer
08646,34021,Mercer
08647,34021,Mercer
08648,34021,Mercer
08650,34021,Mercer
08666,34021,Mercer
08690,34021,Mercer
08691,34021,Mercer
08695,34021,Mercer
08701,34029,Ocean
08720,34025,Monmouth
08721,34029,Ocean
08722,34029,Ocean
08723,34029,Ocean
08724,34029,Ocean
08730,34025,Monmouth
08731,34029,Ocean
08732,34029,Ocean
08733,34029,Ocean
08734,34029,Ocean
08735,34029,Ocean
08736,34025,Monmouth
08738,34029,Ocean
08739,34029,Ocean
08740,34029,Ocean
08741,34029,Ocean
08742,34029,Ocean
08750,34025,Monmouth
08751,34029,Ocean
08752,34029,Ocean
08753,34029,Ocean
08754,34029,Ocean
08755,34029,Ocean
08756,34029,Ocean
08757,34029,Ocean
08758,34029,Ocean
08759,34029,Ocean
08801,34019,Hunterdon
08802,34019,Hunterdon
08803,34019,Hunterdon
08804,34019,Hunterdon
08805,34035,Somerset
08807,34035,Somerset
08808,34041,Warren
08809,34019,Hunterdon
08810,34023,Middlesex
08812,34035,Somerset
08816,34023,Middlesex
08817,34023,Middlesex
08818,34023,Middlesex
08820,34023,Middlesex
08821,34035,Somerset
08822,34019,Hunterdon
08823,34035,Somerset
08824,34023,Middlesex
08825,34019,Hunterdon
08826,34019,Hunterdon
08827,34019,Hunterdon
08828,34023,Middlesex
08829,34019,Hunterdon
08830,34023,Middlesex
08831,34023,Middlesex
08832,34023,Middlesex
08833,34019,Hunterdon
08834,34019,Hunterdon
08835,34035,Somerset
08836,34035,Somerset
08837,34023,Middlesex
08840,34023,Middlesex
08844,34035,Somerset
08846,34023,Middlesex
08848,34019,Hunterdon
08850,34023,Middlesex
08852,34023,Middlesex
08853,34035,Somerset
08854,34023,Middlesex
08855,34023,Middlesex
08857,34023,Middlesex
08858,34019,Hunterdon
08859,34023,Middlesex
08861,34023,Middlesex
08862,34023,Middlesex
08863,34023,Middlesex
08865,34041,Warren
08867,34019,Hunterdon
08868,34019,Hunterdon
08869,34035,Somerset
08870,34019,Hunterdon
08871,34023,Middlesex
08872,34023,Middlesex
08873,34035,Somerset
08875,34035,Somerset
08876,34035,Somerset
08879,34023,Middlesex
08880,34035,Somerset
08882,34023,Middlesex
08884,34023,Middlesex
08885,34019,Hunterdon
08886,34041,Warren
08887,34019,Hunterdon
08888,34019,Hunterdon
08889,34019,Hunterdon
08890,34035,Somerset
08899,34023,Middlesex
08901,34023,Middlesex
08902,34023,Middlesex
08903,34023,Middlesex
08904,34023,Middlesex
08906,34023,Middlesex
08933,34023,Middlesex
08989,34023,Middlesex
10001,36061,New York
10002,36061,New York
10003,36061,New York
10004,36061,New York
10005,36061,New York
10006,36061,New York
10007,36061,New York
10008,36061,New York
10009,36061,New York
10010,36061,New York
10011,36061,New York
10012,36061,New York
10013,36061,New York
10014,36061,New York
10016,36061,New York
10017,36061,New York
10018,36061,New York
10019,36061,New York
10020,36061,New York
10021,36061,New York
10022,36061,New York
10023,36061,New York
10024,36061,New York
10025,36061,New York
10026,36061,New York
10027,36061,New York
10028,36061,New York
10029,36061,New York
10030,36061,New York
10031,36061,New York
10032,36061,New York
10033,36061,New York
10034,36061,New York
10035,36061,New York
10036,36061,New York
10037,36061,New York
10038,36061,New York
10039,36061,New York
10040,36061,New York
10041,36061,New York
10043,36061,New York
10044,36061,New York
10045,36061,New York
10055,36061,New York
10060,36061,New York
10065,36061,New York
10069,36061,New York
10075,36061,New York
10080,36061,New York
10081,36061,New York
10087,36061,New York
10090,36061,New York
10101,36061,New York
10102,36061,New York
10103,36061,New York
10104,36061,New York
10105,36061,New York
10106,36061,New York
10107,36061,New York
10108,36061,New York
10109,36061,New York
10110,36061,New York
10111,36061,New York
10112,36061,New York
10113,36061,New York
10114,36061,New York
10115,36061,New York
10116,36061,New York
10117,36061,New York
10118,36061,New York
10119,36061,New York
10120,36061,New York
10121,36061,New York
10122,36061,New York
10123,36061,New York
10124,36061,New York
10125,36061,New York
10126,36061,New York
10128,36061,New York
10129,36061,New York
10130,36061,New York
10131,36061,New York
10132,36061,New York
10133,36061,New York
10138,36061,New York
10150,36061,New York
10151,36061,New York
10152,36061,New York
10153,36061,New York
10154,36061,New York
10155,36061,New York
10156,36061,New York
10157,36061,New York
10158,36061,New York
10159,36061,New York
10160,36061,New York
10161,36061,New York
10162,36061,New York
10163,36061,New York
10164,36061,New York
10165,36061,New York
10166,36061,New York
10167,36061,New York
10168,36061,New York
10169,36061,New York
10170,36061,New York
10171,36061,New York
10172,36061,New York
10173,36061,New York
10174,36061,New York
10175,36061,New York
10176,36061,New York
10177,36061,New York
10178,36061,New York
10179,36061,New York
10185,36061,New York
10199,36061,New York
10203,36061,New York
10211,36061,New York
10212,36061,New York
10213,36061,New York
10242,36061,New York
10249,36061,New York
10256,36061,New York
10258,36061,New York
10259,36061,New York
10260,36061,New York
10261,36061,New York
10265,36061,New York
10268,36061,New York
10269,36061,New York
10270,36061,New York
10271,36061,New York
10272,36061,New York
10273,36061,New York
10274,36061,New York
10275,36061,New York
10276,36061,New York
10277,36061,New York
10278,36061,New York
10279,36061,New York
10280,36061,New York
10281,36061,New York
10282,36061,New York
10285,36061,New York
10286,36061,New York
10301,36085,Richmond
10302,36085,Richmond
10303,36085,Richmond
10304,36085,Richmond
10305,36085,Richmond
10306,36085,Richmond
10307,36085,Richmond
10308,36085,Richmond
10309,36085,Richmond
10310,36085,Richmond
10311,36085,Richmond
10312,36085,Richmond
10313,36085,Richmond
10314,36085,Richmond
10451,36005,Bronx
10452,36005,Bronx
10453,36005,Bronx
10454,36005,Bronx
10455,36005,Bronx
10456,36005,Bronx
10457,36005,Bronx
10458,36005,Bronx
10459,36005,Bronx
10460,36005,Bronx
10461,36005,Bronx
10462,36005,Bronx
10463,36005,Bronx
10464,36005,Bronx
10465,36005,Bronx
10466,36005,Bronx
10467,36005,Bronx
10468,36005,Bronx
10469,36005,Bronx
10470,36005,Bronx
10471,36005,Bronx
10472,36005,Bronx
10473,36005,Bronx
10474,36005,Bronx
10475,36005,Bronx
10501,36119,Westchester
10502,36119,Westchester
10503,36119,Westchester
10504,36119,Westchester
10505,36119,Westchester
10506,36119,Westchester
10507,36119,Westchester
10509,36079,Putnam
10510,36119,Westchester
10511,36119,Westchester
10512,36079,Putnam
10514,36119,Westchester
10516,36079,Putnam
10517,36119,Westchester
10518,36119,Westchester
10519,36119,Westchester
10520,36119,Westchester
10521,36119,Westchester
10522,36119,Westchester
10523,36119,Westchester
10524,36079,Putnam
10526,36119,Westchester
10527,36119,Westchester
10528,36119,Westchester
10530,36119,Westchester
10532,36119,Westchester
10533,36119,Westchester
10535,36119,Westchester
10536,36119,Westchester
10537,36079,Putnam
10538,36119,Westchester
10540,36119,Westchester
10541,36079,Putnam
10542,36079,Putnam
10543,36119,Westchester
10545,36119,Westchester
10546,36119,Westchester
10547,36119,Westchester
10548,36119,Westchester
10549,36119,Westchester
10550,36119,Westchester
10551,36119,Westchester
10552,36119,Westchester
10553,36119,Westchester
10560,36119,Westchester
10562,36119,Westchester
10566,36119,Westchester
10567,36119,Westchester
10570,36119,Westchester
10573,36119,Westchester
10576,36119,Westchester
10577,36119,Westchester
10578,36119,Westchester
10579,36079,Putnam
10580,36119,Westchester
10583,36119,Westchester
10587,36119,Westchester
10588,36119,Westchester
10589,36119,Westchester
10590,36119,Westchester
10591,36119,Westchester
10594,36119,Westchester
10595,36119,Westchester
10596,36119,Westchester
10597,36119,Westchester
10598,36119,Westchester
10601,36119,Westchester
10602,36119,Westchester
10603,36119,Westchester
10604,36119,Westchester
10605,36119,Westchester
10606,36119,Westchester
10607,36119,Westchester
10610,36119,Westchester
10701,36119,Westchester
10702,36119,Westchester
10703,36119,Westchester
10704,36119,Westchester
10705,36119,Westchester
10706,36119,Westchester
10707,36119,Westchester
10708,36119,Westchester
10709,36119,Westchester
10710,36119,Westchester
10801,36119,Westchester
10802,36119,Westchester
10803,36119,Westchester
10804,36119,Westchester
10805,36119,Westchester
10901,36087,Rockland
10910,36071,Orange
10911,36087,Rockland
10912,36071,Orange
10913,36087,Rockland
10914,36071,Orange
10915,36071,Orange
10916,36071,Orange
10917,36071,Orange
10918,36071,Orange
10919,36071,Orange
10920,36087,Rockland
10921,36071,Orange
10922,36071,Orange
10923,36087,Rockland
10924,36071,Orange
10925,36071,Orange
10926,36071,Orange
10927,36087,Rockland
10928,36071,Orange
10930,36071,Orange
10931,36087,Rockland
10932,36071,Orange
10933,36071,Orange
10940,36071,Orange
10941,36071,Orange
10949,36071,Orange
10950,36071,Orange
10952,36087,Rockland
10953,36071,Orange
10954,36087,Rockland
10956,36087,Rockland
10958,36071,Orange
10959,36071,Orange
10960,36087,Rockland
10962,36087,Rockland
10963,36071,Orange
10964,36087,Rockland
10965,36087,Rockland
10968,36087,Rockland
10969,36071,Orange
10970,36087,Rockland
10973,36071,Orange
10974,36087,Rockland
10975,36071,Orange
10976,36087,Rockland
10977,36087,Rockland
10979,36071,Orange
10980,36087,Rockland
10981,36071,Orange
10982,36087,Rockland
10983,36087,Rockland
10984,36087,Rockland
10985,36071,Orange
10986,36087,Rockland
10987,36071,Orange
10988,36071,Orange
10989,36087,Rockland
10990,36071,Orange
10992,36071,Orange
10993,36087,Rockland
10994,36087,Rockland
10996,36071,Orange
10997,36071,Orange
10998,36071,Orange
11001,36059,Nassau
11002,36059,Nassau
11003,36059,Nassau
11004,36081,Queens
11005,36081,Queens
11010,36059,Nassau
11020,36059,Nassau
11021,36059,Nassau
11022,36059,Nassau
11023,36059,Nassau
11024,36059,Nassau
11026,36059,Nassau
11027,36059,Nassau
11030,36059,Nassau
11040,36059,Nassau
11042,36059,Nassau
11050,36059,Nassau
11051,36059,Nassau
11052,36059,Nassau
11053,36059,Nassau
11054,36059,Nassau
11055,36059,Nassau
11096,36059,Nassau
11101,36081,Queens
11102,36081,Queens
11103,36081,Queens
11104,36081,Queens
11105,36081,Queens
11106,36081,Queens
11109,36081,Queens
11120,36081,Queens
11201,36047,Kings
11202,36047,Kings
11203,36047,Kings
11204,36047,Kings
11205,36047,Kings
11206,36047,Kings
11207,36047,Kings
11208,36047,Kings
11209,36047,Kings
11210,36047,Kings
11211,36047,Kings
11212,36047,Kings
11213,36047,Kings
11214,36047,Kings
11215,36047,Kings
11216,36047,Kings
11217,36047,Kings
11218,36047,Kings
11219,36047,Kings
11220,36047,Kings
11221,36047,Kings
11222,36047,Kings
11223,36047,Kings
11224,36047,Kings
11225,36047,Kings
11226,36047,Kings
11228,36047,Kings
11229,36047,Kings
11230,36047,Kings
11231,36047,Kings
11232,36047,Kings
11233,36047,Kings
11234,36047,Kings
11235,36047,Kings
11236,36047,Kings
11237,36047,Kings
11238,36047,Kings
11239,36047,Kings
11241,36047,Kings
11242,36047,Kings
11243,36047,Kings
11245,36047,Kings
11247,36047,Kings
11249,36047,Kings
11251,36047,Kings
11252,36047,Kings
11256,36047,Kings
11351,36081,Queens
11352,36081,Queens
11354,36081,Queens
11355,36081,Queens
11356,36081,Queens
11357,36081,Queens
11358,36081,Queens
11359,36081,Queens
11360,36081,Queens
11361,36081,Queens
11362,36081,Queens
11363,36081,Queens
11364,36081,Queens
11365,36081,Queens
11366,36081,Queens
11367,36081,Queens
11368,36081,Queens
11369,36081,Queens
11370,36081,Queens
11371,36081,Queens
11372,36081,Queens
11373,36081,Queens
11374,36081,Queens
11375,36081,Queens
11377,36081,Queens
11378,36081,Queens
11379,36081,Queens
11380,36081,Queens
11381,36081,Queens
11385,36081,Queens
11386,36081,Queens
11405,36081,Queens
11411,36081,Queens
11412,36081,Queens
11413,36081,Queens
11414,36081,Queens
11415,36081,Queens
11416,36081,Queens
11417,36081,Queens
11418,36081,Queens
11419,36081,Queens
11420,36081,Queens
11421,36081,Queens
11422,36081,Queens
11423,36081,Queens
11424,36081,Queens
11425,36081,Queens
11426,36081,Queens
11427,36081,Queens
11428,36081,Queens
11429,36081,Queens
11430,36081,Queens
11431,36081,Queens
11432,36081,Queens
11433,36081,Queens
11434,36081,Queens
11435,36081,Queens
11436,36081,Queens
11437,36081,Queens
11439,36081,Queens
11451,36081,Queens
11499,36081,Queens
11501,36059,Nassau
11507,36059,Nassau
11509,36059,Nassau
11510,36059,Nassau
11514,36059,Nassau
11516,36059,Nassau
11518,36059,Nassau
11520,36059,Nassau
11530,36059,Nassau
11531,36059,Nassau
11542,36059,Nassau
11545,36059,Nassau
11547,36059,Nassau
11548,36059,Nassau
11549,36059,Nassau
11550,36059,Nassau
11551,36059,Nassau
11552,36059,Nassau
11553,36059,Nassau
11554,36059,Nassau
11555,36059,Nassau
11556,36059,Nassau
11557,36059,Nassau
11558,36059,Nassau
11559,36059,Nassau
11560,36059,Nassau
11561,36059,Nassau
11563,36059,Nassau
11565,36059,Nassau
11566,36059,Nassau
11568,36059,Nassau
11569,36059,Nassau
11570,36059,Nassau
11571,36059,Nassau
11572,36059,Nassau
11575,36059,Nassau
11576,36059,Nassau
11577,36059,Nassau
11579,36059,Nassau
11580,36059,Nassau
11581,36059,Nassau
11582,36059,Nassau
11590,36059,Nassau
11596,36059,Nassau
11598,36059,Nassau
11599,36059,Nassau
11690,36081,Queens
11691,36081,Queens
11692,36081,Queens
11693,36081,Queens
11694,36081,Queens
11695,36081,Queens
11697,36081,Queens
11701,36103,Suffolk
11702,36103,Suffolk
11703,36103,Suffolk
11704,36103,Suffolk
11705,36103,Suffolk
11706,36103,Suffolk
11707,36103,Suffolk
11709,36059,Nassau
11710,36059,Nassau
11713,36103,Suffolk
11714,36059,Nassau
11715,36103,Suffolk
11716,36103,Suffolk
11717,36103,Suffolk
11718,36103,Suffolk
11719,36103,Suffolk
11720,36103,Suffolk
11721,36103,Suffolk
11722,36103,Suffolk
11724,36103,Suffolk
11725,36103,Suffolk
11726,36103,Suffolk
11727,36103,Suffolk
11729,36103,Suffolk
11730,36103,Suffolk
11731,36103,Suffolk
11732,36059,Nassau
11733,36103,Suffolk
11735,36103,Suffolk
11737,36059,Nassau
11738,36103,Suffolk
11739,36103,Suffolk
11740,36103,Suffolk
11741,36103,Suffolk
11742,36103,Suffolk
11743,36103,Suffolk
11746,36103,Suffolk
11747,36103,Suffolk
11749,36103,Suffolk
11751,36103,Suffolk
11752,36103,Suffolk
11753,36059,Nassau
11754,36103,Suffolk
11755,36103,Suffolk
11756,36059,Nassau
11757,36103,Suffolk
11758,36059,Nassau
11760,36103,Suffolk
11762,36059,Nassau
11763,36103,Suffolk
11764,36103,Suffolk
11765,36059,Nassau
11766,36103,Suffolk
11767,36103,Suffolk
11768,36103,Suffolk
11769,36103,Suffolk
11770,36103,Suffolk
11771,36059,Nassau
11772,36103,Suffolk
11773,36059,Nassau
11775,36103,Suffolk
11776,36103,Suffolk
11777,36103,Suffolk
11778,36103,Suffolk
11779,36103,Suffolk
11780,36103,Suffolk
11782,36103,Suffolk
11783,36059,Nassau
11784,36103,Suffolk
11786,36103,Suffolk
11787,36103,Suffolk
11788,36103,Suffolk
11789,36103,Suffolk
11790,36103,Suffolk
11791,36059,Nassau
11792,36103,Suffolk
11793,36059,Nassau
11794,36103,Suffolk
11795,36103,Suffolk
11796,36103,Suffolk
11797,36059,Nassau
11798,36103,Suffolk
11801,36059,Nassau
11802,36059,Nassau
11803,36059,Nassau
11804,36059,Nassau
11815,36059,Nassau
11819,36059,Nassau
11853,36059,Nassau
11901,36103,Suffolk
11930,36103,Suffolk
11931,36103,Suffolk
11932,36103,Suffolk
11933,36103,Suffolk
11934,36103,Suffolk
11935,36103,Suffolk
11937,36103,Suffolk
11939,36103,Suffolk
11940,36103,Suffolk
11941,36103,Suffolk
11942,36103,Suffolk
11944,36103,Suffolk
11946,36103,Suffolk
11947,36103,Suffolk
11948,36103,Suffolk
11949,36103,Suffolk
11950,36103,Suffolk
11951,36103,Suffolk
11952,36103,Suffolk
11953,36103,Suffolk
11954,36103,Suffolk
11955,36103,Suffolk
11956,36103,Suffolk
11957,36103,Suffolk
11958,36103,Suffolk
11959,36103,Suffolk
11960,36103,Suffolk
11961,36103,Suffolk
11962,36103,Suffolk
11963,36103,Suffolk
11964,36103,Suffolk
11965,36103,Suffolk
11967,36103,Suffolk
11968,36103,Suffolk
11969,36103,Suffolk
11970,36103,Suffolk
11971,36103,Suffolk
11972,36103,Suffolk
11973,36103,Suffolk
11975,36103,Suffolk
11976,36103,Suffolk
11977,36103,Suffolk
11978,36103,Suffolk
11980,36103,Suffolk
12007,36001,Albany
12008,36093,Schenectady
12009,36001,Albany
12010,36057,Montgomery
12015,36039,Greene
12016,36057,Montgomery
12017,36021,Columbia
12018,36083,Rensselaer
12019,36091,Saratoga
12020,36091,Saratoga
12022,36083,Rensselaer
12023,36001,Albany
12024,36021,Columbia
12025,36035,Fulton
12027,36091,Saratoga
12028,36115,Washington
12029,36021,Columbia
12031,36095,Schoharie
12032,36041,Hamilton
12033,36083,Rensselaer
12035,36095,Schoharie
12036,36095,Schoharie
12037,36021,Columbia
12040,36083,Rensselaer
12041,36001,Albany
12042,36039,Greene
12043,36095,Schoharie
12045,36001,Albany
12046,36001,Albany
12047,36001,Albany
12050,36021,Columbia
12051,36039,Greene
12052,36083,Rensselaer
12053,36093,Schenectady
12054,36001,Albany
12055,36001,Albany
12056,36093,Schenectady
12057,36115,Washington
12058,36039,Greene
12059,36001,Albany
12060,36021,Columbia
12061,36083,Rensselaer
12062,36083,Rensselaer
12063,36083,Rensselaer
12064,36077,Otsego
12065,36091,Saratoga
12066,36057,Montgomery
12067,36001,Albany
12068,36057,Montgomery
12069,36057,Montgomery
12070,36057,Montgomery
12071,36095,Schoharie
12072,36057,Montgomery
12073,36095,Schoharie
12074,36091,Saratoga
12075,36021,Columbia
12076,36095,Schoharie
12077,36001,Albany
12078,36035,Fulton
12082,36083,Rensselaer
12083,36039,Greene
12084,36001,Albany
12085,36001,Albany
12086,36091,Saratoga
12087,36039,Greene
12089,36083,Rensselaer
12090,36083,Rensselaer
12092,36095,Schoharie
12093,36095,Schoharie
12094,36083,Rensselaer
12095,36035,Fulton
12106,36021,Columbia
12107,36001,Albany
12108,36041,Hamilton
12110,36001,Albany
12115,36021,Columbia
12116,36077,Otsego
12117,36035,Fulton
12118,36091,Saratoga
12120,36001,Albany
12121,36083,Rensselaer
12122,36095,Schoharie
12123,36083,Rensselaer
12124,36039,Greene
12125,36021,Columbia
12128,36001,Albany
12130,36021,Columbia
12131,36095,Schoharie
12132,36021,Columbia
12133,36083,Rensselaer
12134,36041,Hamilton
12136,36021,Columbia
12137,36093,Schenectady
12138,36083,Rensselaer
12139,36041,Hamilton
12140,36083,Rensselaer
12141,36093,Schenectady
12143,36001,Albany
12144,36083,Rensselaer
12147,36001,Albany
12148,36091,Saratoga
12149,36095,Schoharie
12150,36093,Schenectady
12151,36091,Saratoga
12153,36083,Rensselaer
12154,36083,Rensselaer
12155,36077,Otsego
12156,36083,Rensselaer
12157,36095,Schoharie
12158,36001,Albany
12159,36001,Albany
12160,36095,Schoharie
12161,36001,Albany
12164,36041,Hamilton
12165,36021,Columbia
12166,36057,Montgomery
12167,36095,Schoharie
12168,36083,Rensselaer
12169,36083,Rensselaer
12170,36091,Saratoga
12172,36021,Columbia
12173,36021,Columbia
12174,36021,Columbia
12175,36095,Schoharie
12176,36039,Greene
12177,36057,Montgomery
12180,36083,Rensselaer
12181,36083,Rensselaer
12182,36083,Rensselaer
12183,36001,Albany
12184,36021,Columbia
12185,36083,Rensselaer
12186,36001,Albany
12187,36095,Schoharie
12188,36091,Saratoga
12189,36001,Albany
12190,36041,Hamilton
12192,36039,Greene
12193,36001,Albany
12194,36095,Schoharie
12195,36021,Columbia
12196,36083,Rensselaer
12197,36077,Otsego
12198,36083,Rensselaer
12201,36001,Albany
12202,36001,Albany
12203,36001,Albany
12204,36001,Albany
12205,36001,Albany
12206,36001,Albany
12207,36001,Albany
12208,36001,Albany
12209,36001,Albany
12210,36001,Albany
12211,36001,Albany
12212,36001,Albany
12214,36001,Albany
12220,36001,Albany
12222,36001,Albany
12223,36001,Albany
12224,36001,Albany
12225,36001,Albany
12226,36001,Albany
12227,36001,Albany
12228,36001,Albany
12229,36001,Albany
12230,36001,Albany
12231,36001,Albany
12232,36001,Albany
12233,36001,Albany
12234,36001,Albany
12235,36001,Albany
12236,36001,Albany
12237,36001,Albany
12238,36001,Albany
12239,36001,Albany
12240,36001,Albany
12241,36001,Albany
12242,36001,Albany
12243,36001,Albany
12244,36001,Albany
12245,36001,Albany
12246,36001,Albany
12247,36001,Albany
12248,36001,Albany
12249,36001,Albany
12250,36001,Albany
12252,36001,Albany
12255,36001,Albany
12256,36001,Albany
12257,36001,Albany
12260,36001,Albany
12261,36001,Albany
12288,36001,Albany
12301,36093,Schenectady
12302,36093,Schenectady
12303,36001,Albany
12304,36093,Schenectady
12305,36093,Schenectady
12306,36093,Schenectady
12307,36093,Schenectady
12308,36093,Schenectady
12309,36093,Schenectady
12325,36093,Schenectady
12345,36093,Schenectady
12401,36111,Ulster
12402,36111,Ulster
12404,36111,Ulster
12405,36039,Greene
12406,36111,Ulster
12407,36039,Greene
12409,36111,Ulster
12410,36111,Ulster
12411,36111,Ulster
12412,36111,Ulster
12413,36039,Greene
12414,36039,Greene
12416,36111,Ulster
12417,36111,Ulster
12418,36039,Greene
12419,36111,Ulster
12420,36111,Ulster
12421,36025,Delaware
12422,36039,Greene
12423,36039,Greene
12424,36039,Greene
12427,36039,Greene
12428,36111,Ulster
12429,36111,Ulster
12430,36039,Greene
12431,36039,Greene
12432,36111,Ulster
12433,36111,Ulster
12434,36025,Delaware
12435,36111,Ulster
12436,36039,Greene
12438,36025,Delaware
12439,36039,Greene
12440,36111,Ulster
12441,36025,Delaware
12442,36039,Greene
12443,36111,Ulster
12444,36039,Greene
12446,36111,Ulster
12448,36111,Ulster
12449,36111,Ulster
12450,36039,Greene
12451,36039,Greene
12452,36039,Greene
12453,36111,Ulster
12454,36039,Greene
12455,36025,Delaware
12456,36111,Ulster
12457,36111,Ulster
12458,36111,Ulster
12459,36025,Delaware
12460,36001,Albany
12461,36111,Ulster
12463,36039,Greene
12464,36111,Ulster
12465,36111,Ulster
12466,36111,Ulster
12468,36039,Greene
12469,36001,Albany
12470,36039,Greene
12471,36111,Ulster
12472,36111,Ulster
12473,36039,Greene
12474,36025,Delaware
12475,36111,Ulster
12477,36111,Ulster
12480,36039,Greene
12481,36111,Ulster
12482,36039,Greene
12483,36105,Sullivan
12484,36111,Ulster
12485,36039,Greene
12486,36111,Ulster
12487,36111,Ulster
12489,36111,Ulster
12490,36111,Ulster
12491,36111,Ulster
12492,36039,Greene
12493,36111,Ulster
12494,36111,Ulster
12495,36111,Ulster
12496,36039,Greene
12498,36111,Ulster
12501,36027,Dutchess
12502,36021,Columbia
12503,36021,Columbia
12504,36027,Dutchess
12506,36027,Dutchess
12507,36027,Dutchess
12508,36027,Dutchess
12510,36027,Dutchess
12511,36027,Dutchess
12512,36027,Dutchess
12513,36021,Columbia
12514,36027,Dutchess
12515,36111,Ulster
12516,36021,Columbia
12517,36021,Columbia
12518,36071,Orange
12520,36071,Orange
12521,36021,Columbia
12522,36027,Dutchess
12523,36021,Columbia
12524,36027,Dutchess
12525,36111,Ulster
12526,36021,Columbia
12527,36027,Dutchess
12528,36111,Ulster
12529,36021,Columbia
12530,36021,Columbia
12531,36027,Dutchess
12533,36027,Dutchess
12534,36021,Columbia
12537,36027,Dutchess
12538,36027,Dutchess
12540,36027,Dutchess
12541,36021,Columbia
12542,36111,Ulster
12543,36071,Orange
12544,36021,Columbia
12545,36027,Dutchess
12546,36027,Dutchess
12547,36111,Ulster
12548,36111,Ulster
12549,36071,Orange
12550,36071,Orange
12551,36071,Orange
12552,36071,Orange
12553,36071,Orange
12555,36071,Orange
12561,36111,Ulster
12563,36079,Putnam
12564,36027,Dutchess
12565,36021,Columbia
12566,36111,Ulster
12567,36027,Dutchess
12568,36111,Ulster
12569,36027,Dutchess
12570,36027,Dutchess
12571,36027,Dutchess
12572,36027,Dutchess
12574,36027,Dutchess
12575,36071,Orange
12577,36071,Orange
12578,36027,Dutchess
12580,36027,Dutchess
12581,36027,Dutchess
12582,36027,Dutchess
12583,36027,Dutchess
12584,36071,Orange
12585,36027,Dutchess
12586,36071,Orange
12588,36111,Ulster
12589,36111,Ulster
12590,36027,Dutchess
12592,36027,Dutchess
12594,36027,Dutchess
12601,36027,Dutchess
12602,36027,Dutchess
12603,36027,Dutchess
12604,36027,Dutchess
12701,36105,Sullivan
12719,36105,Sullivan
12720,36105,Sullivan
12721,36105,Sullivan
12722,36105,Sullivan
12723,36105,Sullivan
12724,36105,Sullivan
12725,36111,Ulster
12726,36105,Sullivan
12727,36105,Sullivan
12729,36071,Orange
12732,36105,Sullivan
12733,36105,Sullivan
12734,36105,Sullivan
12736,36105,Sullivan
12737,36105,Sullivan
12738,36105,Sullivan
12740,36111,Ulster
12741,36105,Sullivan
12742,36105,Sullivan
12743,36105,Sullivan
12745,36105,Sullivan
12746,36071,Orange
12747,36105,Sullivan
12748,36105,Sullivan
12749,36105,Sullivan
12750,36105,Sullivan
12751,36105,Sullivan
12752,36105,Sullivan
12754,36105,Sullivan
12758,36105,Sullivan
12759,36105,Sullivan
12760,36025,Delaware
12762,36105,Sullivan
12763,36105,Sullivan
12764,36105,Sullivan
12765,36105,Sullivan
12766,36105,Sullivan
12767,36105,Sullivan
12768,36105,Sullivan
12769,36105,Sullivan
12770,36105,Sullivan
12771,36071,Orange
12775,36105,Sullivan
12776,36025,Delaware
12777,36105,Sullivan
12778,36105,Sullivan
12779,36105,Sullivan
12780,36071,Orange
12781,36105,Sullivan
12783,36105,Sullivan
12784,36105,Sullivan
12785,36105,Sullivan
12786,36105,Sullivan
12787,36105,Sullivan
12788,36105,Sullivan
12789,36105,Sullivan
12790,36105,Sullivan
12791,36105,Sullivan
12792,36105,Sullivan
12801,36113,Warren
12803,36091,Saratoga
12804,36113,Warren
12808,36113,Warren
12809,36115,Washington
12810,36113,Warren
12811,36113,Warren
12812,36041,Hamilton
12814,36113,Warren
12815,36113,Warren
12816,36115,Washington
12817,36113,Warren
12819,36115,Washington
12820,36113,Warren
12821,36115,Washington
12822,36091,Saratoga
12823,36115,Washington
12824,36113,Warren
12827,36115,Washington
12828,36115,Washington
12831,36091,Saratoga
12832,36115,Washington
12833,36091,Saratoga
12834,36115,Washington
12835,36091,Saratoga
12836,36113,Warren
12837,36115,Washington
12838,36115,Washington
12839,36115,Washington
12841,36115,Washington
12842,36041,Hamilton
12843,36113,Warren
12844,36115,Washington
12845,36113,Warren
12846,36113,Warren
12847,36041,Hamilton
12848,36115,Washington
12849,36115,Washington
12850,36091,Saratoga
12851,36031,Essex
12852,36031,Essex
12853,36113,Warren
12854,36115,Washington
12855,36031,Essex
12856,36113,Warren
12857,36031,Essex
12858,36031,Essex
12859,36091,Saratoga
12860,36113,Warren
12861,36115,Washington
12862,36113,Warren
12863,36091,Saratoga
12864,36041,Hamilton
12865,36115,Washington
12866,36091,Saratoga
12870,36031,Essex
12871,36091,Saratoga
12872,36031,Essex
12873,36115,Washington
12874,36113,Warren
12878,36113,Warren
12879,36031,Essex
12883,36031,Essex
12884,36091,Saratoga
12885,36113,Warren
12886,36113,Warren
12887,36115,Washington
12901,36019,Clinton
12903,36019,Clinton
12910,36019,Clinton
12911,36019,Clinton
12912,36019,Clinton
12913,36033,Franklin
12914,36033,Franklin
12915,36033,Franklin
12916,36033,Franklin
12917,36033,Franklin
12918,36019,Clinton
12919,36019,Clinton
12920,36033,Franklin
12921,36019,Clinton
12922,36089,St. Lawrence
12923,36019,Clinton
12924,36019,Clinton
12926,36033,Franklin
12927,36089,St. Lawrence
12928,36031,Essex
12929,36019,Clinton
12930,36033,Franklin
12932,36031,Essex
12933,36019,Clinton
12934,36019,Clinton
12935,36019,Clinton
12936,36031,Essex
12937,36033,Franklin
12939,36033,Franklin
12941,36031,Essex
12942,36031,Essex
12943,36031,Essex
12944,36031,Essex
12945,36033,Franklin
12946,36031,Essex
12949,36089,St. Lawrence
12950,36031,Essex
12952,36019,Clinton
12953,36033,Franklin
12955,36019,Clinton
12956,36031,Essex
12957,36033,Franklin
12958,36019,Clinton
12959,36019,Clinton
12960,36031,Essex
12961,36031,Essex
12962,36019,Clinton
12964,36031,Essex
12965,36089,St. Lawrence
12966,36033,Franklin
12967,36089,St. Lawrence
12969,36033,Franklin
12970,36033,Franklin
12972,36019,Clinton
12973,36089,St. Lawrence
12974,36031,Essex
12975,36031,Essex
12976,36033,Franklin
12977,36031,Essex
12978,36019,Clinton
12979,36019,Clinton
12980,36033,Franklin
12981,36019,Clinton
12983,36033,Franklin
12985,36019,Clinton
12986,36033,Franklin
12987,36031,Essex
12989,36033,Franklin
12992,36019,Clinton
12993,36031,Essex
12995,36033,Franklin
12996,36031,Essex
12997,36031,Essex
12998,36031,Essex
13020,36067,Onondaga
13021,36011,Cayuga
13022,36011,Cayuga
13024,36011,Cayuga
13026,36011,Cayuga
13027,36067,Onondaga
13028,36075,Oswego
13029,36067,Onondaga
13030,36053,Madison
13031,36067,Onondaga
13032,36053,Madison
13033,36011,Cayuga
13034,36011,Cayuga
13035,36053,Madison
13036,36075,Oswego
13037,36053,Madison
13039,36067,Onondaga
13040,36023,Cortland
13041,36067,Onondaga
13042,36065,Oneida
13043,36053,Madison
13044,36075,Oswego
13045,36023,Cortland
13051,36067,Onondaga
13052,36053,Madison
13053,36109,Tompkins
13054,36065,Oneida
13056,36023,Cortland
13057,36067,Onondaga
13060,36067,Onondaga
13061,36053,Madison
13062,36109,Tompkins
13063,36067,Onondaga
13064,36075,Oswego
13065,36099,Seneca
13066,36067,Onondaga
13068,36109,Tompkins
13069,36075,Oswego
13071,36011,Cayuga
13072,36053,Madison
13073,36109,Tompkins
13074,36075,Oswego
13076,36075,Oswego
13077,36023,Cortland
13078,36067,Onondaga
13080,36067,Onondaga
13081,36011,Cayuga
13082,36053,Madison
13083,36075,Oswego
13084,36067,Onondaga
13087,36023,Cortland
13088,36067,Onondaga
13089,36067,Onondaga
13090,36067,Onondaga
13092,36011,Cayuga
13093,36075,Oswego
13101,36023,Cortland
13102,36109,Tompkins
13103,36075,Oswego
13104,36067,Onondaga
13107,36075,Oswego
13108,36067,Onondaga
13110,36067,Onondaga
13111,36011,Cayuga
13112,36067,Onondaga
13113,36011,Cayuga
13114,36075,Oswego
13115,36075,Oswego
13116,36067,Onondaga
13117,36011,Cayuga
13118,36011,Cayuga
13119,36067,Onondaga
13120,36067,Onondaga
13121,36075,Oswego
13122,36053,Madison
13123,36065,Oneida
13124,36017,Chenango
13126,36075,Oswego
13131,36075,Oswego
13132,36075,Oswego
13134,36053,Madison
13135,36075,Oswego
13136,36017,Chenango
13137,36067,Onondaga
13138,36067,Onondaga
13139,36011,Cayuga
13140,36011,Cayuga
13141,36023,Cortland
13142,36075,Oswego
13143,36117,Wayne
13144,36075,Oswego
13145,36075,Oswego
13146,36117,Wayne
13147,36011,Cayuga
13148,36099,Seneca
13152,36067,Onondaga
13153,36067,Onondaga
13154,36117,Wayne
13155,36017,Chenango
13156,36011,Cayuga
13157,36065,Oneida
13158,36023,Cortland
13159,36067,Onondaga
13160,36011,Cayuga
13162,36065,Oneida
13163,36053,Madison
13164,36067,Onondaga
13165,36099,Seneca
13166,36011,Cayuga
13167,36075,Oswego
13201,36067,Onondaga
13202,36067,Onondaga
13203,36067,Onondaga
13204,36067,Onondaga
13205,36067,Onondaga
13206,36067,Onondaga
13207,36067,Onondaga
13208,36067,Onondaga
13209,36067,Onondaga
13210,36067,Onondaga
13211,36067,Onondaga
13212,36067,Onondaga
13214,36067,Onondaga
13215,36067,Onondaga
13217,36067,Onondaga
13218,36067,Onondaga
13219,36067,Onondaga
13220,36067,Onondaga
13221,36067,Onondaga
13224,36067,Onondaga
13225,36067,Onondaga
13235,36067,Onondaga
13244,36067,Onondaga
13250,36067,Onondaga
13251,36067,Onondaga
13252,36067,Onondaga
13261,36067,Onondaga
13290,36067,Onondaga
13301,36065,Oneida
13302,36075,Oswego
13303,36065,Oneida
13304,36065,Oneida
13305,36049,Lewis
13308,36065,Oneida
13309,36065,Oneida
13310,36053,Madison
13312,36049,Lewis
13313,36065,Oneida
13314,36053,Madison
13315,36077,Otsego
13316,36065,Oneida
13317,36057,Montgomery
13318,36065,Oneida
13319,36065,Oneida
13320,36077,Otsego
13321,36065,Oneida
13322,36043,Herkimer
13323,36065,Oneida
13324,36043,Herkimer
13325,36049,Lewis
13326,36077,Otsego
13327,36049,Lewis
13328,36065,Oneida
13329,36035,Fulton
13331,36043,Herkimer
13332,36053,Madison
13333,36077,Otsego
13334,36053,Madison
13335,36077,Otsego
13337,36077,Otsego
13338,36043,Herkimer
13339,36057,Montgomery
13340,36043,Herkimer
13341,36065,Oneida
13342,36077,Otsego
13343,36049,Lewis
13345,36049,Lewis
13346,36053,Madison
13348,36077,Otsego
13350,36043,Herkimer
13352,36065,Oneida
13353,36041,Hamilton
13354,36065,Oneida
13355,36053,Madison
13357,36043,Herkimer
13360,36041,Hamilton
13361,36043,Herkimer
13362,36065,Oneida
13363,36065,Oneida
13364,36053,Madison
13365,36043,Herkimer
13367,36049,Lewis
13368,36049,Lewis
13401,36065,Oneida
13402,36053,Madison
13403,36065,Oneida
13404,36049,Lewis
13406,36043,Herkimer
13407,36043,Herkimer
13408,36053,Madison
13409,36053,Madison
13410,36057,Montgomery
13411,36077,Otsego
13413,36065,Oneida
13415,36077,Otsego
13416,36043,Herkimer
13417,36065,Oneida
13418,36053,Madison
13420,36043,Herkimer
13421,36053,Madison
13424,36065,Oneida
13425,36065,Oneida
13426,36075,Oswego
13428,36057,Montgomery
13431,36043,Herkimer
13433,36049,Lewis
13435,36065,Oneida
13436,36041,Hamilton
13437,36075,Oswego
13438,36065,Oneida
13439,36077,Otsego
13440,36065,Oneida
13441,36065,Oneida
13442,36065,Oneida
13449,36065,Oneida
13450,36077,Otsego
13452,36035,Fulton
13454,36043,Herkimer
13455,36065,Oneida
13456,36065,Oneida
13457,36077,Otsego
13459,36095,Schoharie
13460,36017,Chenango
13461,36065,Oneida
13464,36017,Chenango
13465,36053,Madison
13468,36077,Otsego
13469,36065,Oneida
13470,36035,Fulton
13471,36065,Oneida
13472,36043,Herkimer
13473,36049,Lewis
13475,36043,Herkimer
13476,36065,Oneida
13477,36065,Oneida
13478,36065,Oneida
13479,36065,Oneida
13480,36065,Oneida
13482,36077,Otsego
13483,36065,Oneida
13484,36053,Madison
13485,36053,Madison
13486,36065,Oneida
13488,36077,Otsego
13489,36049,Lewis
13490,36065,Oneida
13491,36077,Otsego
13492,36065,Oneida
13493,36075,Oswego
13494,36065,Oneida
13495,36065,Oneida
13501,36065,Oneida
13502,36065,Oneida
13503,36065,Oneida
13504,36065,Oneida
13505,36065,Oneida
13599,36065,Oneida
13601,36045,Jefferson
13602,36045,Jefferson
13603,36045,Jefferson
13605,36045,Jefferson
13606,36045,Jefferson
13607,36045,Jefferson
13608,36045,Jefferson
13611,36045,Jefferson
13612,36045,Jefferson
13613,36089,St. Lawrence
13614,36089,St. Lawrence
13615,36045,Jefferson
13616,36045,Jefferson
13617,36089,St. Lawrence
13618,36045,Jefferson
13619,36045,Jefferson
13620,36049,Lewis
13621,36089,St. Lawrence
13622,36045,Jefferson
13623,36089,St. Lawrence
13624,36045,Jefferson
13625,36089,St. Lawrence
13626,36049,Lewis
13627,36049,Lewis
13628,36045,Jefferson
13630,36089,St. Lawrence
13631,36049,Lewis
13632,36045,Jefferson
13633,36089,St. Lawrence
13634,36045,Jefferson
13635,36089,St. Lawrence
13636,36045,Jefferson
13637,36045,Jefferson
13638,36045,Jefferson
13639,36089,St. Lawrence
13640,36045,Jefferson
13641,36045,Jefferson
13642,36089,St. Lawrence
13643,36045,Jefferson
13645,36089,St. Lawrence
13646,36089,St. Lawrence
13647,36089,St. Lawrence
13648,36049,Lewis
13649,36089,St. Lawrence
13650,36045,Jefferson
13651,36045,Jefferson
13652,36089,St. Lawrence
13654,36089,St. Lawrence
13655,36033,Franklin
13656,36045,Jefferson
13657,36045,Jefferson
13658,36089,St. Lawrence
13659,36045,Jefferson
13660,36089,St. Lawrence
13661,36045,Jefferson
13662,36089,St. Lawrence
13664,36089,St. Lawrence
13665,36049,Lewis
13666,36089,St. Lawrence
13667,36089,St. Lawrence
13668,36089,St. Lawrence
13669,36089,St. Lawrence
13670,36089,St. Lawrence
13671,36045,Jefferson
13672,36089,St. Lawrence
13673,36045,Jefferson
13674,36045,Jefferson
13675,36045,Jefferson
13676,36089,St. Lawrence
13677,36089,St. Lawrence
13678,36089,St. Lawrence
13679,36045,Jefferson
13680,36089,St. Lawrence
13681,36089,St. Lawrence
13682,36045,Jefferson
13683,36089,St. Lawrence
13684,36089,St. Lawrence
13685,36045,Jefferson
13687,36089,St. Lawrence
13690,36089,St. Lawrence
13691,36045,Jefferson
13692,36045,Jefferson
13693,36045,Jefferson
13694,36089,St. Lawrence
13695,36089,St. Lawrence
13696,36089,St. Lawrence
13697,36089,St. Lawrence
13699,36089,St. Lawrence
13730,36017,Chenango
13731,36025,Delaware
13732,36107,Tioga
13733,36017,Chenango
13734,36107,Tioga
13736,36107,Tioga
13737,36007,Broome
13738,36023,Cortland
13739,36025,Delaware
13740,36025,Delaware
13743,36107,Tioga
13744,36007,Broome
13745,36007,Broome
13746,36007,Broome
13747,36077,Otsego
13748,36007,Broome
13749,36007,Broome
13750,36025,Delaware
13751,36025,Delaware
13752,36025,Delaware
13753,36025,Delaware
13754,36007,Broome
13755,36025,Delaware
13756,36025,Delaware
13757,36025,Delaware
13758,36017,Chenango
13760,36007,Broome
13761,36007,Broome
13762,36007,Broome
13763,36007,Broome
13774,36025,Delaware
13775,36025,Delaware
13776,36077,Otsego
13777,36007,Broome
13778,36017,Chenango
13780,36017,Chenango
13782,36025,Delaware
13783,36025,Delaware
13784,36023,Cortland
13786,36025,Delaware
13787,36007,Broome
13788,36025,Delaware
13790,36007,Broome
13794,36007,Broome
13795,36007,Broome
13796,36077,Otsego
13797,36007,Broome
13801,36017,Chenango
13802,36007,Broome
13803,36023,Cortland
13804,36025,Delaware
13806,36025,Delaware
13807,36077,Otsego
13808,36077,Otsego
13809,36077,Otsego
13810,36077,Otsego
13811,36107,Tioga
13812,36107,Tioga
13813,36007,Broome
13814,36017,Chenango
13815,36017,Chenango
13820,36077,Otsego
13825,36077,Otsego
13826,36007,Broome
13827,36107,Tioga
13830,36017,Chenango
13832,36017,Chenango
13833,36007,Broome
13834,36077,Otsego
13835,36107,Tioga
13838,36025,Delaware
13839,36025,Delaware
13840,36107,Tioga
13841,36017,Chenango
13842,36025,Delaware
13843,36077,Otsego
13844,36017,Chenango
13845,36107,Tioga
13846,36025,Delaware
13847,36025,Delaware
13848,36007,Broome
13849,36077,Otsego
13850,36007,Broome
13851,36007,Broome
13856,36025,Delaware
13859,36077,Otsego
13860,36025,Delaware
13861,36077,Otsego
13862,36007,Broome
13863,36023,Cortland
13864,36107,Tioga
13865,36007,Broome
13901,36007,Broome
13902,36007,Broome
13903,36007,Broome
13904,36007,Broome
13905,36007,Broome
14001,36029,Erie
14004,36029,Erie
14005,36037,Genesee
14006,36029,Erie
14008,36063,Niagara
14009,36121,Wyoming
14010,36029,Erie
14011,36121,Wyoming
14012,36063,Niagara
14013,36037,Genesee
14020,36037,Genesee
14021,36037,Genesee
14024,36121,Wyoming
14025,36029,Erie
14026,36029,Erie
14027,36029,Erie
14028,36063,Niagara
14029,36003,Allegany
14030,36029,Erie
14031,36029,Erie
14032,36029,Erie
14033,36029,Erie
14034,36029,Erie
14035,36029,Erie
14036,36037,Genesee
14037,36121,Wyoming
14038,36029,Erie
14039,36121,Wyoming
14040,36037,Genesee
14041,36009,Cattaraugus
14042,36009,Cattaraugus
14043,36029,Erie
14047,36029,Erie
14048,36013,Chautauqua
14051,36029,Erie
14052,36029,Erie
14054,36037,Genesee
14055,36029,Erie
14056,36037,Genesee
14057,36029,Erie
14058,36037,Genesee
14059,36029,Erie
14060,36003,Allegany
14061,36029,Erie
14062,36013,Chautauqua
14063,36013,Chautauqua
14065,36009,Cattaraugus
14066,36121,Wyoming
14067,36063,Niagara
14068,36029,Erie
14069,36029,Erie
14070,36009,Cattaraugus
14072,36029,Erie
14075,36029,Erie
14080,36029,Erie
14081,36029,Erie
14082,36121,Wyoming
14083,36121,Wyoming
14085,36029,Erie
14086,36029,Erie
14091,36029,Erie
14092,36063,Niagara
14094,36063,Niagara
14095,36063,Niagara
14098,36073,Orleans
14101,36009,Cattaraugus
14102,36029,Erie
14103,36073,Orleans
14105,36063,Niagara
14107,36063,Niagara
14108,36063,Niagara
14109,36063,Niagara
14110,36029,Erie
14111,36029,Erie
14112,36029,Erie
14113,36121,Wyoming
14120,36063,Niagara
14125,36037,Genesee
14126,36063,Niagara
14127,36029,Erie
14129,36009,Cattaraugus
14130,36121,Wyoming
14131,36063,Niagara
14132,36063,Niagara
14133,36009,Cattaraugus
14134,36029,Erie
14135,36013,Chautauqua
14136,36013,Chautauqua
14138,36009,Cattaraugus
14139,36029,Erie
14140,36029,Erie
14141,36029,Erie
14143,36037,Genesee
14144,36063,Niagara
14145,36121,Wyoming
14150,36029,Erie
14151,36029,Erie
14166,36013,Chautauqua
14167,36121,Wyoming
14168,36009,Cattaraugus
14169,36029,Erie
14170,36029,Erie
14171,36009,Cattaraugus
14172,36063,Niagara
14173,36009,Cattaraugus
14174,36063,Niagara
14201,36029,Erie
14202,36029,Erie
14203,36029,Erie
14204,36029,Erie
14205,36029,Erie
14206,36029,Erie
14207,36029,Erie
14208,36029,Erie
14209,36029,Erie
14210,36029,Erie
14211,36029,Erie
14212,36029,Erie
14213,36029,Erie
14214,36029,Erie
14215,36029,Erie
14216,36029,Erie
14217,36029,Erie
14218,36029,Erie
14219,36029,Erie
14220,36029,Erie
14221,36029,Erie
14222,36029,Erie
14223,36029,Erie
14224,36029,Erie
14225,36029,Erie
14226,36029,Erie
14227,36029,Erie
14228,36029,Erie
14231,36029,Erie
14233,36029,Erie
14240,36029,Erie
14241,36029,Erie
14260,36029,Erie
14261,36029,Erie
14263,36029,Erie
14264,36029,Erie
14265,36029,Erie
14267,36029,Erie
14269,36029,Erie
14270,36029,Erie
14272,36029,Erie
14273,36029,Erie
14276,36029,Erie
14280,36029,Erie
14301,36063,Niagara
14302,36063,Niagara
14303,36063,Niagara
14304,36063,Niagara
14305,36063,Niagara
14410,36055,Monroe
14411,36073,Orleans
14413,36117,Wayne
14414,36051,Livingston
14415,36123,Yates
14416,36037,Genesee
14418,36123,Yates
14420,36055,Monroe
14422,36037,Genesee
14423,36051,Livingston
14424,36069,Ontario
14425,36069,Ontario
14427,36121,Wyoming
14428,36055,Monroe
14429,36073,Orleans
14430,36055,Monroe
14432,36069,Ontario
14433,36117,Wayne
14435,36051,Livingston
14437,36051,Livingston
14441,36123,Yates
14443,36069,Ontario
14445,36055,Monroe
14449,36117,Wayne
14450,36055,Monroe
14452,36073,Orleans
14453,36069,Ontario
14454,36051,Livingston
14456,36069,Ontario
14461,36069,Ontario
14462,36051,Livingston
14463,36069,Ontario
14464,36055,Monroe
14466,36069,Ontario
14467,36055,Monroe
14468,36055,Monroe
14469,36069,Ontario
14470,36073,Orleans
14471,36069,Ontario
14472,36055,Monroe
14475,36069,Ontario
14476,36073,Orleans
14477,36073,Orleans
14478,36123,Yates
14479,36073,Orleans
14480,36051,Livingston
14481,36051,Livingston
14482,36037,Genesee
14485,36051,Livingston
14486,36051,Livingston
14487,36051,Livingston
14488,36051,Livingston
14489,36117,Wayne
14502,36117,Wayne
14504,36069,Ontario
14505,36117,Wayne
14506,36055,Monroe
14507,36123,Yates
14508,36073,Orleans
14510,36051,Livingston
14511,36055,Monroe
14512,36069,Ontario
14513,36117,Wayne
14514,36055,Monroe
14515,36055,Monroe
14516,36117,Wayne
14517,36051,Livingston
14518,36069,Ontario
14519,36117,Wayne
14520,36117,Wayne
14521,36099,Seneca
14522,36117,Wayne
14525,36037,Genesee
14526,36055,Monroe
14527,36123,Yates
14529,36101,Steuben
14530,36121,Wyoming
14532,36069,Ontario
14533,36051,Livingston
14534,36055,Monroe
14536,36121,Wyoming
14537,36069,Ontario
14538,36117,Wayne
14539,36051,Livingston
14541,36099,Seneca
14542,36117,Wayne
14543,36055,Monroe
14544,36123,Yates
14545,36051,Livingston
14546,36055,Monroe
14547,36069,Ontario
14548,36069,Ontario
14549,36121,Wyoming
14550,36121,Wyoming
14551,36117,Wayne
14555,36117,Wayne
14556,36051,Livingston
14557,36037,Genesee
14558,36051,Livingston
14559,36055,Monroe
14560,36069,Ontario
14561,36069,Ontario
14563,36117,Wayne
14564,36069,Ontario
14568,36117,Wayne
14569,36121,Wyoming
14571,36073,Orleans
14572,36101,Steuben
14580,36055,Monroe
14585,36069,Ontario
14586,36055,Monroe
14588,36099,Seneca
14589,36117,Wayne
14590,36117,Wayne
14591,36121,Wyoming
14592,36051,Livingston
14602,36055,Monroe
14603,36055,Monroe
14604,36055,Monroe
14605,36055,Monroe
14606,36055,Monroe
14607,36055,Monroe
14608,36055,Monroe
14609,36055,Monroe
14610,36055,Monroe
14611,36055,Monroe
14612,36055,Monroe
14613,36055,Monroe
14614,36055,Monroe
14615,36055,Monroe
14616,36055,Monroe
14617,36055,Monroe
14618,36055,Monroe
14619,36055,Monroe
14620,36055,Monroe
14621,36055,Monroe
14622,36055,Monroe
14623,36055,Monroe
14624,36055,Monroe
14625,36055,Monroe
14626,36055,Monroe
14627,36055,Monroe
14638,36055,Monroe
14639,36055,Monroe
14642,36055,Monroe
14643,36055,Monroe
14644,36055,Monroe
14646,36055,Monroe
14647,36055,Monroe
14649,36055,Monroe
14650,36055,Monroe
14651,36055,Monroe
14652,36055,Monroe
14653,36055,Monroe
14692,36055,Monroe
14694,36055,Monroe
14701,36013,Chautauqua
14702,36013,Chautauqua
14706,36009,Cattaraugus
14707,36003,Allegany
14708,36003,Allegany
14709,36003,Allegany
14710,36013,Chautauqua
14711,36003,Allegany
14712,36013,Chautauqua
14714,36003,Allegany
14715,36003,Allegany
14716,36013,Chautauqua
14717,36003,Allegany
14718,36013,Chautauqua
14719,36009,Cattaraugus
14720,36013,Chautauqua
14721,36003,Allegany
14722,36013,Chautauqua
14723,36013,Chautauqua
14724,36013,Chautauqua
14726,36009,Cattaraugus
14727,36003,Allegany
14728,36013,Chautauqua
14729,36009,Cattaraugus
14730,36009,Cattaraugus
14731,36009,Cattaraugus
14732,36013,Chautauqua
14733,36013,Chautauqua
14735,36003,Allegany
14736,36013,Chautauqua
14737,36009,Cattaraugus
14738,36013,Chautauqua
14739,36003,Allegany
14740,36013,Chautauqua
14741,36009,Cattaraugus
14742,36013,Chautauqua
14743,36009,Cattaraugus
14744,36003,Allegany
14745,36003,Allegany
14747,36013,Chautauqua
14748,36009,Cattaraugus
14750,36013,Chautauqua
14751,36009,Cattaraugus
14752,36013,Chautauqua
14753,36009,Cattaraugus
14754,36003,Allegany
14755,36009,Cattaraugus
14756,36013,Chautauqua
14757,36013,Chautauqua
14758,36013,Chautauqua
14760,36009,Cattaraugus
14766,36009,Cattaraugus
14767,36013,Chautauqua
14769,36013,Chautauqua
14770,36003,Allegany
14772,36009,Cattaraugus
14774,36003,Allegany
14775,36013,Chautauqua
14777,36003,Allegany
14778,36009,Cattaraugus
14779,36009,Cattaraugus
14781,36013,Chautauqua
14782,36013,Chautauqua
14783,36009,Cattaraugus
14784,36013,Chautauqua
14785,36013,Chautauqua
14786,36003,Allegany
14787,36013,Chautauqua
14788,36009,Cattaraugus
14801,36101,Steuben
14802,36003,Allegany
14803,36003,Allegany
14804,36003,Allegany
14805,36097,Schuyler
14806,36003,Allegany
14807,36101,Steuben
14808,36101,Steuben
14809,36101,Steuben
14810,36101,Steuben
14812,36097,Schuyler
14813,36003,Allegany
14814,36015,Chemung
14815,36097,Schuyler
14816,36015,Chemung
14817,36109,Tompkins
14818,36097,Schuyler
14819,36101,Steuben
14820,36101,Steuben
14821,36101,Steuben
14822,36003,Allegany
14823,36101,Steuben
14824,36097,Schuyler
14825,36015,Chemung
14826,36101,Steuben
14827,36101,Steuben
14830,36101,Steuben
14831,36101,Steuben
14836,36051,Livingston
14837,36123,Yates
14838,36015,Chemung
14839,36101,Steuben
14840,36101,Steuben
14841,36097,Schuyler
14842,36123,Yates
14843,36101,Steuben
14845,36015,Chemung
14846,36051,Livingston
14847,36099,Seneca
14850,36109,Tompkins
14851,36109,Tompkins
14852,36109,Tompkins
14853,36109,Tompkins
14854,36109,Tompkins
14855,36101,Steuben
14856,36101,Steuben
14857,36123,Yates
14858,36101,Steuben
14859,36107,Tioga
14860,36099,Seneca
14861,36015,Chemung
14863,36097,Schuyler
14864,36015,Chemung
14865,36097,Schuyler
14867,36109,Tompkins
14869,36097,Schuyler
14870,36101,Steuben
14871,36015,Chemung
14872,36015,Chemung
14873,36101,Steuben
14874,36101,Steuben
14876,36097,Schuyler
14877,36101,Steuben
14878,36097,Schuyler
14879,36101,Steuben
14880,36003,Allegany
14881,36109,Tompkins
14882,36109,Tompkins
14883,36107,Tioga
14884,36003,Allegany
14885,36101,Steuben
14886,36109,Tompkins
14887,36097,Schuyler
14889,36015,Chemung
14891,36097,Schuyler
14892,36107,Tioga
14893,36101,Steuben
14894,36015,Chemung
14895,36003,Allegany
14897,36003,Allegany
14898,36101,Steuben
14901,36015,Chemung
14902,36015,Chemung
14903,36015,Chemung
14904,36015,Chemung
14905,36015,Chemung
15001,42007,Beaver
15003,42007,Beaver
15004,42125,Washington
15005,42007,Beaver
15006,42003,Allegheny
15007,42003,Allegheny
15009,42007,Beaver
15010,42007,Beaver
15012,42129,Westmoreland
15014,42003,Allegheny
15015,42003,Allegheny
15017,42003,Allegheny
15018,42003,Allegheny
15019,42125,Washington
15020,42003,Allegheny
15021,42125,Washington
15022,42125,Washington
15024,42003,Allegheny
15025,42003,Allegheny
15026,42007,Beaver
15027,42007,Beaver
15028,42003,Allegheny
15030,42003,Allegheny
15031,42003,Allegheny
15032,42003,Allegheny
15033,42125,Washington
15034,42003,Allegheny
15035,42003,Allegheny
15037,42003,Allegheny
15038,42125,Washington
15042,42007,Beaver
15043,42007,Beaver
15044,42003,Allegheny
15045,42003,Allegheny
15046,42003,Allegheny
15047,42003,Allegheny
15049,42003,Allegheny
15050,42007,Beaver
15051,42003,Allegheny
15052,42007,Beaver
15053,42125,Washington
15054,42125,Washington
15055,42125,Washington
15056,42003,Allegheny
15057,42125,Washington
15059,42007,Beaver
15060,42125,Washington
15061,42007,Beaver
15062,42129,Westmoreland
15063,42125,Washington
15064,42003,Allegheny
15065,42003,Allegheny
15066,42007,Beaver
15067,42125,Washington
15068,42129,Westmoreland
15069,42129,Westmoreland
15071,42003,Allegheny
15072,42129,Westmoreland
15074,42007,Beaver
15075,42003,Allegheny
15076,42003,Allegheny
15077,42007,Beaver
15078,42125,Washington
15081,42007,Beaver
15082,42003,Allegheny
15083,42129,Westmoreland
15084,42003,Allegheny
15085,42129,Westmoreland
15086,42003,Allegheny
15087,42129,Westmoreland
15088,42003,Allegheny
15089,42129,Westmoreland
15090,42003,Allegheny
15091,42003,Allegheny
15095,42003,Allegheny
15096,42003,Allegheny
15101,42003,Allegheny
15102,42003,Allegheny
15104,42003,Allegheny
15106,42003,Allegheny
15108,42003,Allegheny
15110,42003,Allegheny
15112,42003,Allegheny
15116,42003,Allegheny
15120,42003,Allegheny
15122,42003,Allegheny
15123,42003,Allegheny
15126,42003,Allegheny
15127,42003,Allegheny
15129,42003,Allegheny
15131,42003,Allegheny
15132,42003,Allegheny
15133,42003,Allegheny
15134,42003,Allegheny
15135,42003,Allegheny
15136,42003,Allegheny
15137,42003,Allegheny
15139,42003,Allegheny
15140,42003,Allegheny
15142,42003,Allegheny
15143,42003,Allegheny
15144,42003,Allegheny
15145,42003,Allegheny
15146,42003,Allegheny
15147,42003,Allegheny
15148,42003,Allegheny
15201,42003,Allegheny
15202,42003,Allegheny
15203,42003,Allegheny
15204,42003,Allegheny
15205,42003,Allegheny
15206,42003,Allegheny
15207,42003,Allegheny
15208,42003,Allegheny
15209,42003,Allegheny
15210,42003,Allegheny
15211,42003,Allegheny
15212,42003,Allegheny
15213,42003,Allegheny
15214,42003,Allegheny
15215,42003,Allegheny
15216,42003,Allegheny
15217,42003,Allegheny
15218,42003,Allegheny
15219,42003,Allegheny
15220,42003,Allegheny
15221,42003,Allegheny
15222,42003,Allegheny
15223,42003,Allegheny
15224,42003,Allegheny
15225,42003,Allegheny
15226,42003,Allegheny
15227,42003,Allegheny
15228,42003,Allegheny
15229,42003,Allegheny
15230,42003,Allegheny
15231,42003,Allegheny
15232,42003,Allegheny
15233,42003,Allegheny
15234,42003,Allegheny
15235,42003,Allegheny
15236,42003,Allegheny
15237,42003,Allegheny
15238,42003,Allegheny
15239,42003,Allegheny
15240,42003,Allegheny
15241,42003,Allegheny
15242,42003,Allegheny
15243,42003,Allegheny
15244,42003,Allegheny
15250,42003,Allegheny
15251,42003,Allegheny
15252,42003,Allegheny
15253,42003,Allegheny
15254,42003,Allegheny
15255,42003,Allegheny
15257,42003,Allegheny
15258,42003,Allegheny
15259,42003,Allegheny
15260,42003,Allegheny
15261,42003,Allegheny
15262,42003,Allegheny
15264,42003,Allegheny
15265,42003,Allegheny
15267,42003,Allegheny
15268,42003,Allegheny
15270,42003,Allegheny
15272,42003,Allegheny
15274,42003,Allegheny
15275,42003,Allegheny
15276,42003,Allegheny
15277,42003,Allegheny
15278,42003,Allegheny
15279,42003,Allegheny
15281,42003,Allegheny
15282,42003,Allegheny
15283,42003,Allegheny
15286,42003,Allegheny
15289,42003,Allegheny
15290,42003,Allegheny
15295,42003,Allegheny
15301,42125,Washington
15310,42059,Greene
15311,42125,Washington
15312,42125,Washington
15313,42125,Washington
15314,42125,Washington
15315,42059,Greene
15316,42059,Greene
15317,42125,Washington
15320,42059,Greene
15321,42125,Washington
15322,42059,Greene
15323,42125,Washington
15324,42125,Washington
15325,42059,Greene
15327,42059,Greene
15329,42125,Washington
15330,42125,Washington
15331,42125,Washington
15332,42125,Washington
15333,42125,Washington
15334,42059,Greene
15336,42125,Washington
15337,42059,Greene
15338,42059,Greene
15339,42125,Washington
15340,42125,Washington
15341,42059,Greene
15342,42125,Washington
15344,42059,Greene
15345,42125,Washington
15346,42059,Greene
15347,42125,Washington
15348,42125,Washington
15349,42059,Greene
15350,42125,Washington
15351,42059,Greene
15352,42059,Greene
15353,42059,Greene
15357,42059,Greene
15358,42125,Washington
15359,42059,Greene
15360,42125,Washington
15361,42125,Washington
15362,42059,Greene
15363,42125,Washington
15364,42059,Greene
15365,42125,Washington
15366,42125,Washington
15367,42125,Washington
15368,42125,Washington
15370,42059,Greene
15376,42125,Washington
15377,42125,Washington
15378,42125,Washington
15379,42125,Washington
15380,42059,Greene
15401,42051,Fayette
15410,42051,Fayette
15411,42111,Somerset
15412,42125,Washington
15413,42051,Fayette
15415,42051,Fayette
15416,42051,Fayette
15417,42125,Washington
15419,42125,Washington
15420,42051,Fayette
15421,42051,Fayette
15422,42051,Fayette
15423,42125,Washington
15424,42111,Somerset
15425,42051,Fayette
15427,42125,Washington
15428,42051,Fayette
15429,42125,Washington
15430,42051,Fayette
15431,42051,Fayette
15432,42125,Washington
15433,42051,Fayette
15434,42125,Washington
15435,42051,Fayette
15436,42051,Fayette
15437,42051,Fayette
15438,42051,Fayette
15439,42051,Fayette
15440,42051,Fayette
15442,42051,Fayette
15443,42051,Fayette
15444,42051,Fayette
15445,42051,Fayette
15446,42051,Fayette
15447,42051,Fayette
15448,42129,Westmoreland
15449,42051,Fayette
15450,42051,Fayette
15451,42051,Fayette
15454,42051,Fayette
15455,42051,Fayette
15456,42051,Fayette
15458,42051,Fayette
15459,42051,Fayette
15460,42051,Fayette
15461,42051,Fayette
15462,42051,Fayette
15463,42051,Fayette
15464,42051,Fayette
15465,42051,Fayette
15466,42051,Fayette
15467,42051,Fayette
15468,42051,Fayette
15469,42051,Fayette
15470,42051,Fayette
15472,42051,Fayette
15473,42051,Fayette
15474,42051,Fayette
15475,42051,Fayette
15476,42051,Fayette
15477,42125,Washington
15478,42051,Fayette
15479,42129,Westmoreland
15480,42051,Fayette
15482,42051,Fayette
15483,42125,Washington
15484,42051,Fayette
15485,42111,Somerset
15486,42051,Fayette
15488,42051,Fayette
15489,42051,Fayette
15490,42051,Fayette
15492,42051,Fayette
15501,42111,Somerset
15502,42111,Somerset
15510,42111,Somerset
15520,42111,Somerset
15521,42009,Bedford
15522,42009,Bedford
15530,42111,Somerset
15531,42111,Somerset
15532,42111,Somerset
15533,42009,Bedford
15534,42009,Bedford
15535,42009,Bedford
15536,42057,Fulton
15537,42009,Bedford
15538,42111,Somerset
15539,42009,Bedford
15540,42111,Somerset
15541,42111,Somerset
15542,42111,Somerset
15544,42111,Somerset
15545,42009,Bedford
15546,42111,Somerset
15547,42111,Somerset
15548,42111,Somerset
15549,42111,Somerset
15550,42009,Bedford
15551,42111,Somerset
15552,42111,Somerset
15553,42111,Somerset
15554,42009,Bedford
15555,42111,Somerset
15557,42111,Somerset
15558,42111,Somerset
15559,42009,Bedford
15560,42111,Somerset
15561,42111,Somerset
15562,42111,Somerset
15563,42111,Somerset
15564,42111,Somerset
15565,42111,Somerset
15601,42129,Westmoreland
15605,42129,Westmoreland
15606,42129,Westmoreland
15610,42129,Westmoreland
15611,42129,Westmoreland
15612,42129,Westmoreland
15613,42129,Westmoreland
15615,42129,Westmoreland
15616,42129,Westmoreland
15617,42129,Westmoreland
15618,42005,Armstrong
15619,42129,Westmoreland
15620,42129,Westmoreland
15621,42129,Westmoreland
15622,42051,Fayette
15623,42129,Westmoreland
15624,42129,Westmoreland
15625,42129,Westmoreland
15626,42129,Westmoreland
15627,42129,Westmoreland
15628,42129,Westmoreland
15629,42129,Westmoreland
15631,42051,Fayette
15632,42129,Westmoreland
15633,42129,Westmoreland
15634,42129,Westmoreland
15635,42129,Westmoreland
15636,42129,Westmoreland
15637,42129,Westmoreland
15638,42129,Westmoreland
15639,42129,Westmoreland
15640,42129,Westmoreland
15641,42129,Westmoreland
15642,42129,Westmoreland
15644,42129,Westmoreland
15646,42129,Westmoreland
15647,42129,Westmoreland
15650,42129,Westmoreland
15655,42129,Westmoreland
15656,42129,Westmoreland
15658,42129,Westmoreland
15660,42129,Westmoreland
15661,42129,Westmoreland
15662,42129,Westmoreland
15663,42129,Westmoreland
15664,42129,Westmoreland
15665,42129,Westmoreland
15666,42129,Westmoreland
15668,42129,Westmoreland
15670,42129,Westmoreland
15671,42129,Westmoreland
15672,42129,Westmoreland
15673,42005,Armstrong
15674,42129,Westmoreland
15675,42129,Westmoreland
15676,42129,Westmoreland
15677,42129,Westmoreland
15678,42129,Westmoreland
15679,42129,Westmoreland
15680,42129,Westmoreland
15681,42063,Indiana
15682,42005,Armstrong
15683,42129,Westmoreland
15684,42129,Westmoreland
15685,42129,Westmoreland
15686,42005,Armstrong
15687,42129,Westmoreland
15688,42129,Westmoreland
15689,42129,Westmoreland
15690,42005,Armstrong
15691,42129,Westmoreland
15692,42129,Westmoreland
15693,42129,Westmoreland
15695,42129,Westmoreland
15696,42129,Westmoreland
15697,42129,Westmoreland
15698,42129,Westmoreland
15701,42063,Indiana
15705,42063,Indiana
15710,42063,Indiana
15711,42065,Jefferson
15712,42063,Indiana
15713,42063,Indiana
15714,42021,Cambria
15715,42065,Jefferson
15716,42063,Indiana
15717,42063,Indiana
15720,42063,Indiana
15721,42033,Clearfield
15722,42021,Cambria
15723,42063,Indiana
15724,42063,Indiana
15725,42063,Indiana
15727,42063,Indiana
15728,42063,Indiana
15729,42063,Indiana
15730,42065,Jefferson
15731,42063,Indiana
15732,42063,Indiana
15733,42065,Jefferson
15734,42063,Indiana
15736,42005,Armstrong
15737,42021,Cambria
15738,42021,Cambria
15739,42063,Indiana
15741,42063,Indiana
15742,42063,Indiana
15744,42065,Jefferson
15745,42063,Indiana
15746,42063,Indiana
15747,42063,Indiana
15748,42063,Indiana
15750,42063,Indiana
15752,42063,Indiana
15753,42033,Clearfield
15754,42063,Indiana
15756,42063,Indiana
15757,42033,Clearfield
15758,42063,Indiana
15759,42063,Indiana
15760,42021,Cambria
15761,42063,Indiana
15762,42021,Cambria
15763,42063,Indiana
15764,42065,Jefferson
15765,42063,Indiana
15767,42065,Jefferson
15770,42065,Jefferson
15771,42063,Indiana
15772,42063,Indiana
15773,42021,Cambria
15774,42005,Armstrong
15775,42021,Cambria
15776,42065,Jefferson
15777,42063,Indiana
15778,42065,Jefferson
15779,42129,Westmoreland
15780,42065,Jefferson
15781,42065,Jefferson
15783,42063,Indiana
15784,42065,Jefferson
15801,42033,Clearfield
15821,42047,Elk
15822,42047,Elk
15823,42047,Elk
15824,42065,Jefferson
15825,42065,Jefferson
15827,42047,Elk
15828,42053,Forest
15829,42065,Jefferson
15831,42047,Elk
15832,42023,Cameron
15834,42023,Cameron
15840,42065,Jefferson
15841,42047,Elk
15845,42047,Elk
15846,42047,Elk
15847,42065,Jefferson
15848,42033,Clearfield
15849,42033,Clearfield
15851,42065,Jefferson
15853,42047,Elk
15856,42033,Clearfield
15857,42047,Elk
15860,42065,Jefferson
15861,42023,Cameron
15863,42065,Jefferson
15864,42065,Jefferson
15865,42065,Jefferson
15866,42033,Clearfield
15868,42047,Elk
15870,42047,Elk
15901,42021,Cambria
15902,42021,Cambria
15904,42021,Cambria
15905,42021,Cambria
15906,42021,Cambria
15907,42021,Cambria
15909,42021,Cambria
15915,42021,Cambria
15920,42063,Indiana
15921,42021,Cambria
15922,42021,Cambria
15923,42129,Westmoreland
15924,42111,Somerset
15925,42021,Cambria
15926,42111,Somerset
15927,42021,Cambria
15928,42111,Somerset
15929,42063,Indiana
15930,42021,Cambria
15931,42021,Cambria
15934,42021,Cambria
15935,42111,Somerset
15936,42111,Somerset
15937,42111,Somerset
15938,42021,Cambria
15940,42021,Cambria
15942,42021,Cambria
15943,42021,Cambria
15944,42129,Westmoreland
15945,42021,Cambria
15946,42021,Cambria
15948,42021,Cambria
15949,42063,Indiana
15951,42021,Cambria
15952,42021,Cambria
15953,42111,Somerset
15954,42063,Indiana
15955,42021,Cambria
15956,42021,Cambria
15957,42063,Indiana
15958,42021,Cambria
15959,42111,Somerset
15960,42021,Cambria
15961,42063,Indiana
15962,42021,Cambria
15963,42111,Somerset
16001,42019,Butler
16002,42019,Butler
16003,42019,Butler
16016,42019,Butler
16017,42019,Butler
16018,42019,Butler
16020,42019,Butler
16021,42019,Butler
16022,42019,Butler
16023,42019,Butler
16024,42019,Butler
16025,42019,Butler
16027,42019,Butler
16028,42005,Armstrong
16029,42019,Butler
16030,42019,Butler
16033,42019,Butler
16034,42019,Butler
16035,42019,Butler
16036,42031,Clarion
16037,42019,Butler
16038,42019,Butler
16039,42019,Butler
16040,42019,Butler
16041,42019,Butler
16045,42019,Butler
16046,42019,Butler
16048,42019,Butler
16049,42031,Clarion
16050,42019,Butler
16051,42019,Butler
16052,42019,Butler
16053,42019,Butler
16054,42031,Clarion
16055,42019,Butler
16056,42019,Butler
16057,42019,Butler
16058,42031,Clarion
16059,42019,Butler
16061,42019,Butler
16063,42019,Butler
16066,42019,Butler
16101,42073,Lawrence
16102,42073,Lawrence
16103,42073,Lawrence
16105,42073,Lawrence
16107,42073,Lawrence
16108,42073,Lawrence
16110,42039,Crawford
16111,42039,Crawford
16112,42073,Lawrence
16113,42085,Mercer
16114,42085,Mercer
16115,42007,Beaver
16116,42073,Lawrence
16117,42073,Lawrence
16120,42073,Lawrence
16121,42085,Mercer
16123,42007,Beaver
16124,42085,Mercer
16125,42085,Mercer
16127,42085,Mercer
16130,42085,Mercer
16131,42039,Crawford
16132,42073,Lawrence
16133,42085,Mercer
16134,42039,Crawford
16136,42007,Beaver
16137,42085,Mercer
16140,42073,Lawrence
16141,42073,Lawrence
16142,42085,Mercer
16143,42073,Lawrence
16145,42085,Mercer
16146,42085,Mercer
16148,42085,Mercer
16150,42085,Mercer
16151,42085,Mercer
16153,42085,Mercer
16154,42085,Mercer
16155,42073,Lawrence
16156,42073,Lawrence
16157,42073,Lawrence
16159,42085,Mercer
16160,42073,Lawrence
16161,42085,Mercer
16172,42073,Lawrence
16201,42005,Armstrong
16210,42005,Armstrong
16211,42063,Indiana
16212,42005,Armstrong
16213,42031,Clarion
16214,42031,Clarion
16217,42053,Forest
16218,42005,Armstrong
16220,42031,Clarion
16221,42031,Clarion
16222,42005,Armstrong
16223,42005,Armstrong
16224,42031,Clarion
16225,42031,Clarion
16226,42005,Armstrong
16228,42005,Armstrong
16229,42005,Armstrong
16230,42031,Clarion
16232,42031,Clarion
16233,42031,Clarion
16234,42031,Clarion
16235,42031,Clarion
16236,42005,Armstrong
16238,42005,Armstrong
16239,42053,Forest
16240,42065,Jefferson
16242,42031,Clarion
16244,42005,Armstrong
16245,42005,Armstrong
16246,42063,Indiana
16248,42031,Clarion
16249,42005,Armstrong
16250,42005,Armstrong
16253,42005,Armstrong
16254,42031,Clarion
16255,42031,Clarion
16256,42063,Indiana
16257,42031,Clarion
16258,42031,Clarion
16259,42005,Armstrong
16260,42031,Clarion
16261,42005,Armstrong
16262,42005,Armstrong
16263,42005,Armstrong
16301,42121,Venango
16311,42085,Mercer
16312,42123,Warren
16313,42123,Warren
16314,42039,Crawford
16316,42039,Crawford
16317,42121,Venango
16319,42121,Venango
16321,42053,Forest
16322,42053,Forest
16323,42121,Venango
16326,42031,Clarion
16327,42039,Crawford
16328,42039,Crawford
16329,42123,Warren
16331,42031,Clarion
16332,42031,Clarion
16333,42083,McKean
16334,42031,Clarion
16335,42039,Crawford
16340,42123,Warren
16341,42121,Venango
16342,42121,Venango
16343,42121,Venango
16344,42121,Venango
16345,42123,Warren
16346,42121,Venango
16347,42123,Warren
16350,42123,Warren
16351,42123,Warren
16352,42123,Warren
16353,42053,Forest
16354,42121,Venango
16360,42039,Crawford
16361,42031,Clarion
16362,42121,Venango
16364,42121,Venango
16365,42123,Warren
16366,42123,Warren
16367,42123,Warren
16368,42123,Warren
16369,42123,Warren
16370,42053,Forest
16371,42123,Warren
16372,42121,Venango
16373,42121,Venango
16374,42121,Venango
16375,42031,Clarion
16388,42039,Crawford
16401,42049,Erie
16402,42123,Warren
16403,42039,Crawford
16404,42039,Crawford
16405,42123,Warren
16406,42039,Crawford
16407,42049,Erie
16410,42049,Erie
16411,42049,Erie
16412,42049,Erie
16413,42049,Erie
16415,42049,Erie
16416,42123,Warren
16417,42049,Erie
16420,42123,Warren
16421,42049,Erie
16422,42039,Crawford
16423,42049,Erie
16424,42039,Crawford
16426,42049,Erie
16427,42049,Erie
16428,42049,Erie
16430,42049,Erie
16432,42039,Crawford
16433,42039,Crawford
16434,42039,Crawford
16435,42039,Crawford
16436,42123,Warren
16438,42049,Erie
16440,42039,Crawford
16441,42049,Erie
16442,42049,Erie
16443,42049,Erie
16444,42049,Erie
16475,42049,Erie
16501,42049,Erie
16502,42049,Erie
16503,42049,Erie
16504,42049,Erie
16505,42049,Erie
16506,42049,Erie
16507,42049,Erie
16508,42049,Erie
16509,42049,Erie
16510,42049,Erie
16511,42049,Erie
16512,42049,Erie
16514,42049,Erie
16515,42049,Erie
16522,42049,Erie
16530,42049,Erie
16531,42049,Erie
16534,42049,Erie
16538,42049,Erie
16541,42049,Erie
16544,42049,Erie
16546,42049,Erie
16550,42049,Erie
16553,42049,Erie
16563,42049,Erie
16565,42049,Erie
16601,42013,Blair
16602,42013,Blair
16603,42013,Blair
16611,42061,Huntingdon
16613,42021,Cambria
16616,42033,Clearfield
16617,42013,Blair
16619,42021,Cambria
16620,42033,Clearfield
16621,42061,Huntingdon
16622,42061,Huntingdon
16623,42061,Huntingdon
16624,42021,Cambria
16625,42013,Blair
16627,42033,Clearfield
16629,42021,Cambria
16630,42021,Cambria
16631,42013,Blair
16633,42009,Bedford
16634,42061,Huntingdon
16635,42013,Blair
16636,42021,Cambria
16637,42013,Blair
16638,42061,Huntingdon
16639,42021,Cambria
16640,42021,Cambria
16641,42021,Cambria
16644,42021,Cambria
16645,42033,Clearfield
16646,42021,Cambria
16647,42061,Huntingdon
16648,42013,Blair
16650,42009,Bedford
16651,42033,Clearfield
16652,42061,Huntingdon
16654,42061,Huntingdon
16655,42009,Bedford
16656,42033,Clearfield
16657,42061,Huntingdon
16659,42009,Bedford
16660,42061,Huntingdon
16661,42033,Clearfield
16662,42013,Blair
16663,42033,Clearfield
16664,42009,Bedford
16665,42013,Blair
16666,42033,Clearfield
16667,42009,Bedford
16668,42021,Cambria
16669,42061,Huntingdon
16670,42009,Bedford
16671,42033,Clearfield
16672,42009,Bedford
16673,42013,Blair
16674,42061,Huntingdon
16675,42021,Cambria
16677,42027,Centre
16678,42009,Bedford
16679,42009,Bedford
16680,42033,Clearfield
16681,42033,Clearfield
16682,42013,Blair
16683,42061,Huntingdon
16684,42013,Blair
16685,42061,Huntingdon
16686,42013,Blair
16689,42057,Fulton
16691,42057,Fulton
16692,42033,Clearfield
16693,42013,Blair
16694,42061,Huntingdon
16695,42009,Bedford
16698,42033,Clearfield
16699,42021,Cambria
16701,42083,McKean
16720,42105,Potter
16724,42083,McKean
16725,42083,McKean
16726,42083,McKean
16727,42083,McKean
16728,42047,Elk
16729,42083,McKean
16730,42083,McKean
16731,42083,McKean
16732,42083,McKean
16733,42083,McKean
16734,42047,Elk
16735,42083,McKean
16738,42083,McKean
16740,42083,McKean
16743,42083,McKean
16744,42083,McKean
16745,42083,McKean
16746,42105,Potter
16748,42105,Potter
16749,42083,McKean
16750,42083,McKean
16801,42027,Centre
16802,42027,Centre
16803,42027,Centre
16804,42027,Centre
16805,42027,Centre
16820,42027,Centre
16821,42033,Clearfield
16822,42035,Clinton
16823,42027,Centre
16825,42033,Clearfield
16826,42027,Centre
16827,42027,Centre
16828,42027,Centre
16829,42027,Centre
16830,42033,Clearfield
16832,42027,Centre
16833,42033,Clearfield
16834,42033,Clearfield
16835,42027,Centre
16836,42033,Clearfield
16837,42033,Clearfield
16838,42033,Clearfield
16839,42033,Clearfield
16840,42033,Clearfield
16841,42027,Centre
16843,42033,Clearfield
16844,42027,Centre
16845,42027,Centre
16847,42033,Clearfield
16848,42035,Clinton
16849,42033,Clearfield
16850,42033,Clearfield
16851,42027,Centre
16852,42027,Centre
16853,42027,Centre
16854,42027,Centre
16855,42033,Clearfield
16856,42027,Centre
16858,42033,Clearfield
16859,42027,Centre
16860,42033,Clearfield
16861,42033,Clearfield
16863,42033,Clearfield
16864,42027,Centre
16865,42027,Centre
16866,42027,Centre
16868,42027,Centre
16870,42027,Centre
16871,42035,Clinton
16872,42027,Centre
16873,42033,Clearfield
16874,42027,Centre
16875,42027,Centre
16876,42033,Clearfield
16877,42027,Centre
16878,42033,Clearfield
16879,42033,Clearfield
16881,42033,Clearfield
16882,42027,Centre
16901,42117,Tioga
16910,42015,Bradford
16911,42117,Tioga
16912,42117,Tioga
16914,42015,Bradford
16915,42105,Potter
16917,42117,Tioga
16920,42117,Tioga
16921,42117,Tioga
16922,42105,Potter
16923,42105,Potter
16925,42015,Bradford
16926,42015,Bradford
16927,42105,Potter
16928,42117,Tioga
16929,42117,Tioga
16930,42117,Tioga
16932,42117,Tioga
16933,42117,Tioga
16935,42117,Tioga
16936,42117,Tioga
16937,42105,Potter
16938,42117,Tioga
16939,42117,Tioga
16940,42117,Tioga
16941,42105,Potter
16942,42117,Tioga
16943,42105,Potter
16945,42015,Bradford
16946,42117,Tioga
16947,42015,Bradford
16948,42105,Potter
16950,42117,Tioga
17001,42041,Cumberland
17002,42061,Huntingdon
17003,42075,Lebanon
17004,42087,Mifflin
17005,42043,Dauphin
17006,42099,Perry
17007,42041,Cumberland
17009,42087,Mifflin
17010,42075,Lebanon
17011,42041,Cumberland
17012,42041,Cumberland
17013,42041,Cumberland
17014,42067,Juniata
17015,42041,Cumberland
17016,42075,Lebanon
17017,42097,Northumberland
17018,42043,Dauphin
17019,42133,York
17020,42099,Perry
17021,42067,Juniata
17022,42071,Lancaster
17023,42043,Dauphin
17024,42099,Perry
17025,42041,Cumberland
17026,42075,Lebanon
17027,42041,Cumberland
17028,42075,Lebanon
17029,42087,Mifflin
17030,42043,Dauphin
17032,42043,Dauphin
17033,42043,Dauphin
17034,42043,Dauphin
17035,42067,Juniata
17036,42043,Dauphin
17037,42099,Perry
17038,42075,Lebanon
17039,42075,Lebanon
17040,42099,Perry
17041,42075,Lebanon
17042,42075,Lebanon
17043,42041,Cumberland
17044,42087,Mifflin
17045,42099,Perry
17046,42075,Lebanon
17047,42099,Perry
17048,42043,Dauphin
17049,42067,Juniata
17050,42041,Cumberland
17051,42087,Mifflin
17052,42061,Huntingdon
17053,42099,Perry
17054,42087,Mifflin
17055,42041,Cumberland
17056,42067,Juniata
17057,42043,Dauphin
17058,42067,Juniata
17059,42067,Juniata
17060,42061,Huntingdon
17061,42043,Dauphin
17062,42099,Perry
17063,42087,Mifflin
17064,42075,Lebanon
17065,42041,Cumberland
17066,42061,Huntingdon
17067,42075,Lebanon
17068,42099,Perry
17069,42099,Perry
17070,42133,York
17071,42099,Perry
17072,42041,Cumberland
17073,42075,Lebanon
17074,42099,Perry
17075,42087,Mifflin
17076,42067,Juniata
17077,42075,Lebanon
17078,42075,Lebanon
17080,42043,Dauphin
17081,42041,Cumberland
17082,42067,Juniata
17083,42075,Lebanon
17084,42087,Mifflin
17085,42075,Lebanon
17086,42109,Snyder
17087,42011,Berks
17088,42075,Lebanon
17089,42041,Cumberland
17090,42099,Perry
17093,42041,Cumberland
17094,42067,Juniata
17097,42043,Dauphin
17098,42043,Dauphin
17099,42087,Mifflin
17101,42043,Dauphin
17102,42043,Dauphin
17103,42043,Dauphin
17104,42043,Dauphin
17105,42043,Dauphin
17106,42043,Dauphin
17107,42043,Dauphin
17108,42043,Dauphin
17109,42043,Dauphin
17110,42043,Dauphin
17111,42043,Dauphin
17112,42043,Dauphin
17113,42043,Dauphin
17120,42043,Dauphin
17121,42043,Dauphin
17122,42043,Dauphin
17123,42043,Dauphin
17124,42043,Dauphin
17125,42043,Dauphin
17126,42043,Dauphin
17127,42043,Dauphin
17128,42043,Dauphin
17129,42043,Dauphin
17130,42043,Dauphin
17140,42043,Dauphin
17177,42043,Dauphin
17201,42055,Franklin
17202,42055,Franklin
17210,42055,Franklin
17211,42009,Bedford
17212,42057,Fulton
17213,42061,Huntingdon
17214,42055,Franklin
17215,42061,Huntingdon
17217,42055,Franklin
17219,42055,Franklin
17220,42055,Franklin
17221,42055,Franklin
17222,42055,Franklin
17223,42057,Fulton
17224,42055,Franklin
17225,42055,Franklin
17228,42057,Fulton
17229,42057,Fulton
17231,42055,Franklin
17232,42055,Franklin
17233,42057,Fulton
17235,42055,Franklin
17236,42055,Franklin
17237,42055,Franklin
17238,42057,Fulton
17239,42061,Huntingdon
17240,42041,Cumberland
17241,42041,Cumberland
17243,42061,Huntingdon
17244,42055,Franklin
17246,42055,Franklin
17247,42055,Franklin
17249,42061,Huntingdon
17250,42055,Franklin
17251,42055,Franklin
17252,42055,Franklin
17253,42061,Huntingdon
17254,42055,Franklin
17255,42061,Huntingdon
17256,42055,Franklin
17257,42041,Cumberland
17260,42061,Huntingdon
17261,42055,Franklin
17262,42055,Franklin
17263,42055,Franklin
17264,42061,Huntingdon
17265,42055,Franklin
17266,42041,Cumberland
17267,42057,Fulton
17268,42055,Franklin
17271,42055,Franklin
17272,42055,Franklin
17301,42001,Adams
17302,42133,York
17303,42001,Adams
17304,42001,Adams
17306,42001,Adams
17307,42001,Adams
17309,42133,York
17310,42001,Adams
17311,42133,York
17312,42133,York
17313,42133,York
17314,42133,York
17315,42133,York
17316,42001,Adams
17317,42133,York
17318,42133,York
17319,42133,York
17320,42001,Adams
17321,42133,York
17322,42133,York
17323,42133,York
17324,42041,Cumberland
17325,42001,Adams
17327,42133,York
17329,42133,York
17331,42133,York
17332,42133,York
17333,42133,York
17334,42133,York
17335,42133,York
17337,42001,Adams
17339,42133,York
17340,42001,Adams
17342,42133,York
17343,42001,Adams
17344,42001,Adams
17345,42133,York
17347,42133,York
17349,42133,York
17350,42001,Adams
17352,42133,York
17353,42001,Adams
17354,42133,York
17355,42133,York
17356,42133,York
17358,42133,York
17360,42133,York
17361,42133,York
17362,42133,York
17363,42133,York
17364,42133,York
17365,42133,York
17366,42133,York
17368,42133,York
17370,42133,York
17371,42133,York
17372,42001,Adams
17375,42001,Adams
17401,42133,York
17402,42133,York
17403,42133,York
17404,42133,York
17405,42133,York
17406,42133,York
17407,42133,York
17408,42133,York
17501,42071,Lancaster
17502,42071,Lancaster
17503,42071,Lancaster
17504,42071,Lancaster
17505,42071,Lancaster
17506,42071,Lancaster
17507,42071,Lancaster
17508,42071,Lancaster
17509,42071,Lancaster
17512,42071,Lancaster
17516,42071,Lancaster
17517,42071,Lancaster
17518,42071,Lancaster
17519,42071,Lancaster
17520,42071,Lancaster
17521,42071,Lancaster
17522,42071,Lancaster
17527,42071,Lancaster
17528,42071,Lancaster
17529,42071,Lancaster
17532,42071,Lancaster
17533,42071,Lancaster
17534,42071,Lancaster
17535,42071,Lancaster
17536,42071,Lancaster
17537,42071,Lancaster
17538,42071,Lancaster
17540,42071,Lancaster
17543,42071,Lancaster
17545,42071,Lancaster
17547,42071,Lancaster
17549,42071,Lancaster
17550,42071,Lancaster
17551,42071,Lancaster
17552,42071,Lancaster
17554,42071,Lancaster
17555,42071,Lancaster
17557,42071,Lancaster
17560,42071,Lancaster
17562,42071,Lancaster
17563,42071,Lancaster
17564,42071,Lancaster
17565,42071,Lancaster
17566,42071,Lancaster
17567,42071,Lancaster
17568,42071,Lancaster
17569,42071,Lancaster
17570,42071,Lancaster
17572,42071,Lancaster
17573,42071,Lancaster
17575,42071,Lancaster
17576,42071,Lancaster
17578,42071,Lancaster
17579,42071,Lancaster
17580,42071,Lancaster
17581,42071,Lancaster
17582,42071,Lancaster
17583,42071,Lancaster
17584,42071,Lancaster
17585,42071,Lancaster
17601,42071,Lancaster
17602,42071,Lancaster
17603,42071,Lancaster
17604,42071,Lancaster
17605,42071,Lancaster
17606,42071,Lancaster
17607,42071,Lancaster
17608,42071,Lancaster
17611,42071,Lancaster
17622,42071,Lancaster
17699,42071,Lancaster
17701,42081,Lycoming
17702,42081,Lycoming
17703,42081,Lycoming
17705,42081,Lycoming
17720,42081,Lycoming
17721,42035,Clinton
17723,42081,Lycoming
17724,42015,Bradford
17726,42035,Clinton
17727,42117,Tioga
17728,42081,Lycoming
17729,42105,Potter
17730,42097,Northumberland
17731,42113,Sullivan
17735,42015,Bradford
17737,42081,Lycoming
17739,42081,Lycoming
17740,42081,Lycoming
17742,42081,Lycoming
17744,42081,Lycoming
17745,42035,Clinton
17747,42035,Clinton
17748,42035,Clinton
17749,42097,Northumberland
17750,42035,Clinton
17751,42035,Clinton
17752,42081,Lycoming
17754,42081,Lycoming
17756,42081,Lycoming
17758,42113,Sullivan
17760,42035,Clinton
17762,42081,Lycoming
17763,42081,Lycoming
17764,42035,Clinton
17765,42117,Tioga
17768,42113,Sullivan
17769,42081,Lycoming
17771,42081,Lycoming
17772,42093,Montour
17774,42081,Lycoming
17776,42081,Lycoming
17777,42097,Northumberland
17778,42035,Clinton
17779,42035,Clinton
17801,42097,Northumberland
17810,42081,Lycoming
17812,42109,Snyder
17813,42109,Snyder
17814,42037,Columbia
17815,42037,Columbia
17820,42037,Columbia
17821,42093,Montour
17822,42093,Montour
17823,42097,Northumberland
17824,42037,Columbia
17827,42109,Snyder
17829,42119,Union
17830,42097,Northumberland
17831,42109,Snyder
17832,42097,Northumberland
17833,42109,Snyder
17834,42097,Northumberland
17835,42119,Union
17836,42097,Northumberland
17837,42119,Union
17840,42097,Northumberland
17841,42087,Mifflin
17842,42109,Snyder
17843,42109,Snyder
17844,42119,Union
17845,42119,Union
17846,42037,Columbia
17847,42097,Northumberland
17850,42097,Northumberland
17851,42097,Northumberland
17853,42109,Snyder
17855,42119,Union
17856,42119,Union
17857,42097,Northumberland
17858,42037,Columbia
17859,42037,Columbia
17860,42097,Northumberland
17861,42109,Snyder
17862,42109,Snyder
17864,42109,Snyder
17865,42097,Northumberland
17866,42097,Northumberland
17867,42097,Northumberland
17868,42097,Northumberland
17870,42109,Snyder
17872,42097,Northumberland
17876,42109,Snyder
17877,42097,Northumberland
17878,42037,Columbia
17880,42119,Union
17881,42097,Northumberland
17882,42109,Snyder
17883,42119,Union
17884,42093,Montour
17885,42119,Union
17886,42119,Union
17887,42119,Union
17888,42037,Columbia
17889,42109,Snyder
17901,42107,Schuylkill
17920,42037,Columbia
17921,42107,Schuylkill
17922,42107,Schuylkill
17923,42107,Schuylkill
17925,42107,Schuylkill
17929,42107,Schuylkill
17930,42107,Schuylkill
17931,42107,Schuylkill
17932,42107,Schuylkill
17933,42107,Schuylkill
17934,42107,Schuylkill
17935,42107,Schuylkill
17936,42107,Schuylkill
17938,42107,Schuylkill
17941,42107,Schuylkill
17943,42107,Schuylkill
17944,42107,Schuylkill
17945,42037,Columbia
17946,42107,Schuylkill
17948,42107,Schuylkill
17949,42107,Schuylkill
17951,42107,Schuylkill
17952,42107,Schuylkill
17953,42107,Schuylkill
17954,42107,Schuylkill
17957,42107,Schuylkill
17959,42107,Schuylkill
17960,42107,Schuylkill
17961,42107,Schuylkill
17963,42107,Schuylkill
17964,42107,Schuylkill
17965,42107,Schuylkill
17966,42107,Schuylkill
17967,42107,Schuylkill
17968,42107,Schuylkill
17970,42107,Schuylkill
17972,42107,Schuylkill
17974,42107,Schuylkill
17976,42107,Schuylkill
17978,42043,Dauphin
17979,42107,Schuylkill
17980,42043,Dauphin
17981,42107,Schuylkill
17982,42107,Schuylkill
17983,42107,Schuylkill
17985,42107,Schuylkill
18001,42095,Northampton
18002,42095,Northampton
18003,42095,Northampton
18011,42011,Berks
18012,42025,Carbon
18013,42095,Northampton
18014,42095,Northampton
18015,42095,Northampton
18016,42095,Northampton
18017,42095,Northampton
18018,42077,Lehigh
18020,42095,Northampton
18025,42077,Lehigh
18030,42025,Carbon
18031,42077,Lehigh
18032,42077,Lehigh
18034,42077,Lehigh
18035,42095,Northampton
18036,42077,Lehigh
18037,42077,Lehigh
18038,42095,Northampton
18039,42017,Bucks
18040,42095,Northampton
18041,42091,Montgomery
18042,42095,Northampton
18043,42095,Northampton
18044,42095,Northampton
18045,42095,Northampton
18046,42077,Lehigh
18049,42077,Lehigh
18051,42077,Lehigh
18052,42077,Lehigh
18053,42077,Lehigh
18054,42091,Montgomery
18055,42095,Northampton
18056,42011,Berks
18058,42089,Monroe
18059,42077,Lehigh
18060,42077,Lehigh
18062,42077,Lehigh
18063,42095,Northampton
18064,42095,Northampton
18065,42077,Lehigh
18066,42077,Lehigh
18067,42095,Northampton
18068,42077,Lehigh
18069,42077,Lehigh
18070,42091,Montgomery
18071,42025,Carbon
18072,42095,Northampton
18073,42091,Montgomery
18074,42091,Montgomery
18076,42091,Montgomery
18077,42017,Bucks
18078,42077,Lehigh
18079,42077,Lehigh
18080,42077,Lehigh
18081,42017,Bucks
18083,42095,Northampton
18084,42091,Montgomery
18085,42095,Northampton
18086,42095,Northampton
18087,42077,Lehigh
18088,42095,Northampton
18091,42095,Northampton
18092,42077,Lehigh
18098,42077,Lehigh
18099,42077,Lehigh
18101,42077,Lehigh
18102,42077,Lehigh
18103,42077,Lehigh
18104,42077,Lehigh
18105,42077,Lehigh
18106,42077,Lehigh
18109,42077,Lehigh
18195,42077,Lehigh
18201,42079,Luzerne
18202,42079,Luzerne
18210,42025,Carbon
18211,42107,Schuylkill
18212,42025,Carbon
18214,42107,Schuylkill
18216,42025,Carbon
18218,42107,Schuylkill
18219,42079,Luzerne
18220,42107,Schuylkill
18221,42079,Luzerne
18222,42079,Luzerne
18223,42079,Luzerne
18224,42079,Luzerne
18225,42079,Luzerne
18229,42025,Carbon
18230,42025,Carbon
18231,42107,Schuylkill
18232,42025,Carbon
18234,42079,Luzerne
18235,42025,Carbon
18237,42107,Schuylkill
18239,42079,Luzerne
18240,42025,Carbon
18241,42079,Luzerne
18242,42107,Schuylkill
18244,42025,Carbon
18245,42107,Schuylkill
18246,42079,Luzerne
18247,42079,Luzerne
18248,42107,Schuylkill
18249,42079,Luzerne
18250,42025,Carbon
18251,42079,Luzerne
18252,42107,Schuylkill
18254,42025,Carbon
18255,42025,Carbon
18256,42079,Luzerne
18301,42089,Monroe
18302,42089,Monroe
18320,42089,Monroe
18321,42089,Monroe
18322,42089,Monroe
18323,42089,Monroe
18324,42103,Pike
18325,42089,Monroe
18326,42089,Monroe
18327,42089,Monroe
18328,42103,Pike
18330,42089,Monroe
18331,42089,Monroe
18332,42089,Monroe
18333,42089,Monroe
18334,42089,Monroe
18335,42089,Monroe
18336,42103,Pike
18337,42103,Pike
18340,42103,Pike
18341,42089,Monroe
18342,42089,Monroe
18343,42095,Northampton
18344,42089,Monroe
18346,42089,Monroe
18347,42089,Monroe
18348,42089,Monroe
18349,42089,Monroe
18350,42089,Monroe
18351,42095,Northampton
18352,42089,Monroe
18353,42089,Monroe
18354,42089,Monroe
18355,42089,Monroe
18356,42089,Monroe
18357,42089,Monroe
18360,42089,Monroe
18370,42089,Monroe
18371,42103,Pike
18372,42089,Monroe
18403,42069,Lackawanna
18405,42127,Wayne
18407,42069,Lackawanna
18410,42069,Lackawanna
18411,42069,Lackawanna
18413,42115,Susquehanna
18414,42069,Lackawanna
18415,42127,Wayne
18416,42069,Lackawanna
18417,42127,Wayne
18419,42131,Wyoming
18420,42069,Lackawanna
18421,42115,Susquehanna
18424,42069,Lackawanna
18425,42103,Pike
18426,42103,Pike
18427,42127,Wayne
18428,42103,Pike
18430,42115,Susquehanna
18431,42127,Wayne
18433,42069,Lackawanna
18434,42069,Lackawanna
18435,42103,Pike
18436,42127,Wayne
18437,42127,Wayne
18438,42127,Wayne
18439,42127,Wayne
18440,42069,Lackawanna
18441,42115,Susquehanna
18443,42127,Wayne
18444,42069,Lackawanna
18445,42127,Wayne
18446,42115,Susquehanna
18447,42069,Lackawanna
18448,42069,Lackawanna
18449,42127,Wayne
18451,42103,Pike
18452,42069,Lackawanna
18453,42127,Wayne
18454,42127,Wayne
18455,42127,Wayne
18456,42127,Wayne
18457,42103,Pike
18458,42103,Pike
18459,42127,Wayne
18460,42127,Wayne
18461,42127,Wayne
18462,42127,Wayne
18463,42127,Wayne
18464,42103,Pike
18465,42115,Susquehanna
18466,42089,Monroe
18469,42127,Wayne
18470,42115,Susquehanna
18471,42069,Lackawanna
18472,42127,Wayne
18473,42127,Wayne
18501,42069,Lackawanna
18502,42069,Lackawanna
18503,42069,Lackawanna
18504,42069,Lackawanna
18505,42069,Lackawanna
18507,42069,Lackawanna
18508,42069,Lackawanna
18509,42069,Lackawanna
18510,42069,Lackawanna
18512,42069,Lackawanna
18515,42069,Lackawanna
18517,42069,Lackawanna
18518,42069,Lackawanna
18519,42069,Lackawanna
18540,42069,Lackawanna
18577,42069,Lackawanna
18601,42079,Luzerne
18602,42079,Luzerne
18603,42037,Columbia
18610,42089,Monroe
18611,42079,Luzerne
18612,42079,Luzerne
18614,42113,Sullivan
18615,42131,Wyoming
18616,42113,Sullivan
18617,42079,Luzerne
18618,42079,Luzerne
18619,42113,Sullivan
18621,42079,Luzerne
18622,42079,Luzerne
18623,42015,Bradford
18624,42025,Carbon
18625,42131,Wyoming
18626,42113,Sullivan
18627,42079,Luzerne
18628,42113,Sullivan
18629,42131,Wyoming
18630,42115,Susquehanna
18631,42037,Columbia
18632,42113,Sullivan
18634,42079,Luzerne
18635,42079,Luzerne
18636,42131,Wyoming
18640,42079,Luzerne
18641,42079,Luzerne
18642,42079,Luzerne
18643,42079,Luzerne
18644,42079,Luzerne
18651,42079,Luzerne
18653,42069,Lackawanna
18654,42079,Luzerne
18655,42079,Luzerne
18656,42079,Luzerne
18657,42131,Wyoming
18660,42079,Luzerne
18661,42079,Luzerne
18690,42079,Luzerne
18701,42079,Luzerne
18702,42079,Luzerne
18703,42079,Luzerne
18704,42079,Luzerne
18705,42079,Luzerne
18706,42079,Luzerne
18707,42079,Luzerne
18708,42079,Luzerne
18709,42079,Luzerne
18710,42079,Luzerne
18711,42079,Luzerne
18762,42079,Luzerne
18764,42079,Luzerne
18765,42079,Luzerne
18766,42079,Luzerne
18767,42079,Luzerne
18769,42079,Luzerne
18773,42079,Luzerne
18801,42115,Susquehanna
18810,42015,Bradford
18812,42115,Susquehanna
18813,42115,Susquehanna
18814,42015,Bradford
18815,42015,Bradford
18816,42115,Susquehanna
18817,42015,Bradford
18818,42115,Susquehanna
18820,42115,Susquehanna
18821,42115,Susquehanna
18822,42115,Susquehanna
18823,42115,Susquehanna
18824,42115,Susquehanna
18825,42115,Susquehanna
18826,42115,Susquehanna
18827,42115,Susquehanna
18828,42115,Susquehanna
18829,42015,Bradford
18830,42115,Susquehanna
18831,42015,Bradford
18832,42015,Bradford
18833,42015,Bradford
18834,42115,Susquehanna
18837,42015,Bradford
18840,42015,Bradford
18842,42115,Susquehanna
18843,42115,Susquehanna
18844,42115,Susquehanna
18845,42015,Bradford
18846,42015,Bradford
18847,42115,Susquehanna
18848,42015,Bradford
18850,42015,Bradford
18851,42015,Bradford
18853,42015,Bradford
18854,42015,Bradford
18901,42017,Bucks
18902,42017,Bucks
18910,42017,Bucks
18911,42017,Bucks
18912,42017,Bucks
18913,42017,Bucks
18914,42017,Bucks
18915,42091,Montgomery
18916,42017,Bucks
18917,42017,Bucks
18918,42091,Montgomery
18920,42017,Bucks
18921,42017,Bucks
18922,42017,Bucks
18923,42017,Bucks
18924,42091,Montgomery
18925,42017,Bucks
18927,42017,Bucks
18928,42017,Bucks
18929,42017,Bucks
18930,42017,Bucks
18931,42017,Bucks
18932,42017,Bucks
18933,42017,Bucks
18934,42017,Bucks
18935,42017,Bucks
18936,42091,Montgomery
18938,42017,Bucks
18940,42017,Bucks
18942,42017,Bucks
18943,42017,Bucks
18944,42017,Bucks
18946,42017,Bucks
18947,42017,Bucks
18949,42017,Bucks
18950,42017,Bucks
18951,42017,Bucks
18953,42017,Bucks
18954,42017,Bucks
18955,42017,Bucks
18956,42017,Bucks
18957,42091,Montgomery
18958,42091,Montgomery
18960,42017,Bucks
18962,42017,Bucks
18963,42017,Bucks
18964,42091,Montgomery
18966,42017,Bucks
18968,42017,Bucks
18969,42091,Montgomery
18970,42017,Bucks
18971,42091,Montgomery
18972,42017,Bucks
18974,42017,Bucks
18976,42017,Bucks
18977,42017,Bucks
18979,42091,Montgomery
18980,42017,Bucks
18981,42017,Bucks
18991,42017,Bucks
19001,42091,Montgomery
19002,42091,Montgomery
19003,42045,Delaware
19004,42091,Montgomery
19006,42091,Montgomery
19007,42017,Bucks
19008,42045,Delaware
19009,42091,Montgomery
19010,42045,Delaware
19012,42091,Montgomery
19013,42045,Delaware
19014,42045,Delaware
19015,42045,Delaware
19016,42045,Delaware
19017,42045,Delaware
19018,42045,Delaware
19019,42101,Philadelphia
19020,42017,Bucks
19021,42017,Bucks
19022,42045,Delaware
19023,42045,Delaware
19025,42091,Montgomery
19026,42045,Delaware
19027,42091,Montgomery
19028,42045,Delaware
19029,42045,Delaware
19030,42017,Bucks
19031,42091,Montgomery
19032,42045,Delaware
19033,42045,Delaware
19034,42091,Montgomery
19035,42091,Montgomery
19036,42045,Delaware
19037,42045,Delaware
19038,42091,Montgomery
19039,42045,Delaware
19040,42091,Montgomery
19041,42045,Delaware
19043,42045,Delaware
19044,42091,Montgomery
19046,42091,Montgomery
19047,42017,Bucks
19048,42017,Bucks
19049,42017,Bucks
19050,42045,Delaware
19052,42045,Delaware
19053,42017,Bucks
19054,42017,Bucks
19055,42017,Bucks
19056,42017,Bucks
19057,42017,Bucks
19058,42017,Bucks
19060,42045,Delaware
19061,42045,Delaware
19063,42045,Delaware
19064,42045,Delaware
19065,42045,Delaware
19066,42091,Montgomery
19067,42017,Bucks
19070,42045,Delaware
19072,42091,Montgomery
19073,42045,Delaware
19074,42045,Delaware
19075,42091,Montgomery
19076,42045,Delaware
19078,42045,Delaware
19079,42045,Delaware
19080,42045,Delaware
19081,42045,Delaware
19082,42045,Delaware
19083,42045,Delaware
19085,42045,Delaware
19086,42045,Delaware
19087,42029,Chester
19088,42045,Delaware
19089,42045,Delaware
19090,42091,Montgomery
19091,42045,Delaware
19092,42101,Philadelphia
19093,42101,Philadelphia
19094,42045,Delaware
19095,42091,Montgomery
19096,42091,Montgomery
19098,42045,Delaware
19099,42101,Philadelphia
19101,42101,Philadelphia
19102,42101,Philadelphia
19103,42101,Philadelphia
19104,42101,Philadelphia
19105,42101,Philadelphia
19106,42101,Philadelphia
19107,42101,Philadelphia
19108,42101,Philadelphia
19109,42101,Philadelphia
19110,42101,Philadelphia
19111,42101,Philadelphia
19112,42101,Philadelphia
19113,42045,Delaware
19114,42101,Philadelphia
19115,42101,Philadelphia
19116,42101,Philadelphia
19118,42101,Philadelphia
19119,42101,Philadelphia
19120,42101,Philadelphia
19121,42101,Philadelphia
19122,42101,Philadelphia
19123,42101,Philadelphia
19124,42101,Philadelphia
19125,42101,Philadelphia
19126,42101,Philadelphia
19127,42101,Philadelphia
19128,42101,Philadelphia
19129,42101,Philadelphia
19130,42101,Philadelphia
19131,42101,Philadelphia
19132,42101,Philadelphia
19133,42101,Philadelphia
19134,42101,Philadelphia
19135,42101,Philadelphia
19136,42101,Philadelphia
19137,42101,Philadelphia
19138,42101,Philadelphia
19139,42101,Philadelphia
19140,42101,Philadelphia
19141,42101,Philadelphia
19142,42101,Philadelphia
19143,42101,Philadelphia
19144,42101,Philadelphia
19145,42101,Philadelphia
19146,42101,Philadelphia
19147,42101,Philadelphia
19148,42101,Philadelphia
19149,42101,Philadelphia
19150,42101,Philadelphia
19151,42101,Philadelphia
19152,42101,Philadelphia
19153,42101,Philadelphia
19154,42101,Philadelphia
19155,42101,Philadelphia
19160,42101,Philadelphia
19161,42101,Philadelphia
19162,42101,Philadelphia
19170,42101,Philadelphia
19171,42101,Philadelphia
19172,42101,Philadelphia
19173,42101,Philadelphia
19175,42101,Philadelphia
19176,42101,Philadelphia
19177,42101,Philadelphia
19178,42101,Philadelphia
19179,42101,Philadelphia
19181,42101,Philadelphia
19182,42101,Philadelphia
19183,42101,Philadelphia
19184,42101,Philadelphia
19185,42101,Philadelphia
19187,42101,Philadelphia
19188,42101,Philadelphia
19190,42101,Philadelphia
19191,42101,Philadelphia
19192,42101,Philadelphia
19193,42101,Philadelphia
19194,42101,Philadelphia
19195,42101,Philadelphia
19196,42101,Philadelphia
19197,42101,Philadelphia
19244,42101,Philadelphia
19255,42101,Philadelphia
19301,42029,Chester
19310,42029,Chester
19311,42029,Chester
19312,42029,Chester
19316,42029,Chester
19317,42029,Chester
19318,42029,Chester
19319,42045,Delaware
19320,42029,Chester
19330,42029,Chester
19331,42045,Delaware
19333,42029,Chester
19335,42029,Chester
19339,42045,Delaware
19340,42045,Delaware
19341,42029,Chester
19342,42045,Delaware
19343,42029,Chester
19344,42029,Chester
19345,42029,Chester
19346,42029,Chester
19347,42029,Chester
19348,42029,Chester
19350,42029,Chester
19351,42029,Chester
19352,42029,Chester
19353,42029,Chester
19354,42029,Chester
19355,42029,Chester
19357,42029,Chester
19358,42029,Chester
19360,42029,Chester
19362,42029,Chester
19363,42029,Chester
19365,42029,Chester
19366,42029,Chester
19367,42029,Chester
19369,42029,Chester
19371,42029,Chester
19372,42029,Chester
19373,42045,Delaware
19374,42029,Chester
19375,42029,Chester
19376,42029,Chester
19380,42029,Chester
19381,42029,Chester
19382,42029,Chester
19383,42029,Chester
19390,42029,Chester
19395,42029,Chester
19397,42029,Chester
19398,42029,Chester
19399,42029,Chester
19401,42091,Montgomery
19403,42091,Montgomery
19404,42091,Montgomery
19405,42091,Montgomery
19406,42091,Montgomery
19407,42091,Montgomery
19408,42091,Montgomery
19409,42091,Montgomery
19415,42091,Montgomery
19421,42029,Chester
19422,42091,Montgomery
19423,42091,Montgomery
19424,42091,Montgomery
19425,42029,Chester
19426,42091,Montgomery
19428,42091,Montgomery
19429,42091,Montgomery
19430,42091,Montgomery
19432,42029,Chester
19435,42091,Montgomery
19436,42091,Montgomery
19437,42091,Montgomery
19438,42091,Montgomery
19440,42091,Montgomery
19441,42091,Montgomery
19442,42029,Chester
19443,42091,Montgomery
19444,42091,Montgomery
19446,42091,Montgomery
19450,42091,Montgomery
19451,42091,Montgomery
19453,42091,Montgomery
19454,42091,Montgomery
19455,42091,Montgomery
19456,42091,Montgomery
19457,42029,Chester
19460,42029,Chester
19462,42091,Montgomery
19464,42091,Montgomery
19465,42029,Chester
19468,42091,Montgomery
19470,42029,Chester
19472,42091,Montgomery
19473,42091,Montgomery
19474,42091,Montgomery
19475,42029,Chester
19477,42091,Montgomery
19478,42091,Montgomery
19480,42029,Chester
19481,42029,Chester
19482,42029,Chester
19484,42091,Montgomery
19486,42091,Montgomery
19490,42091,Montgomery
19492,42091,Montgomery
19493,42029,Chester
19494,42029,Chester
19495,42029,Chester
19496,42029,Chester
19501,42071,Lancaster
19503,42011,Berks
19504,42011,Berks
19505,42011,Berks
19506,42011,Berks
19507,42011,Berks
19508,42011,Berks
19510,42011,Berks
19511,42011,Berks
19512,42011,Berks
19516,42011,Berks
19518,42011,Berks
19519,42011,Berks
19520,42029,Chester
19522,42011,Berks
19523,42011,Berks
19525,42091,Montgomery
19526,42011,Berks
19529,42011,Berks
19530,42011,Berks
19533,42011,Berks
19534,42011,Berks
19535,42011,Berks
19536,42011,Berks
19538,42011,Berks
19539,42011,Berks
19540,42011,Berks
19541,42011,Berks
19543,42011,Berks
19544,42011,Berks
19545,42011,Berks
19547,42011,Berks
19548,42011,Berks
19549,42107,Schuylkill
19550,42011,Berks
19551,42011,Berks
19554,42011,Berks
19555,42011,Berks
19559,42011,Berks
19560,42011,Berks
19562,42011,Berks
19564,42011,Berks
19565,42011,Berks
19567,42011,Berks
19601,42011,Berks
19602,42011,Berks
19603,42011,Berks
19604,42011,Berks
19605,42011,Berks
19606,42011,Berks
19607,42011,Berks
19608,42011,Berks
19609,42011,Berks
19610,42011,Berks
19611,42011,Berks
19612,42011,Berks
19701,10003,New Castle
19702,10003,New Castle
19703,10003,New Castle
19706,10003,New Castle
19707,10003,New Castle
19708,10003,New Castle
19709,10003,New Castle
19710,10003,New Castle
19711,10003,New Castle
19712,10003,New Castle
19713,10003,New Castle
19714,10003,New Castle
19715,10003,New Castle
19716,10003,New Castle
19717,10003,New Castle
19718,10003,New Castle
19720,10003,New Castle
19721,10003,New Castle
19725,10003,New Castle
19726,10003,New Castle
19730,10003,New Castle
19731,10003,New Castle
19732,10003,New Castle
19733,10003,New Castle
19734,10003,New Castle
19735,10003,New Castle
19736,10003,New Castle
19801,10003,New Castle
19802,10003,New Castle
19803,10003,New Castle
19804,10003,New Castle
19805,10003,New Castle
19806,10003,New Castle
19807,10003,New Castle
19808,10003,New Castle
19809,10003,New Castle
19810,10003,New Castle
19850,10003,New Castle
19880,10003,New Castle
19884,10003,New Castle
19885,10003,New Castle
19886,10003,New Castle
19890,10003,New Castle
19891,10003,New Castle
19892,10003,New Castle
19893,10003,New Castle
19894,10003,New Castle
19895,10003,New Castle
19896,10003,New Castle
19897,10003,New Castle
19898,10003,New Castle
19899,10003,New Castle
19901,10001,Kent
19902,10001,Kent
19903,10001,Kent
19904,10001,Kent
19905,10001,Kent
19906,10001,Kent
19930,10005,Sussex
19931,10005,Sussex
19933,10005,Sussex
19934,10001,Kent
19936,10001,Kent
19938,10001,Kent
19939,10005,Sussex
19940,10005,Sussex
19941,10005,Sussex
19943,10001,Kent
19944,10005,Sussex
19945,10005,Sussex
19946,10001,Kent
19947,10005,Sussex
19950,10005,Sussex
19951,10005,Sussex
19952,10001,Kent
19953,10001,Kent
19954,10001,Kent
19955,10001,Kent
19956,10005,Sussex
19958,10005,Sussex
19960,10005,Sussex
19961,10001,Kent
19962,10001,Kent
19963,10005,Sussex
19964,10001,Kent
19966,10005,Sussex
19967,10005,Sussex
19968,10005,Sussex
19969,10005,Sussex
19970,10005,Sussex
19971,10005,Sussex
19973,10005,Sussex
19975,10005,Sussex
19977,10001,Kent
19979,10001,Kent
19980,10001,Kent
20001,11001,District of Columbia
20002,11001,District of Columbia
20003,11001,District of Columbia
20004,11001,District of Columbia
20005,11001,District of Columbia
20006,11001,District of Columbia
20007,11001,District of Columbia
20008,11001,District of Columbia
20009,11001,District of Columbia
20010,11001,District of Columbia
20011,11001,District of Columbia
20012,11001,District of Columbia
20013,11001,District of Columbia
20015,11001,District of Columbia
20016,11001,District of Columbia
20017,11001,District of Columbia
20018,11001,District of Columbia
20019,11001,District of Columbia
20020,11001,District of Columbia
20022,11001,District of Columbia
20024,11001,District of Columbia
20026,11001,District of Columbia
20027,11001,District of Columbia
20029,11001,District of Columbia
20030,11001,District of Columbia
20032,11001,District of Columbia
20033,11001,District of Columbia
20035,11001,District of Columbia
20036,11001,District of Columbia
20037,11001,District of Columbia
20038,11001,District of Columbia
20039,11001,District of Columbia
20040,11001,District of Columbia
20041,11001,District of Columbia
20042,11001,District of Columbia
20043,11001,District of Columbia
20044,11001,District of Columbia
20045,11001,District of Columbia
20047,11001,District of Columbia
20049,11001,District of Columbia
20050,11001,District of Columbia
20052,11001,District of Columbia
20053,11001,District of Columbia
20055,11001,District of Columbia
20056,11001,District of Columbia
20057,11001,District of Columbia
20058,11001,District of Columbia
20059,11001,District of Columbia
20060,11001,District of Columbia
20061,11001,District of Columbia
20062,11001,District of Columbia
20063,11001,District of Columbia
20064,11001,District of Columbia
20065,11001,District of Columbia
20066,11001,District of Columbia
20067,11001,District of Columbia
20068,11001,District of Columbia
20069,11001,District of Columbia
20070,11001,District of Columbia
20071,11001,District of Columbia
20073,11001,District of Columbia
20074,11001,District of Columbia
20075,11001,District of Columbia
20076,11001,District of Columbia
20077,11001,District of Columbia
20078,11001,District of Columbia
20080,11001,District of Columbia
20081,11001,District of Columbia
20082,11001,District of Columbia
20090,11001,District of Columbia
20091,11001,District of Columbia
20101,51107,Loudoun
20102,51107,Loudoun
20103,51107,Loudoun
20104,51107,Loudoun
20105,51107,Loudoun
20106,51157,Rappahannock
20108,51683,Manassas
20109,51153,Prince William
20110,51683,Manassas
20111,51153,Prince William
20112,51153,Prince William
20113,51685,Manassas Park
20115,51061,Fauquier
20116,51061,Fauquier
20117,51107,Loudoun
20118,51107,Loudoun
20119,51061,Fauquier
20120,51059,Fairfax
20121,51059,Fairfax
20122,51059,Fairfax
20124,51059,Fairfax
20128,51061,Fauquier
20129,51107,Loudoun
20130,51043,Clarke
20131,51107,Loudoun
20132,51107,Loudoun
20134,51107,Loudoun
20135,51043,Clarke
20136,51153,Prince William
20137,51061,Fauquier
20138,51061,Fauquier
20139,51061,Fauquier
20140,51061,Fauquier
20141,51107,Loudoun
20142,51107,Loudoun
20143,51153,Prince William
20144,51061,Fauquier
20146,51107,Loudoun
20147,51107,Loudoun
20148,51107,Loudoun
20149,51107,Loudoun
20151,51059,Fairfax
20152,51107,Loudoun
20153,51059,Fairfax
20155,51153,Prince William
20156,51153,Prince William
20158,51107,Loudoun
20159,51107,Loudoun
20160,51107,Loudoun
20163,51107,Loudoun
20164,51107,Loudoun
20165,51107,Loudoun
20166,51107,Loudoun
20167,51107,Loudoun
20168,51153,Prince William
20169,51153,Prince William
20170,51059,Fairfax
20171,51059,Fairfax
20172,51059,Fairfax
20175,51107,Loudoun
20176,51107,Loudoun
20177,51107,Loudoun
20178,51107,Loudoun
20180,51107,Loudoun
20181,51153,Prince William
20182,51153,Prince William
20184,51107,Loudoun
20185,51061,Fauquier
20186,51061,Fauquier
20187,51061,Fauquier
20188,51061,Fauquier
20189,51107,Loudoun
20190,51059,Fairfax
20191,51059,Fairfax
20192,51059,Fairfax
20194,51059,Fairfax
20195,51059,Fairfax
20196,51059,Fairfax
20197,51107,Loudoun
20198,51061,Fauquier
20201,11001,District of Columbia
20202,11001,District of Columbia
20203,11001,District of Columbia
20204,11001,District of Columbia
20206,11001,District of Columbia
20207,11001,District of Columbia
20208,11001,District of Columbia
20210,11001,District of Columbia
20211,11001,District of Columbia
20212,11001,District of Columbia
20213,11001,District of Columbia
20214,11001,District of Columbia
20215,11001,District of Columbia
20216,11001,District of Columbia
20217,11001,District of Columbia
20218,11001,District of Columbia
20219,11001,District of Columbia
20220,11001,District of Columbia
20221,11001,District of Columbia
20222,11001,District of Columbia
20223,11001,District of Columbia
20224,11001,District of Columbia
20226,11001,District of Columbia
20227,11001,District of Columbia
20228,11001,District of Columbia
20229,11001,District of Columbia
20230,11001,District of Columbia
20232,11001,District of Columbia
20233,11001,District of Columbia
20235,11001,District of Columbia
20237,11001,District of Columbia
20238,11001,District of Columbia
20239,11001,District of Columbia
20240,11001,District of Columbia
20241,11001,District of Columbia
20242,11001,District of Columbia
20244,11001,District of Columbia
20245,11001,District of Columbia
20250,11001,District of Columbia
20251,11001,District of Columbia
20252,11001,District of Columbia
20254,11001,District of Columbia
20260,11001,District of Columbia
20261,11001,District of Columbia
20262,11001,District of Columbia
20265,11001,District of Columbia
20266,11001,District of Columbia
20268,11001,District of Columbia
20270,11001,District of Columbia
20277,11001,District of Columbia
20289,11001,District of Columbia
20299,11001,District of Columbia
20301,11001,District of Columbia
20303,11001,District of Columbia
20306,11001,District of Columbia
20310,11001,District of Columbia
20314,11001,District of Columbia
20317,11001,District of Columbia
20318,11001,District of Columbia
20319,11001,District of Columbia
20330,11001,District of Columbia
20340,11001,District of Columbia
20350,11001,District of Columbia
20355,11001,District of Columbia
20370,11001,District of Columbia
20372,11001,District of Columbia
20373,11001,District of Columbia
20374,11001,District of Columbia
20375,11001,District of Columbia
20376,11001,District of Columbia
20380,11001,District of Columbia
20388,11001,District of Columbia
20389,11001,District of Columbia
20390,11001,District of Columbia
20391,11001,District of Columbia
20392,11001,District of Columbia
20393,11001,District of Columbia
20394,11001,District of Columbia
20395,11001,District of Columbia
20398,11001,District of Columbia
20401,11001,District of Columbia
20402,11001,District of Columbia
20403,11001,District of Columbia
20404,11001,District of Columbia
20405,11001,District of Columbia
20406,11001,District of Columbia
20407,11001,District of Columbia
20408,11001,District of Columbia
20409,11001,District of Columbia
20410,11001,District of Columbia
20411,11001,District of Columbia
20412,11001,District of Columbia
20413,11001,District of Columbia
20414,11001,District of Columbia
20415,11001,District of Columbia
20416,11001,District of Columbia
20417,11001,District of Columbia
20418,11001,District of Columbia
20419,11001,District of Columbia
20420,11001,District of Columbia
20421,11001,District of Columbia
20422,11001,District of Columbia
20423,11001,District of Columbia
20424,11001,District of Columbia
20425,11001,District of Columbia
20426,11001,District of Columbia
20427,11001,District of Columbia
20428,11001,District of Columbia
20429,11001,District of Columbia
20431,11001,District of Columbia
20433,11001,District of Columbia
20434,11001,District of Columbia
20435,11001,District of Columbia
20436,11001,District of Columbia
20437,11001,District of Columbia
20439,11001,District of Columbia
20440,11001,District of Columbia
20441,11001,District of Columbia
20442,11001,District of Columbia
20444,11001,District of Columbia
20447,11001,District of Columbia
20451,11001,District of Columbia
20453,11001,District of Columbia
20456,11001,District of Columbia
20460,11001,District of Columbia
20463,11001,District of Columbia
20468,11001,District of Columbia
20469,11001,District of Columbia
20470,11001,District of Columbia
20472,11001,District of Columbia
20500,11001,District of Columbia
20501,11001,District of Columbia
20502,11001,District of Columbia
20503,11001,District of Columbia
20504,11001,District of Columbia
20505,11001,District of Columbia
20506,11001,District of Columbia
20507,11001,District of Columbia
20508,11001,District of Columbia
20509,11001,District of Columbia
20510,11001,District of Columbia
20511,11001,District of Columbia
20515,11001,District of Columbia
20520,11001,District of Columbia
20521,11001,District of Columbia
20522,11001,District of Columbia
20523,11001,District of Columbia
20524,11001,District of Columbia
20525,11001,District of Columbia
20526,11001,District of Columbia
20527,11001,District of Columbia
20528,11001,District of Columbia
20529,11001,District of Columbia
20530,11001,District of Columbia
20531,11001,District of Columbia
20533,11001,District of Columbia
20534,11001,District of Columbia
20535,11001,District of Columbia
20536,11001,District of Columbia
20537,11001,District of Columbia
20538,11001,District of Columbia
20539,11001,District of Columbia
20540,11001,District of Columbia
20541,11001,District of Columbia
20542,11001,District of Columbia
20543,11001,District of Columbia
20544,11001,District of Columbia
20546,11001,District of Columbia
20547,11001,District of Columbia
20548,11001,District of Columbia
20549,11001,District of Columbia
20551,11001,District of Columbia
20552,11001,District of Columbia
20553,11001,District of Columbia
20554,11001,District of Columbia
20555,11001,District of Columbia
20557,11001,District of Columbia
20559,11001,District of Columbia
20560,11001,District of Columbia
20565,11001,District of Columbia
20566,11001,District of Columbia
20570,11001,District of Columbia
20571,11001,District of Columbia
20572,11001,District of Columbia
20573,11001,District of Columbia
20575,11001,District of Columbia
20576,11001,District of Columbia
20577,11001,District of Columbia
20578,11001,District of Columbia
20579,11001,District of Columbia
20580,11001,District of Columbia
20581,11001,District of Columbia
20585,11001,District of Columbia
20586,11001,District of Columbia
20588,24027,Howard
20590,11001,District of Columbia
20591,11001,District of Columbia
20593,11001,District of Columbia
20594,11001,District of Columbia
20597,11001,District of Columbia
20598,51107,Loudoun
20599,11001,District of Columbia
20601,24017,Charles
20602,24017,Charles
20603,24017,Charles
20604,24017,Charles
20606,24037,St. Mary's
20607,24033,Prince George's
20608,24033,Prince George's
20609,24037,St. Mary's
20610,24009,Calvert
20611,24017,Charles
20612,24017,Charles
20613,24033,Prince George's
20615,24009,Calvert
20616,24017,Charles
20617,24017,Charles
20618,24037,St. Mary's
20619,24037,St. Mary's
20620,24037,St. Mary's
20621,24037,St. Mary's
20622,24017,Charles
20623,24033,Prince George's
20624,24037,St. Mary's
20625,24017,Charles
20626,24037,St. Mary's
20627,24037,St. Mary's
20628,24037,St. Mary's
20629,24009,Calvert
20630,24037,St. Mary's
20632,24017,Charles
20634,24037,St. Mary's
20635,24037,St. Mary's
20636,24037,St. Mary's
20637,24017,Charles
20639,24009,Calvert
20640,24017,Charles
20643,24017,Charles
20645,24017,Charles
20646,24017,Charles
20650,24037,St. Mary's
20653,24037,St. Mary's
20656,24037,St. Mary's
20657,24009,Calvert
20658,24017,Charles
20659,24037,St. Mary's
20660,24037,St. Mary's
20661,24017,Charles
20662,24017,Charles
20664,24017,Charles
20667,24037,St. Mary's
20670,24037,St. Mary's
20674,24037,St. Mary's
20675,24017,Charles
20676,24009,Calvert
20677,24017,Charles
20678,24009,Calvert
20680,24037,St. Mary's
20682,24017,Charles
20684,24037,St. Mary's
20685,24009,Calvert
20686,24037,St. Mary's
20687,24037,St. Mary's
20688,24009,Calvert
20689,24009,Calvert
20690,24037,St. Mary's
20692,24037,St. Mary's
20693,24017,Charles
20695,24017,Charles
20697,24033,Prince George's
20701,24027,Howard
20703,24033,Prince George's
20704,24033,Prince George's
20705,24033,Prince George's
20706,24033,Prince George's
20707,24033,Prince George's
20708,24033,Prince George's
20709,24033,Prince George's
20710,24033,Prince George's
20711,24003,Anne Arundel
20712,24033,Prince George's
20714,24003,Anne Arundel
20715,24033,Prince George's
20716,24033,Prince George's
20717,24033,Prince George's
20718,24033,Prince George's
20719,24033,Prince George's
20720,24033,Prince George's
20721,24033,Prince George's
20722,24033,Prince George's
20723,24027,Howard
20724,24003,Anne Arundel
20725,24033,Prince George's
20726,24033,Prince George's
20731,24033,Prince George's
20732,24009,Calvert
20733,24003,Anne Arundel
20735,24033,Prince George's
20736,24009,Calvert
20737,24033,Prince George's
20738,24033,Prince George's
20740,24033,Prince George's
20741,24033,Prince George's
20742,24033,Prince George's
20743,24033,Prince George's
20744,24033,Prince George's
20745,24033,Prince George's
20746,24033,Prince George's
20747,24033,Prince George's
20748,24033,Prince George's
20749,24033,Prince George's
20750,24033,Prince George's
20751,24003,Anne Arundel
20752,24033,Prince George's
20753,24033,Prince George's
20754,24009,Calvert
20755,24003,Anne Arundel
20757,24033,Prince George's
20758,24003,Anne Arundel
20759,24027,Howard
20762,24033,Prince George's
20763,24027,Howard
20764,24003,Anne Arundel
20765,24003,Anne Arundel
20768,24033,Prince George's
20769,24033,Prince George's
20770,24033,Prince George's
20771,24033,Prince George's
20772,24033,Prince George's
20773,24033,Prince George's
20774,24033,Prince George's
20775,24033,Prince George's
20776,24003,Anne Arundel
20777,24027,Howard
20778,24003,Anne Arundel
20779,24003,Anne Arundel
20781,24033,Prince George's
20782,24033,Prince George's
20783,24033,Prince George's
20784,24033,Prince George's
20785,24033,Prince George's
20787,24033,Prince George's
20788,24033,Prince George's
20790,24033,Prince George's
20791,24033,Prince George's
20792,24033,Prince George's
20794,24027,Howard
20797,24033,Prince George's
20799,24033,Prince George's
20810,24031,Montgomery
20811,24031,Montgomery
20812,24031,Montgomery
20813,24031,Montgomery
20814,24031,Montgomery
20815,24031,Montgomery
20816,24031,Montgomery
20817,24031,Montgomery
20818,24031,Montgomery
20824,24031,Montgomery
20825,24031,Montgomery
20827,24031,Montgomery
20830,24031,Montgomery
20832,24031,Montgomery
20833,24031,Montgomery
20837,24031,Montgomery
20838,24031,Montgomery
20839,24031,Montgomery
20841,24031,Montgomery
20842,24031,Montgomery
20847,24031,Montgomery
20848,24031,Montgomery
20849,24031,Montgomery
20850,24031,Montgomery
20851,24031,Montgomery
20852,24031,Montgomery
20853,24031,Montgomery
20854,24031,Montgomery
20855,24031,Montgomery
20857,24031,Montgomery
20859,24031,Montgomery
20860,24031,Montgomery
20861,24031,Montgomery
20862,24031,Montgomery
20866,24031,Montgomery
20868,24031,Montgomery
20871,24031,Montgomery
20872,24031,Montgomery
20874,24031,Montgomery
20875,24031,Montgomery
20876,24031,Montgomery
20877,24031,Montgomery
20878,24031,Montgomery
20879,24031,Montgomery
20880,24031,Montgomery
20882,24031,Montgomery
20883,24031,Montgomery
20884,24031,Montgomery
20885,24031,Montgomery
20886,24031,Montgomery
20889,24031,Montgomery
20891,24031,Montgomery
20892,24031,Montgomery
20894,24031,Montgomery
20895,24031,Montgomery
20896,24031,Montgomery
20897,24031,Montgomery
20898,24031,Montgomery
20899,24031,Montgomery
20901,24031,Montgomery
20902,24031,Montgomery
20903,24031,Montgomery
20904,24031,Montgomery
20905,24031,Montgomery
20906,24031,Montgomery
20907,24031,Montgomery
20908,24031,Montgomery
20910,24031,Montgomery
20911,24031,Montgomery
20912,24031,Montgomery
20913,24033,Prince George's
20914,24031,Montgomery
20915,24031,Montgomery
20916,24031,Montgomery
20918,24031,Montgomery
20993,24031,Montgomery
20997,24031,Montgomery
21001,24025,Harford
21005,24025,Harford
21009,24025,Harford
21010,24025,Harford
21012,24003,Anne Arundel
21013,24005,Baltimore
21014,24025,Harford
21015,24025,Harford
21017,24025,Harford
21018,24025,Harford
21020,24005,Baltimore
21022,24005,Baltimore
21023,24005,Baltimore
21027,24005,Baltimore
21028,24025,Harford
21029,24027,Howard
21030,24005,Baltimore
21031,24005,Baltimore
21032,24003,Anne Arundel
21034,24025,Harford
21035,24003,Anne Arundel
21036,24027,Howard
21037,24003,Anne Arundel
21040,24025,Harford
21041,24027,Howard
21042,24027,Howard
21043,24027,Howard
21044,24027,Howard
21045,24027,Howard
21046,24027,Howard
21047,24025,Harford
21048,24013,Carroll
21050,24025,Harford
21051,24005,Baltimore
21052,24005,Baltimore
21053,24005,Baltimore
21054,24003,Anne Arundel
21056,24003,Anne Arundel
21057,24005,Baltimore
21060,24003,Anne Arundel
21061,24003,Anne Arundel
21062,24003,Anne Arundel
21065,24005,Baltimore
21071,24005,Baltimore
21074,24013,Carroll
21075,24027,Howard
21076,24003,Anne Arundel
21077,24003,Anne Arundel
21078,24025,Harford
21082,24005,Baltimore
21084,24025,Harford
21085,24025,Harford
21087,24005,Baltimore
21088,24013,Carroll
21090,24003,Anne Arundel
21092,24005,Baltimore
21093,24005,Baltimore
21094,24005,Baltimore
21102,24013,Carroll
21104,24027,Howard
21105,24005,Baltimore
21106,24003,Anne Arundel
21108,24003,Anne Arundel
21111,24005,Baltimore
21113,24003,Anne Arundel
21114,24003,Anne Arundel
21117,24005,Baltimore
21120,24005,Baltimore
21122,24003,Anne Arundel
21123,24003,Anne Arundel
21128,24005,Baltimore
21130,24025,Harford
21131,24005,Baltimore
21132,24025,Harford
21133,24005,Baltimore
21136,24005,Baltimore
21139,24005,Baltimore
21140,24003,Anne Arundel
21144,24003,Anne Arundel
21146,24003,Anne Arundel
21150,24027,Howard
21152,24005,Baltimore
21153,24005,Baltimore
21154,24025,Harford
21155,24005,Baltimore
21156,24005,Baltimore
21157,24013,Carroll
21158,24013,Carroll
21160,24025,Harford
21161,24025,Harford
21162,24005,Baltimore
21163,24005,Baltimore
21201,24510,Baltimore
21202,24510,Baltimore
21203,24510,Baltimore
21204,24005,Baltimore
21205,24510,Baltimore
21206,24510,Baltimore
21207,24005,Baltimore
21208,24005,Baltimore
21209,24005,Baltimore
21210,24510,Baltimore
21211,24510,Baltimore
21212,24510,Baltimore
21213,24510,Baltimore
21214,24510,Baltimore
21215,24510,Baltimore
21216,24510,Baltimore
21217,24510,Baltimore
21218,24510,Baltimore
21219,24005,Baltimore
21220,24005,Baltimore
21221,24005,Baltimore
21222,24005,Baltimore
21223,24510,Baltimore
21224,24510,Baltimore
21225,24003,Anne Arundel
21226,24510,Baltimore
21227,24005,Baltimore
21228,24005,Baltimore
21229,24510,Baltimore
21230,24510,Baltimore
21231,24510,Baltimore
21233,24510,Baltimore
21234,24005,Baltimore
21235,24510,Baltimore
21236,24005,Baltimore
21237,24005,Baltimore
21239,24510,Baltimore
21240,24003,Anne Arundel
21241,24510,Baltimore
21244,24005,Baltimore
21250,24005,Baltimore
21251,24510,Baltimore
21252,24005,Baltimore
21263,24510,Baltimore
21264,24510,Baltimore
21270,24510,Baltimore
21273,24510,Baltimore
21275,24510,Baltimore
21278,24510,Baltimore
21279,24510,Baltimore
21280,24510,Baltimore
21281,24510,Baltimore
21282,24005,Baltimore
21284,24005,Baltimore
21285,24005,Baltimore
21286,24005,Baltimore
21287,24510,Baltimore
21288,24510,Baltimore
21289,24510,Baltimore
21290,24510,Baltimore
21297,24510,Baltimore
21298,24510,Baltimore
21401,24003,Anne Arundel
21402,24003,Anne Arundel
21403,24003,Anne Arundel
21404,24003,Anne Arundel
21405,24003,Anne Arundel
21409,24003,Anne Arundel
21411,24003,Anne Arundel
21412,24003,Anne Arundel
21501,24001,Allegany
21502,24001,Allegany
21503,24001,Allegany
21504,24001,Allegany
21505,24001,Allegany
21520,24023,Garrett
21521,24023,Garrett
21522,24023,Garrett
21523,24023,Garrett
21524,24001,Allegany
21528,24001,Allegany
21529,24001,Allegany
21530,24001,Allegany
21531,24023,Garrett
21532,24001,Allegany
21536,24023,Garrett
21538,24023,Garrett
21539,24023,Garrett
21540,24001,Allegany
21541,24023,Garrett
21542,24001,Allegany
21543,24001,Allegany
21545,24001,Allegany
21550,24023,Garrett
21555,24001,Allegany
21556,24001,Allegany
21557,24001,Allegany
21560,24001,Allegany
21561,24023,Garrett
21562,24023,Garrett
21601,24041,Talbot
21607,24035,Queen Anne's
21609,24011,Caroline
21610,24029,Kent
21612,24041,Talbot
21613,24019,Dorchester
21617,24035,Queen Anne's
21619,24035,Queen Anne's
21620,24029,Kent
21622,24019,Dorchester
21623,24035,Queen Anne's
21624,24041,Talbot
21625,24041,Talbot
21626,24019,Dorchester
21627,24019,Dorchester
21628,24035,Queen Anne's
21629,24011,Caroline
21631,24019,Dorchester
21632,24011,Caroline
21634,24019,Dorchester
21635,24029,Kent
21636,24011,Caroline
21638,24035,Queen Anne's
21639,24011,Caroline
21640,24011,Caroline
21641,24011,Caroline
21643,24019,Dorchester
21644,24035,Queen Anne's
21645,24029,Kent
21647,24041,Talbot
21648,24019,Dorchester
21649,24035,Queen Anne's
21650,24029,Kent
21651,24029,Kent
21652,24041,Talbot
21653,24041,Talbot
21654,24041,Talbot
21655,24011,Caroline
21656,24035,Queen Anne's
21657,24035,Queen Anne's
21658,24035,Queen Anne's
21659,24019,Dorchester
21660,24011,Caroline
21661,24029,Kent
21662,24041,Talbot
21663,24041,Talbot
21664,24019,Dorchester
21665,24041,Talbot
21666,24035,Queen Anne's
21667,24029,Kent
21668,24035,Queen Anne's
21669,24019,Dorchester
21670,24011,Caroline
21671,24041,Talbot
21672,24019,Dorchester
21673,24041,Talbot
21675,24019,Dorchester
21676,24041,Talbot
21677,24019,Dorchester
21678,24029,Kent
21679,24041,Talbot
21690,24035,Queen Anne's
21701,24021,Frederick
21702,24021,Frederick
21703,24021,Frederick
21704,24021,Frederick
21705,24021,Frederick
21709,24021,Frederick
21710,24021,Frederick
21711,24043,Washington
21713,24043,Washington
21714,24021,Frederick
21715,24043,Washington
21716,24021,Frederick
21717,24021,Frederick
21718,24021,Frederick
21719,24043,Washington
21720,24043,Washington
21721,24043,Washington
21722,24043,Washington
21723,24027,Howard
21727,24021,Frederick
21733,24043,Washington
21734,24043,Washington
21737,24027,Howard
21738,24027,Howard
21740,24043,Washington
21741,24043,Washington
21742,24043,Washington
21746,24043,Washington
21747,24043,Washington
21749,24043,Washington
21750,24043,Washington
21754,24021,Frederick
21755,24021,Frederick
21756,24043,Washington
21757,24013,Carroll
21758,24021,Frederick
21759,24021,Frederick
21762,24021,Frederick
21765,24027,Howard
21766,24001,Allegany
21767,24043,Washington
21769,24021,Frederick
21770,24021,Frederick
21771,24021,Frederick
21773,24021,Frederick
21774,24021,Frederick
21775,24021,Frederick
21776,24013,Carroll
21777,24021,Frederick
21778,24021,Frederick
21779,24043,Washington
21780,24021,Frederick
21781,24043,Washington
21782,24043,Washington
21783,24043,Washington
21784,24013,Carroll
21787,24013,Carroll
21788,24021,Frederick
21790,24021,Frederick
21791,24021,Frederick
21792,24021,Frederick
21793,24021,Frederick
21794,24027,Howard
21795,24043,Washington
21797,24027,Howard
21798,24021,Frederick
21801,24045,Wicomico
21802,24045,Wicomico
21803,24045,Wicomico
21804,24045,Wicomico
21810,24045,Wicomico
21811,24047,Worcester
21813,24047,Worcester
21814,24045,Wicomico
21817,24039,Somerset
21821,24039,Somerset
21822,24045,Wicomico
21824,24039,Somerset
21826,24045,Wicomico
21829,24047,Worcester
21830,24045,Wicomico
21835,24019,Dorchester
21836,24039,Somerset
21837,24045,Wicomico
21838,24039,Somerset
21840,24045,Wicomico
21841,24047,Worcester
21842,24047,Worcester
21843,24047,Worcester
21849,24045,Wicomico
21850,24045,Wicomico
21851,24047,Worcester
21852,24045,Wicomico
21853,24039,Somerset
21856,24045,Wicomico
21857,24039,Somerset
21861,24045,Wicomico
21862,24047,Worcester
21863,24047,Worcester
21864,24047,Worcester
21865,24045,Wicomico
21866,24039,Somerset
21867,24039,Somerset
21869,24019,Dorchester
21871,24039,Somerset
21872,24047,Worcester
21874,24045,Wicomico
21875,24045,Wicomico
21890,24039,Somerset
21901,24015,Cecil
21902,24015,Cecil
21903,24015,Cecil
21904,24015,Cecil
21911,24015,Cecil
21912,24015,Cecil
21913,24015,Cecil
21914,24015,Cecil
21915,24015,Cecil
21916,24015,Cecil
21917,24015,Cecil
21918,24015,Cecil
21919,24015,Cecil
21920,24015,Cecil
21921,24015,Cecil
21922,24015,Cecil
21930,24015,Cecil
22003,51059,Fairfax
22009,51059,Fairfax
22015,51059,Fairfax
22025,51153,Prince William
22026,51153,Prince William
22027,51059,Fairfax
22030,51059,Fairfax
22031,51059,Fairfax
22032,51059,Fairfax
22033,51059,Fairfax
22034,51059,Fairfax
22035,51059,Fairfax
22036,51059,Fairfax
22037,51059,Fairfax
22038,51600,Fairfax
22039,51059,Fairfax
22040,51610,Falls Church
22041,51059,Fairfax
22042,51059,Fairfax
22043,51059,Fairfax
22044,51059,Fairfax
22046,51610,Falls Church
22060,51059,Fairfax
22066,51059,Fairfax
22067,51059,Fairfax
22079,51059,Fairfax
22081,51059,Fairfax
22082,51059,Fairfax
22095,51059,Fairfax
22096,51059,Fairfax
22101,51059,Fairfax
22102,51059,Fairfax
22103,51059,Fairfax
22106,51059,Fairfax
22107,51059,Fairfax
22108,51059,Fairfax
22109,51059,Fairfax
22116,51059,Fairfax
22118,51059,Fairfax
22119,51059,Fairfax
22121,51059,Fairfax
22122,51059,Fairfax
22124,51059,Fairfax
22125,51153,Prince William
22134,51179,Stafford
22135,51153,Prince William
22150,51059,Fairfax
22151,51059,Fairfax
22152,51059,Fairfax
22153,51059,Fairfax
22156,51059,Fairfax
22158,51059,Fairfax
22159,51059,Fairfax
22160,51059,Fairfax
22161,51059,Fairfax
22172,51153,Prince William
22180,51059,Fairfax
22181,51059,Fairfax
22182,51059,Fairfax
22183,51059,Fairfax
22185,51059,Fairfax
22191,51153,Prince William
22192,51153,Prince William
22193,51153,Prince William
22194,51153,Prince William
22195,51153,Prince William
22199,51059,Fairfax
22201,51013,Arlington
22202,51013,Arlington
22203,51013,Arlington
22204,51013,Arlington
22205,51013,Arlington
22206,51013,Arlington
22207,51013,Arlington
22209,51013,Arlington
22210,51013,Arlington
22211,51013,Arlington
22212,51013,Arlington
22213,51013,Arlington
22214,51013,Arlington
22215,51013,Arlington
22216,51013,Arlington
22217,51013,Arlington
22219,51013,Arlington
22225,51013,Arlington
22226,51013,Arlington
22227,51013,Arlington
22230,51013,Arlington
22240,51013,Arlington
22241,51013,Arlington
22242,51013,Arlington
22243,51013,Arlington
22244,51013,Arlington
22245,51013,Arlington
22246,51013,Arlington
22301,51510,Alexandria
22302,51510,Alexandria
22303,51059,Fairfax
22304,51510,Alexandria
22305,51510,Alexandria
22306,51059,Fairfax
22307,51059,Fairfax
22308,51059,Fairfax
22309,51059,Fairfax
22310,51059,Fairfax
22311,51510,Alexandria
22312,51059,Fairfax
22313,51510,Alexandria
22314,51510,Alexandria
22315,51059,Fairfax
22320,51510,Alexandria
22331,51510,Alexandria
22332,51510,Alexandria
22333,51510,Alexandria
22334,51510,Alexandria
22350,51510,Alexandria
22401,51630,Fredericksburg
22402,51630,Fredericksburg
22403,51179,Stafford
22404,51630,Fredericksburg
22405,51179,Stafford
22406,51179,Stafford
22407,51177,Spotsylvania
22408,51177,Spotsylvania
22412,51177,Spotsylvania
22427,51033,Caroline
22428,51033,Caroline
22430,51179,Stafford
22432,51133,Northumberland
22433,51137,Orange
22435,51133,Northumberland
22436,51057,Essex
22437,51097,King and Queen
22438,51057,Essex
22442,51193,Westmoreland
22443,51193,Westmoreland
22446,51033,Caroline
22448,51099,King George
22451,51099,King George
22454,51057,Essex
22456,51133,Northumberland
22460,51159,Richmond
22463,51179,Stafford
22469,51193,Westmoreland
22471,51179,Stafford
22472,51159,Richmond
22473,51133,Northumberland
22476,51057,Essex
22480,51103,Lancaster
22481,51099,King George
22482,51133,Northumberland
22485,51099,King George
22488,51193,Westmoreland
22501,51033,Caroline
22503,51103,Lancaster
22504,51057,Essex
22507,51103,Lancaster
22508,51137,Orange
22509,51057,Essex
22511,51133,Northumberland
22513,51103,Lancaster
22514,51033,Caroline
22517,51103,Lancaster
22520,51193,Westmoreland
22523,51103,Lancaster
22524,51193,Westmoreland
22526,51099,King George
22528,51103,Lancaster
22529,51193,Westmoreland
22530,51133,Northumberland
22534,51177,Spotsylvania
22535,51033,Caroline
22538,51033,Caroline
22539,51133,Northumberland
22542,51137,Orange
22544,51099,King George
22545,51179,Stafford
22546,51033,Caroline
22547,51099,King George
22548,51159,Richmond
22551,51177,Spotsylvania
22552,51033,Caroline
22553,51177,Spotsylvania
22554,51179,Stafford
22555,51179,Stafford
22556,51179,Stafford
22558,51193,Westmoreland
22560,51057,Essex
22565,51177,Spotsylvania
22567,51137,Orange
22570,51159,Richmond
22572,51159,Richmond
22576,51103,Lancaster
22577,51193,Westmoreland
22578,51103,Lancaster
22579,51133,Northumberland
22580,51033,Caroline
22581,51193,Westmoreland
22601,51840,Winchester
22602,51069,Frederick
22603,51069,Frederick
22604,51840,Winchester
22610,51187,Warren
22611,51043,Clarke
22620,51043,Clarke
22622,51069,Frederick
22623,51157,Rappahannock
22624,51069,Frederick
22625,51069,Frederick
22626,51171,Shenandoah
22627,51157,Rappahannock
22630,51187,Warren
22637,51069,Frederick
22639,51061,Fauquier
22640,51157,Rappahannock
22641,51171,Shenandoah
22642,51187,Warren
22643,51061,Fauquier
22644,51171,Shenandoah
22645,51069,Frederick
22646,51043,Clarke
22649,51187,Warren
22650,51139,Page
22652,51171,Shenandoah
22654,51069,Frederick
22655,51069,Frederick
22656,51069,Frederick
22657,51171,Shenandoah
22660,51171,Shenandoah
22663,51043,Clarke
22664,51171,Shenandoah
22701,51047,Culpeper
22709,51113,Madison
22711,51113,Madison
22712,51061,Fauquier
22713,51047,Culpeper
22714,51047,Culpeper
22715,51113,Madison
22716,51157,Rappahannock
22718,51047,Culpeper
22719,51113,Madison
22720,51061,Fauquier
22722,51113,Madison
22723,51113,Madison
22724,51047,Culpeper
22725,51113,Madison
22726,51047,Culpeper
22727,51113,Madison
22728,51061,Fauquier
22729,51047,Culpeper
22730,51113,Madison
22731,51113,Madison
22732,51113,Madison
22733,51047,Culpeper
22734,51061,Fauquier
22735,51113,Madison
22736,51047,Culpeper
22737,51047,Culpeper
22738,51113,Madison
22739,51061,Fauquier
22740,51157,Rappahannock
22741,51047,Culpeper
22742,51061,Fauquier
22743,51113,Madison
22746,51047,Culpeper
22747,51157,Rappahannock
22748,51113,Madison
22749,51157,Rappahannock
22801,51165,Rockingham
22802,51165,Rockingham
22803,51660,Harrisonburg
22807,51660,Harrisonburg
22810,51171,Shenandoah
22811,51165,Rockingham
22812,51165,Rockingham
22815,51165,Rockingham
22820,51165,Rockingham
22821,51165,Rockingham
22824,51171,Shenandoah
22827,51165,Rockingham
22830,51165,Rockingham
22831,51165,Rockingham
22832,51165,Rockingham
22833,51165,Rockingham
22834,51165,Rockingham
22835,51139,Page
22840,51165,Rockingham
22841,51165,Rockingham
22842,51171,Shenandoah
22843,51015,Augusta
22844,51171,Shenandoah
22845,51171,Shenandoah
22846,51165,Rockingham
22847,51171,Shenandoah
22848,51165,Rockingham
22849,51139,Page
22850,51165,Rockingham
22851,51139,Page
22853,51165,Rockingham
22901,51003,Albemarle
22902,51003,Albemarle
22903,51003,Albemarle
22904,51003,Albemarle
22905,51540,Charlottesville
22906,51540,Charlottesville
22907,51540,Charlottesville
22908,51540,Charlottesville
22909,51003,Albemarle
22910,51540,Charlottesville
22911,51003,Albemarle
22920,51125,Nelson
22922,51125,Nelson
22923,51003,Albemarle
22924,51003,Albemarle
22931,51003,Albemarle
22932,51003,Albemarle
22935,51079,Greene
22936,51003,Albemarle
22937,51003,Albemarle
22938,51125,Nelson
22939,51015,Augusta
22940,51003,Albemarle
22942,51109,Louisa
22943,51003,Albemarle
22945,51003,Albemarle
22946,51003,Albemarle
22947,51003,Albemarle
22948,51113,Madison
22949,51125,Nelson
22952,51015,Augusta
22957,51137,Orange
22958,51125,Nelson
22959,51003,Albemarle
22960,51137,Orange
22963,51065,Fluvanna
22964,51125,Nelson
22965,51079,Greene
22967,51125,Nelson
22968,51079,Greene
22969,51125,Nelson
22971,51125,Nelson
22972,51137,Orange
22973,51079,Greene
22974,51065,Fluvanna
22976,51125,Nelson
22980,51015,Augusta
22987,51003,Albemarle
22989,51113,Madison
23001,51073,Gloucester
23002,51007,Amelia
23003,51073,Gloucester
23004,51029,Buckingham
23005,51085,Hanover
23009,51101,King William
23011,51127,New Kent
23014,51075,Goochland
23015,51085,Hanover
23018,51073,Gloucester
23021,51115,Mathews
23022,51065,Fluvanna
23023,51097,King and Queen
23024,51109,Louisa
23025,51115,Mathews
23027,51049,Cumberland
23030,51036,Charles City
23031,51119,Middlesex
23032,51119,Middlesex
23035,51115,Mathews
23038,51075,Goochland
23039,51075,Goochland
23040,51049,Cumberland
23043,51119,Middlesex
23045,51115,Mathews
23047,51085,Hanover
23050,51115,Mathews
23055,51065,Fluvanna
23056,51115,Mathews
23058,51087,Henrico
23059,51085,Hanover
23060,51087,Henrico
23061,51073,Gloucester
23062,51073,Gloucester
23063,51075,Goochland
23064,51115,Mathews
23065,51075,Goochland
23066,51115,Mathews
23067,51075,Goochland
23068,51115,Mathews
23069,51085,Hanover
23070,51119,Middlesex
23071,51119,Middlesex
23072,51073,Gloucester
23075,51087,Henrico
23076,51115,Mathews
23079,51119,Middlesex
23081,51095,James City
23083,51007,Amelia
23084,51065,Fluvanna
23085,51097,King and Queen
23086,51101,King William
23089,51127,New Kent
23090,51199,York
23091,51097,King and Queen
23092,51119,Middlesex
23093,51109,Louisa
23102,51075,Goochland
23103,51075,Goochland
23105,51007,Amelia
23106,51101,King William
23107,51073,Gloucester
23108,51097,King and Queen
23109,51115,Mathews
23110,51097,King and Queen
23111,51085,Hanover
23112,51041,Chesterfield
23113,51041,Chesterfield
23114,51041,Chesterfield
23115,51057,Essex
23116,51085,Hanover
23117,51109,Louisa
23119,51115,Mathews
23120,51041,Chesterfield
23123,51029,Buckingham
23124,51127,New Kent
23125,51115,Mathews
23126,51097,King and Queen
23127,51095,James City
23128,51115,Mathews
23129,51075,Goochland
23130,51115,Mathews
23131,51073,Gloucester
23138,51115,Mathews
23139,51145,Powhatan
23140,51127,New Kent
23141,51127,New Kent
23146,51085,Hanover
23147,51036,Charles City
23148,51097,King and Queen
23149,51119,Middlesex
23150,51087,Henrico
23153,51075,Goochland
23154,51073,Gloucester
23155,51073,Gloucester
23156,51097,King and Queen
23160,51145,Powhatan
23161,51097,King and Queen
23162,51085,Hanover
23163,51115,Mathews
23168,51095,James City
23169,51119,Middlesex
23170,51109,Louisa
23173,51760,Richmond
23175,51119,Middlesex
23176,51119,Middlesex
23177,51097,King and Queen
23178,51073,Gloucester
23180,51119,Middlesex
23181,51101,King William
23183,51073,Gloucester
23184,51073,Gloucester
23185,51095,James City
23186,51830,Williamsburg
23187,51830,Williamsburg
23188,51095,James City
23190,51073,Gloucester
23192,51085,Hanover
23218,51760,Richmond
23219,51760,Richmond
23220,51760,Richmond
23221,51760,Richmond
23222,51087,Henrico
23223,51087,Henrico
23224,51760,Richmond
23225,51760,Richmond
23226,51760,Richmond
23227,51087,Henrico
23228,51087,Henrico
23229,51087,Henrico
23230,51087,Henrico
23231,51087,Henrico
23232,51760,Richmond
23233,51087,Henrico
23234,51041,Chesterfield
23235,51041,Chesterfield
23236,51041,Chesterfield
23237,51041,Chesterfield
23238,51075,Goochland
23241,51760,Richmond
23242,51087,Henrico
23249,51760,Richmond
23250,51087,Henrico
23255,51087,Henrico
23260,51760,Richmond
23261,51760,Richmond
23269,51760,Richmond
23273,51760,Richmond
23274,51760,Richmond
23276,51760,Richmond
23278,51760,Richmond
23279,51760,Richmond
23282,51760,Richmond
23284,51760,Richmond
23285,51760,Richmond
23286,51760,Richmond
23288,51087,Henrico
23289,51087,Henrico
23290,51760,Richmond
23291,51760,Richmond
23292,51760,Richmond
23293,51760,Richmond
23294,51087,Henrico
23295,51760,Richmond
23297,51041,Chesterfield
23298,51760,Richmond
23301,51001,Accomack
23302,51001,Accomack
23303,51001,Accomack
23304,51093,Isle of Wight
23306,51001,Accomack
23307,51131,Northampton
23308,51001,Accomack
23310,51131,Northampton
23313,51131,Northampton
23314,51093,Isle of Wight
23315,51093,Isle of Wight
23316,51131,Northampton
23320,51550,Chesapeake
23321,51550,Chesapeake
23322,51550,Chesapeake
23323,51550,Chesapeake
23324,51550,Chesapeake
23325,51550,Chesapeake
23326,51550,Chesapeake
23327,51550,Chesapeake
23328,51550,Chesapeake
23336,51001,Accomack
23337,51001,Accomack
23341,51001,Accomack
23345,51001,Accomack
23347,51131,Northampton
23350,51131,Northampton
23354,51131,Northampton
23356,51001,Accomack
23357,51001,Accomack
23358,51001,Accomack
23359,51001,Accomack
23389,51001,Accomack
23395,51001,Accomack
23396,51001,Accomack
23397,51093,Isle of Wight
23398,51131,Northampton
23399,51001,Accomack
23401,51001,Accomack
23404,51001,Accomack
23405,51131,Northampton
23407,51001,Accomack
23408,51131,Northampton
23409,51001,Accomack
23410,51001,Accomack
23412,51001,Accomack
23413,51131,Northampton
23414,51001,Accomack
23415,51001,Accomack
23416,51001,Accomack
23417,51001,Accomack
23418,51001,Accomack
23419,51131,Northampton
23420,51001,Accomack
23421,51001,Accomack
23422,51001,Accomack
23423,51001,Accomack
23424,51093,Isle of Wight
23426,51001,Accomack
23427,51001,Accomack
23429,51131,Northampton
23430,51093,Isle of Wight
23431,51093,Isle of Wight
23432,51800,Suffolk
23433,51800,Suffolk
23434,51800,Suffolk
23435,51800,Suffolk
23436,51800,Suffolk
23437,51800,Suffolk
23438,51800,Suffolk
23439,51800,Suffolk
23440,51001,Accomack
23441,51001,Accomack
23442,51001,Accomack
23443,51131,Northampton
23450,51810,Virginia Beach
23451,51810,Virginia Beach
23452,51810,Virginia Beach
23453,51810,Virginia Beach
23454,51810,Virginia Beach
23455,51810,Virginia Beach
23456,51810,Virginia Beach
23457,51810,Virginia Beach
23458,51810,Virginia Beach
23459,51810,Virginia Beach
23460,51810,Virginia Beach
23461,51810,Virginia Beach
23462,51810,Virginia Beach
23463,51810,Virginia Beach
23464,51810,Virginia Beach
23465,51810,Virginia Beach
23466,51810,Virginia Beach
23467,51810,Virginia Beach
23471,51810,Virginia Beach
23479,51810,Virginia Beach
23480,51001,Accomack
23482,51131,Northampton
23483,51001,Accomack
23486,51131,Northampton
23487,51093,Isle of Wight
23488,51001,Accomack
23501,51710,Norfolk
23502,51710,Norfolk
23503,51710,Norfolk
23504,51710,Norfolk
23505,51710,Norfolk
23506,51710,Norfolk
23507,51710,Norfolk
23508,51710,Norfolk
23509,51710,Norfolk
23510,51710,Norfolk
23511,51710,Norfolk
23513,51710,Norfolk
23514,51710,Norfolk
23515,51710,Norfolk
23517,51710,Norfolk
23518,51710,Norfolk
23519,51710,Norfolk
23523,51710,Norfolk
23529,51710,Norfolk
23541,51710,Norfolk
23551,51710,Norfolk
23601,51700,Newport News
23602,51700,Newport News
23603,51700,Newport News
23604,51700,Newport News
23605,51700,Newport News
23606,51700,Newport News
23607,51700,Newport News
23608,51700,Newport News
23609,51700,Newport News
23612,51700,Newport News
23628,51700,Newport News
23630,51650,Hampton
23651,51650,Hampton
23661,51650,Hampton
23662,51735,Poquoson
23663,51650,Hampton
23664,51650,Hampton
23665,51650,Hampton
23666,51650,Hampton
23667,51650,Hampton
23668,51650,Hampton
23669,51650,Hampton
23670,51650,Hampton
23681,51650,Hampton
23690,51199,York
23691,51199,York
23692,51199,York
23693,51199,York
23694,51199,York
23696,51199,York
23701,51740,Portsmouth
23702,51740,Portsmouth
23703,51740,Portsmouth
23704,51740,Portsmouth
23705,51740,Portsmouth
23707,51740,Portsmouth
23708,51740,Portsmouth
23709,51740,Portsmouth
23801,51149,Prince George
23803,51053,Dinwiddie
23804,51730,Petersburg
23805,51149,Prince George
23806,51730,Petersburg
23821,51025,Brunswick
23822,51053,Dinwiddie
23824,51135,Nottoway
23827,51175,Southampton
23828,51175,Southampton
23829,51175,Southampton
23830,51053,Dinwiddie
23831,51041,Chesterfield
23832,51041,Chesterfield
23833,51053,Dinwiddie
23834,51041,Chesterfield
23836,51041,Chesterfield
23837,51175,Southampton
23838,51041,Chesterfield
23839,51181,Surry
23840,51053,Dinwiddie
23841,51053,Dinwiddie
23842,51149,Prince George
23843,51025,Brunswick
23844,51175,Southampton
23845,51025,Brunswick
23846,51181,Surry
23847,51081,Greensville
23850,51053,Dinwiddie
23851,51175,Southampton
23856,51025,Brunswick
23857,51025,Brunswick
23860,51149,Prince George
23866,51175,Southampton
23867,51183,Sussex
23868,51025,Brunswick
23870,51081,Greensville
23872,51053,Dinwiddie
23873,51025,Brunswick
23874,51175,Southampton
23875,51149,Prince George
23876,51025,Brunswick
23878,51175,Southampton
23879,51081,Greensville
23881,51181,Surry
23882,51183,Sussex
23883,51181,Surry
23884,51183,Sussex
23885,51053,Dinwiddie
23887,51025,Brunswick
23888,51183,Sussex
23889,51025,Brunswick
23890,51183,Sussex
23891,51183,Sussex
23893,51025,Brunswick
23894,51053,Dinwiddie
23897,51183,Sussex
23898,51093,Isle of Wight
23899,51181,Surry
23901,51049,Cumberland
23909,51147,Prince Edward
23915,51117,Mecklenburg
23917,51117,Mecklenburg
23919,51117,Mecklenburg
23920,51025,Brunswick
23921,51029,Buckingham
23922,51135,Nottoway
23923,51037,Charlotte
23924,51117,Mecklenburg
23927,51117,Mecklenburg
23930,51135,Nottoway
23934,51147,Prince Edward
23936,51029,Buckingham
23937,51037,Charlotte
23938,51025,Brunswick
23939,51011,Appomattox
23941,51111,Lunenburg
23942,51147,Prince Edward
23943,51147,Prince Edward
23944,51111,Lunenburg
23947,51111,Lunenburg
23950,51117,Mecklenburg
23952,51111,Lunenburg
23954,51147,Prince Edward
23955,51135,Nottoway
23958,51011,Appomattox
23959,51037,Charlotte
23960,51147,Prince Edward
23962,51037,Charlotte
23963,51037,Charlotte
23964,51037,Charlotte
23966,51147,Prince Edward
23967,51037,Charlotte
23968,51117,Mecklenburg
23970,51117,Mecklenburg
23974,51111,Lunenburg
23976,51037,Charlotte
24001,51770,Roanoke
24002,51770,Roanoke
24003,51770,Roanoke
24004,51770,Roanoke
24005,51770,Roanoke
24006,51770,Roanoke
24007,51770,Roanoke
24008,51770,Roanoke
24009,51770,Roanoke
24010,51770,Roanoke
24011,51770,Roanoke
24012,51770,Roanoke
24013,51770,Roanoke
24014,51161,Roanoke
24015,51770,Roanoke
24016,51770,Roanoke
24017,51770,Roanoke
24018,51161,Roanoke
24019,51161,Roanoke
24020,51161,Roanoke
24022,51770,Roanoke
24023,51121,Montgomery
24024,51770,Roanoke
24025,51770,Roanoke
24026,51770,Roanoke
24027,51770,Roanoke
24028,51770,Roanoke
24029,51770,Roanoke
24030,51770,Roanoke
24031,51770,Roanoke
24032,51770,Roanoke
24033,51770,Roanoke
24034,51770,Roanoke
24035,51770,Roanoke
24036,51770,Roanoke
24037,51770,Roanoke
24038,51770,Roanoke
24040,51770,Roanoke
24042,51770,Roanoke
24043,51770,Roanoke
24050,51023,Botetourt
24053,51141,Patrick
24054,51089,Henry
24055,51089,Henry
24058,51155,Pulaski
24059,51161,Roanoke
24060,51121,Montgomery
24061,51121,Montgomery
24062,51121,Montgomery
24063,51121,Montgomery
24064,51019,Bedford
24065,51067,Franklin
24066,51023,Botetourt
24067,51067,Franklin
24068,51121,Montgomery
24069,51143,Pittsylvania
24070,51161,Roanoke
24072,51063,Floyd
24073,51121,Montgomery
24076,51141,Patrick
24077,51023,Botetourt
24078,51089,Henry
24079,51063,Floyd
24082,51141,Patrick
24083,51023,Botetourt
24084,51155,Pulaski
24085,51023,Botetourt
24086,51071,Giles
24087,51121,Montgomery
24088,51067,Franklin
24089,51089,Henry
24090,51023,Botetourt
24091,51063,Floyd
24092,51067,Franklin
24093,51071,Giles
24095,51019,Bedford
24101,51067,Franklin
24102,51067,Franklin
24104,51019,Bedford
24105,51063,Floyd
24111,51121,Montgomery
24112,51089,Henry
24113,51690,Martinsville
24114,51690,Martinsville
24115,51690,Martinsville
24120,51141,Patrick
24121,51019,Bedford
24122,51019,Bedford
24124,51071,Giles
24126,51155,Pulaski
24127,51045,Craig
24128,51071,Giles
24129,51155,Pulaski
24130,51023,Botetourt
24131,51045,Craig
24132,51155,Pulaski
24133,51141,Patrick
24134,51071,Giles
24136,51071,Giles
24137,51067,Franklin
24138,51121,Montgomery
24139,51143,Pittsylvania
24141,51155,Pulaski
24142,51750,Radford
24143,51750,Radford
24146,51067,Franklin
24147,51071,Giles
24148,51089,Henry
24149,51121,Montgomery
24150,51071,Giles
24151,51067,Franklin
24153,51161,Roanoke
24155,51775,Salem
24157,51775,Salem
24161,51143,Pittsylvania
24162,51121,Montgomery
24165,51089,Henry
24167,51071,Giles
24168,51089,Henry
24171,51141,Patrick
24174,51019,Bedford
24175,51023,Botetourt
24176,51067,Franklin
24177,51141,Patrick
24178,51019,Bedford
24179,51019,Bedford
24184,51067,Franklin
24185,51141,Patrick
24201,51520,Bristol
24202,51191,Washington
24203,51520,Bristol
24205,51520,Bristol
24209,51520,Bristol
24210,51191,Washington
24211,51191,Washington
24212,51191,Washington
24215,51195,Wise
24216,51195,Wise
24217,51051,Dickenson
24218,51105,Lee
24219,51195,Wise
24220,51051,Dickenson
24221,51105,Lee
24224,51167,Russell
24225,51167,Russell
24226,51051,Dickenson
24228,51051,Dickenson
24230,51195,Wise
24236,51191,Washington
24237,51051,Dickenson
24239,51027,Buchanan
24243,51105,Lee
24244,51169,Scott
24245,51169,Scott
24246,51195,Wise
24248,51105,Lee
24250,51169,Scott
24251,51169,Scott
24256,51051,Dickenson
24258,51169,Scott
24260,51167,Russell
24263,51105,Lee
24265,51105,Lee
24266,51167,Russell
24269,51051,Dickenson
24270,51191,Washington
24271,51169,Scott
24272,51051,Dickenson
24273,51195,Wise
24277,51105,Lee
24279,51195,Wise
24280,51167,Russell
24281,51105,Lee
24282,51105,Lee
24283,51195,Wise
24290,51169,Scott
24292,51077,Grayson
24293,51195,Wise
24301,51155,Pulaski
24311,51173,Smyth
24312,51035,Carroll
24313,51197,Wythe
24314,51021,Bland
24315,51021,Bland
24316,51185,Tazewell
24317,51035,Carroll
24318,51021,Bland
24319,51173,Smyth
24322,51197,Wythe
24323,51197,Wythe
24324,51155,Pulaski
24325,51035,Carroll
24326,51077,Grayson
24327,51191,Washington
24328,51035,Carroll
24330,51077,Grayson
24333,51077,Grayson
24340,51191,Washington
24343,51035,Carroll
24347,51155,Pulaski
24348,51077,Grayson
24350,51197,Wythe
24351,51035,Carroll
24352,51035,Carroll
24354,51173,Smyth
24360,51197,Wythe
24361,51191,Washington
24363,51077,Grayson
24366,51021,Bland
24368,51197,Wythe
24370,51173,Smyth
24374,51197,Wythe
24375,51173,Smyth
24377,51185,Tazewell
24378,51077,Grayson
24380,51063,Floyd
24381,51035,Carroll
24382,51197,Wythe
24401,51015,Augusta
24402,51790,Staunton
24411,51015,Augusta
24412,51017,Bath
24413,51091,Highland
24415,51163,Rockbridge
24416,51163,Rockbridge
24421,51015,Augusta
24422,51005,Alleghany
24426,51005,Alleghany
24430,51015,Augusta
24431,51015,Augusta
24432,51015,Augusta
24433,51091,Highland
24435,51163,Rockbridge
24437,51015,Augusta
24438,51023,Botetourt
24439,51163,Rockbridge
24440,51015,Augusta
24441,51015,Augusta
24442,51091,Highland
24445,51017,Bath
24448,51005,Alleghany
24450,51163,Rockbridge
24457,51005,Alleghany
24458,51091,Highland
24459,51015,Augusta
24460,51017,Bath
24463,51015,Augusta
24464,51125,Nelson
24465,51091,Highland
24467,51015,Augusta
24468,51091,Highland
24469,51015,Augusta
24471,51165,Rockingham
24472,51163,Rockbridge
24473,51163,Rockbridge
24474,51005,Alleghany
24476,51015,Augusta
24477,51015,Augusta
24479,51015,Augusta
24482,51015,Augusta
24483,51163,Rockbridge
24484,51017,Bath
24485,51015,Augusta
24486,51015,Augusta
24487,51091,Highland
24501,51031,Campbell
24502,51680,Lynchburg
24503,51019,Bedford
24504,51031,Campbell
24505,51680,Lynchburg
24506,51680,Lynchburg
24513,51031,Campbell
24514,51680,Lynchburg
24515,51680,Lynchburg
24517,51031,Campbell
24520,51083,Halifax
24521,51009,Amherst
24522,51011,Appomattox
24523,51019,Bedford
24526,51019,Bedford
24527,51143,Pittsylvania
24528,51031,Campbell
24529,51117,Mecklenburg
24530,51143,Pittsylvania
24531,51143,Pittsylvania
24533,51009,Amherst
24534,51083,Halifax
24535,51083,Halifax
24536,51019,Bedford
24538,51031,Campbell
24539,51083,Halifax
24540,51143,Pittsylvania
24541,51143,Pittsylvania
24543,51590,Danville
24549,51143,Pittsylvania
24550,51031,Campbell
24551,51019,Bedford
24553,51029,Buckingham
24554,51031,Campbell
24555,51163,Rockbridge
24556,51019,Bedford
24557,51143,Pittsylvania
24558,51083,Halifax
24562,51029,Buckingham
24563,51143,Pittsylvania
24565,51143,Pittsylvania
24566,51143,Pittsylvania
24569,51143,Pittsylvania
24570,51019,Bedford
24571,51031,Campbell
24572,51009,Amherst
24574,51009,Amherst
24576,51031,Campbell
24577,51083,Halifax
24578,51163,Rockbridge
24579,51163,Rockbridge
24580,51117,Mecklenburg
24581,51125,Nelson
24586,51143,Pittsylvania
24588,51031,Campbell
24589,51083,Halifax
24590,51029,Buckingham
24592,51083,Halifax
24593,51011,Appomattox
24594,51083,Halifax
24595,51009,Amherst
24597,51083,Halifax
24598,51083,Halifax
24599,51029,Buckingham
24601,51185,Tazewell
24602,51185,Tazewell
24603,51027,Buchanan
24604,51185,Tazewell
24605,51185,Tazewell
24606,51185,Tazewell
24607,51027,Buchanan
24608,51185,Tazewell
24609,51185,Tazewell
24612,51185,Tazewell
24613,51185,Tazewell
24614,51027,Buchanan
24619,51185,Tazewell
24620,51027,Buchanan
24622,51027,Buchanan
24624,51027,Buchanan
24627,51027,Buchanan
24628,51027,Buchanan
24630,51185,Tazewell
24631,51027,Buchanan
24634,51027,Buchanan
24635,51185,Tazewell
24637,51185,Tazewell
24639,51027,Buchanan
24640,51185,Tazewell
24641,51185,Tazewell
24646,51027,Buchanan
24647,51027,Buchanan
24649,51167,Russell
24651,51185,Tazewell
24656,51027,Buchanan
24657,51027,Buchanan
24658,51027,Buchanan
24701,54055,Mercer
24712,54055,Mercer
24714,54055,Mercer
24715,54055,Mercer
24716,54109,Wyoming
24719,54109,Wyoming
24724,54055,Mercer
24726,54109,Wyoming
24729,54055,Mercer
24731,54055,Mercer
24732,54055,Mercer
24733,54055,Mercer
24736,54109,Wyoming
24737,54055,Mercer
24738,54055,Mercer
24739,54055,Mercer
24740,54055,Mercer
24747,54055,Mercer
24751,54055,Mercer
24801,54109,Wyoming
24808,54047,McDowell
24811,54047,McDowell
24813,54047,McDowell
24815,54047,McDowell
24816,54047,McDowell
24817,54047,McDowell
24818,54109,Wyoming
24822,54109,Wyoming
24823,54109,Wyoming
24826,54047,McDowell
24827,54109,Wyoming
24828,54047,McDowell
24829,54047,McDowell
24830,54047,McDowell
24831,54047,McDowell
24834,54109,Wyoming
24836,54047,McDowell
24839,54109,Wyoming
24843,54047,McDowell
24844,54047,McDowell
24845,54109,Wyoming
24846,54047,McDowell
24847,54109,Wyoming
24848,54047,McDowell
24849,54109,Wyoming
24850,54047,McDowell
24851,54059,Mingo
24853,54047,McDowell
24854,54109,Wyoming
24855,54047,McDowell
24857,54109,Wyoming
24859,54109,Wyoming
24860,54109,Wyoming
24861,54047,McDowell
24862,54047,McDowell
24866,54047,McDowell
24867,54109,Wyoming
24868,54047,McDowell
24869,54109,Wyoming
24870,54109,Wyoming
24871,54047,McDowell
24872,54047,McDowell
24873,54047,McDowell
24874,54109,Wyoming
24878,54047,McDowell
24879,54047,McDowell
24880,54109,Wyoming
24881,54047,McDowell
24882,54109,Wyoming
24884,54047,McDowell
24887,54047,McDowell
24888,54047,McDowell
24892,54047,McDowell
24894,54047,McDowell
24895,54047,McDowell
24898,54109,Wyoming
24901,54025,Greenbrier
24902,54025,Greenbrier
24910,54025,Greenbrier
24915,54075,Pocahontas
24916,54025,Greenbrier
24918,54063,Monroe
24920,54075,Pocahontas
24924,54075,Pocahontas
24925,54025,Greenbrier
24927,54075,Pocahontas
24931,54025,Greenbrier
24934,54075,Pocahontas
24935,54089,Summers
24938,54025,Greenbrier
24941,54063,Monroe
24943,54025,Greenbrier
24944,54075,Pocahontas
24945,54063,Monroe
24946,54075,Pocahontas
24951,54063,Monroe
24954,54075,Pocahontas
24957,54025,Greenbrier
24962,54089,Summers
24963,54063,Monroe
24966,54025,Greenbrier
24970,54025,Greenbrier
24974,54063,Monroe
24976,54063,Monroe
24977,54025,Greenbrier
24981,54089,Summers
24983,54063,Monroe
24984,54063,Monroe
24985,54063,Monroe
24986,54025,Greenbrier
24991,54025,Greenbrier
24993,54063,Monroe
25002,54019,Fayette
25003,54039,Kanawha
25005,54087,Roane
25007,54081,Raleigh
25008,54081,Raleigh
25009,54005,Boone
25011,54079,Putnam
25015,54039,Kanawha
25019,54015,Clay
25021,54005,Boone
25022,54045,Logan
25024,54005,Boone
25025,54039,Kanawha
25026,54039,Kanawha
25028,54005,Boone
25030,54015,Clay
25031,54019,Fayette
25033,54079,Putnam
25035,54039,Kanawha
25036,54019,Fayette
25039,54039,Kanawha
25040,54019,Fayette
25043,54015,Clay
25044,54081,Raleigh
25045,54039,Kanawha
25047,54005,Boone
25048,54081,Raleigh
25049,54005,Boone
25051,54005,Boone
25053,54005,Boone
25054,54039,Kanawha
25057,54019,Fayette
25059,54019,Fayette
25060,54081,Raleigh
25061,54039,Kanawha
25062,54081,Raleigh
25063,54007,Braxton
25064,54039,Kanawha
25067,54039,Kanawha
25070,54079,Putnam
25071,54039,Kanawha
25075,54039,Kanawha
25076,54045,Logan
25079,54039,Kanawha
25081,54005,Boone
25082,54079,Putnam
25083,54039,Kanawha
25085,54019,Fayette
25086,54039,Kanawha
25088,54015,Clay
25090,54019,Fayette
25093,54005,Boone
25102,54039,Kanawha
25103,54039,Kanawha
25106,54053,Mason
25107,54039,Kanawha
25108,54005,Boone
25109,54079,Putnam
25110,54039,Kanawha
25111,54015,Clay
25112,54039,Kanawha
25113,54015,Clay
25114,54005,Boone
25115,54019,Fayette
25118,54019,Fayette
25119,54019,Fayette
25121,54045,Logan
25123,54053,Mason
25124,54079,Putnam
25125,54015,Clay
25126,54039,Kanawha
25130,54005,Boone
25132,54039,Kanawha
25133,54015,Clay
25134,54039,Kanawha
25136,54019,Fayette
25139,54019,Fayette
25140,54081,Raleigh
25141,54015,Clay
25142,54005,Boone
25143,54039,Kanawha
25148,54005,Boone
25149,54005,Boone
25152,54019,Fayette
25154,54005,Boone
25156,54039,Kanawha
25159,54079,Putnam
25160,54039,Kanawha
25161,54019,Fayette
25162,54039,Kanawha
25164,54015,Clay
25165,54005,Boone
25168,54079,Putnam
25169,54005,Boone
25173,54019,Fayette
25174,54081,Raleigh
25177,54039,Kanawha
25180,54081,Raleigh
25181,54005,Boone
25183,54045,Logan
25185,54019,Fayette
25186,54019,Fayette
25187,54053,Mason
25193,54005,Boone
25201,54039,Kanawha
25202,54039,Kanawha
25203,54005,Boone
25204,54005,Boone
25205,54005,Boone
25206,54005,Boone
25208,54005,Boone
25209,54005,Boone
25211,54015,Clay
25213,54079,Putnam
25214,54039,Kanawha
25231,54035,Jackson
25234,54013,Calhoun
25235,54013,Calhoun
25239,54035,Jackson
25241,54035,Jackson
25243,54087,Roane
25244,54035,Jackson
25245,54035,Jackson
25247,54053,Mason
25248,54035,Jackson
25251,54087,Roane
25252,54035,Jackson
25253,54053,Mason
25259,54087,Roane
25260,54053,Mason
25261,54013,Calhoun
25262,54035,Jackson
25264,54053,Mason
25265,54053,Mason
25266,54087,Roane
25267,54021,Gilmer
25268,54013,Calhoun
25270,54087,Roane
25271,54035,Jackson
25275,54035,Jackson
25276,54087,Roane
25285,54015,Clay
25286,54087,Roane
25287,54053,Mason
25301,54039,Kanawha
25302,54039,Kanawha
25303,54039,Kanawha
25304,54039,Kanawha
25305,54039,Kanawha
25306,54039,Kanawha
25309,54039,Kanawha
25311,54039,Kanawha
25312,54039,Kanawha
25313,54039,Kanawha
25314,54039,Kanawha
25315,54039,Kanawha
25317,54039,Kanawha
25320,54039,Kanawha
25321,54039,Kanawha
25322,54039,Kanawha
25323,54039,Kanawha
25324,54039,Kanawha
25325,54039,Kanawha
25326,54039,Kanawha
25327,54039,Kanawha
25328,54039,Kanawha
25329,54039,Kanawha
25330,54039,Kanawha
25331,54039,Kanawha
25332,54039,Kanawha
25333,54039,Kanawha
25334,54039,Kanawha
25335,54039,Kanawha
25336,54039,Kanawha
25337,54039,Kanawha
25338,54039,Kanawha
25339,54039,Kanawha
25350,54039,Kanawha
25356,54039,Kanawha
25357,54039,Kanawha
25358,54039,Kanawha
25360,54039,Kanawha
25361,54039,Kanawha
25362,54039,Kanawha
25364,54039,Kanawha
25365,54039,Kanawha
25375,54039,Kanawha
25387,54039,Kanawha
25389,54039,Kanawha
25392,54039,Kanawha
25396,54039,Kanawha
25401,54003,Berkeley
25402,54003,Berkeley
25403,54003,Berkeley
25404,54003,Berkeley
25405,54003,Berkeley
25410,54037,Jefferson
25411,54065,Morgan
25413,54003,Berkeley
25414,54037,Jefferson
25419,54003,Berkeley
25420,54003,Berkeley
25421,54003,Berkeley
25422,54065,Morgan
25423,54037,Jefferson
25425,54037,Jefferson
25427,54003,Berkeley
25428,54003,Berkeley
25430,54037,Jefferson
25431,54027,Hampshire
25432,54037,Jefferson
25434,54027,Hampshire
25437,54027,Hampshire
25438,54037,Jefferson
25440,54003,Berkeley
25441,54037,Jefferson
25442,54037,Jefferson
25443,54037,Jefferson
25444,54027,Hampshire
25446,54037,Jefferson
25501,54043,Lincoln
25502,54053,Mason
25503,54053,Mason
25504,54011,Cabell
25505,54043,Lincoln
25506,54043,Lincoln
25507,54099,Wayne
25508,54045,Logan
25510,54011,Cabell
25511,54099,Wayne
25512,54099,Wayne
25514,54099,Wayne
25515,54053,Mason
25517,54099,Wayne
25520,54011,Cabell
25521,54043,Lincoln
25523,54043,Lincoln
25524,54043,Lincoln
25526,54079,Putnam
25529,54005,Boone
25530,54099,Wayne
25534,54099,Wayne
25535,54099,Wayne
25537,54011,Cabell
25540,54043,Lincoln
25541,54011,Cabell
25544,54043,Lincoln
25545,54011,Cabell
25547,54045,Logan
25550,54053,Mason
25555,54099,Wayne
25557,54043,Lincoln
25559,54011,Cabell
25560,54079,Putnam
25562,54099,Wayne
25564,54043,Lincoln
25565,54043,Lincoln
25567,54043,Lincoln
25569,54079,Putnam
25570,54099,Wayne
25571,54043,Lincoln
25572,54043,Lincoln
25573,54043,Lincoln
25601,54045,Logan
25606,54045,Logan
25607,54045,Logan
25608,54059,Mingo
25611,54045,Logan
25612,54045,Logan
25614,54045,Logan
25617,54045,Logan
25621,54059,Mingo
25624,54045,Logan
25625,54045,Logan
25628,54045,Logan
25630,54045,Logan
25632,54045,Logan
25634,54045,Logan
25635,54045,Logan
25637,54045,Logan
25638,54045,Logan
25639,54045,Logan
25644,54045,Logan
25646,54045,Logan
25647,54045,Logan
25649,54045,Logan
25650,54045,Logan
25651,54059,Mingo
25652,54045,Logan
25653,54045,Logan
25654,54045,Logan
25661,54059,Mingo
25665,54059,Mingo
25666,54059,Mingo
25667,54059,Mingo
25669,54099,Wayne
25670,54059,Mingo
25671,54059,Mingo
25672,54059,Mingo
25674,54059,Mingo
25676,54059,Mingo
25678,54059,Mingo
25685,54059,Mingo
25686,54059,Mingo
25688,54059,Mingo
25690,54059,Mingo
25691,54059,Mingo
25692,54059,Mingo
25696,54059,Mingo
25699,54099,Wayne
25701,54011,Cabell
25702,54011,Cabell
25703,54011,Cabell
25704,54099,Wayne
25705,54011,Cabell
25706,54011,Cabell
25707,54011,Cabell
25708,54011,Cabell
25709,54099,Wayne
25710,54011,Cabell
25711,54011,Cabell
25712,54011,Cabell
25713,54011,Cabell
25714,54011,Cabell
25715,54011,Cabell
25716,54011,Cabell
25717,54011,Cabell
25718,54011,Cabell
25719,54011,Cabell
25720,54011,Cabell
25721,54011,Cabell
25722,54011,Cabell
25723,54011,Cabell
25724,54011,Cabell
25725,54011,Cabell
25726,54011,Cabell
25727,54011,Cabell
25728,54011,Cabell
25729,54011,Cabell
25755,54011,Cabell
25770,54011,Cabell
25771,54011,Cabell
25772,54011,Cabell
25773,54011,Cabell
25774,54011,Cabell
25775,54011,Cabell
25776,54011,Cabell
25777,54011,Cabell
25778,54011,Cabell
25779,54011,Cabell
25801,54081,Raleigh
25802,54081,Raleigh
25810,54109,Wyoming
25811,54081,Raleigh
25812,54019,Fayette
25813,54081,Raleigh
25817,54081,Raleigh
25818,54081,Raleigh
25820,54055,Mercer
25823,54081,Raleigh
25825,54081,Raleigh
25826,54109,Wyoming
25827,54081,Raleigh
25831,54019,Fayette
25832,54081,Raleigh
25833,54019,Fayette
25836,54081,Raleigh
25837,54019,Fayette
25839,54081,Raleigh
25840,54019,Fayette
25841,54055,Mercer
25843,54081,Raleigh
25844,54081,Raleigh
25845,54109,Wyoming
25846,54019,Fayette
25848,54109,Wyoming
25849,54081,Raleigh
25851,54081,Raleigh
25853,54081,Raleigh
25854,54019,Fayette
25855,54019,Fayette
25857,54081,Raleigh
25860,54081,Raleigh
25862,54019,Fayette
25864,54019,Fayette
25865,54081,Raleigh
25866,54019,Fayette
25868,54019,Fayette
25870,54109,Wyoming
25871,54081,Raleigh
25873,54081,Raleigh
25875,54109,Wyoming
25876,54109,Wyoming
25878,54081,Raleigh
25879,54019,Fayette
25880,54081,Raleigh
25882,54109,Wyoming
25888,54019,Fayette
25901,54019,Fayette
25902,54081,Raleigh
25904,54019,Fayette
25906,54081,Raleigh
25907,54019,Fayette
25908,54081,Raleigh
25909,54081,Raleigh
25911,54081,Raleigh
25913,54109,Wyoming
25915,54081,Raleigh
25916,54109,Wyoming
25917,54019,Fayette
25918,54081,Raleigh
25919,54081,Raleigh
25920,54081,Raleigh
25921,54081,Raleigh
25922,54055,Mercer
25927,54081,Raleigh
25928,54109,Wyoming
25932,54081,Raleigh
25936,54019,Fayette
25938,54019,Fayette
25942,54019,Fayette
25943,54109,Wyoming
25951,54089,Summers
25958,54025,Greenbrier
25962,54019,Fayette
25966,54089,Summers
25969,54089,Summers
25971,54055,Mercer
25972,54025,Greenbrier
25976,54019,Fayette
25977,54089,Summers
25978,54089,Summers
25979,54089,Summers
25981,54025,Greenbrier
25984,54025,Greenbrier
25985,54089,Summers
25986,54019,Fayette
25989,54081,Raleigh
26003,54069,Ohio
26030,54009,Brooke
26031,54051,Marshall
26032,54009,Brooke
26033,54051,Marshall
26034,54029,Hancock
26035,54009,Brooke
26036,54051,Marshall
26037,54009,Brooke
26038,54051,Marshall
26039,54051,Marshall
26040,54051,Marshall
26041,54051,Marshall
26047,54029,Hancock
26050,54029,Hancock
26055,54051,Marshall
26056,54029,Hancock
26058,54009,Brooke
26059,54069,Ohio
26060,54069,Ohio
26062,54029,Hancock
26070,54009,Brooke
26074,54069,Ohio
26075,54009,Brooke
26101,54107,Wood
26102,54107,Wood
26103,54107,Wood
26104,54107,Wood
26105,54107,Wood
26106,54107,Wood
26120,54107,Wood
26121,54107,Wood
26133,54107,Wood
26134,54073,Pleasants
26136,54013,Calhoun
26137,54021,Gilmer
26138,54013,Calhoun
26141,54013,Calhoun
26142,54107,Wood
26143,54105,Wirt
26146,54095,Tyler
26147,54013,Calhoun
26148,54085,Ritchie
26149,54095,Tyler
26150,54107,Wood
26151,54013,Calhoun
26152,54013,Calhoun
26155,54103,Wetzel
26159,54103,Wetzel
26160,54105,Wirt
26161,54085,Ritchie
26162,54103,Wetzel
26164,54035,Jackson
26167,54103,Wetzel
26169,54107,Wood
26170,54073,Pleasants
26175,54095,Tyler
26178,54085,Ritchie
26180,54107,Wood
26181,54107,Wood
26184,54107,Wood
26187,54107,Wood
26201,54097,Upshur
26202,54067,Nicholas
26203,54101,Webster
26205,54067,Nicholas
26206,54101,Webster
26208,54101,Webster
26209,54075,Pocahontas
26210,54097,Upshur
26215,54101,Webster
26217,54101,Webster
26218,54097,Upshur
26219,54097,Upshur
26222,54101,Webster
26224,54083,Randolph
26228,54097,Upshur
26229,54097,Upshur
26230,54083,Randolph
26234,54097,Upshur
26236,54083,Randolph
26237,54097,Upshur
26238,54001,Barbour
26241,54083,Randolph
26250,54001,Barbour
26253,54083,Randolph
26254,54083,Randolph
26257,54083,Randolph
26259,54083,Randolph
26260,54093,Tucker
26261,54025,Greenbrier
26263,54083,Randolph
26264,54075,Pocahontas
26266,54101,Webster
26267,54083,Randolph
26268,54083,Randolph
26269,54093,Tucker
26270,54083,Randolph
26271,54093,Tucker
26273,54083,Randolph
26275,54001,Barbour
26276,54083,Randolph
26278,54083,Randolph
26280,54083,Randolph
26282,54083,Randolph
26283,54083,Randolph
26285,54083,Randolph
26287,54093,Tucker
26288,54101,Webster
26289,54093,Tucker
26291,54075,Pocahontas
26292,54093,Tucker
26293,54083,Randolph
26294,54083,Randolph
26296,54083,Randolph
26298,54101,Webster
26301,54033,Harrison
26302,54033,Harrison
26306,54033,Harrison
26320,54095,Tyler
26321,54041,Lewis
26323,54033,Harrison
26325,54085,Ritchie
26327,54085,Ritchie
26330,54033,Harrison
26335,54007,Braxton
26337,54085,Ritchie
26338,54041,Lewis
26339,54017,Doddridge
26342,54021,Gilmer
26343,54041,Lewis
26346,54085,Ritchie
26347,54091,Taylor
26348,54103,Wetzel
26349,54001,Barbour
26351,54021,Gilmer
26354,54091,Taylor
26361,54033,Harrison
26362,54085,Ritchie
26366,54033,Harrison
26369,54033,Harrison
26372,54041,Lewis
26374,54077,Preston
26376,54007,Braxton
26377,54103,Wetzel
26378,54041,Lewis
26384,54021,Gilmer
26385,54033,Harrison
26386,54033,Harrison
26404,54033,Harrison
26405,54001,Barbour
26408,54033,Harrison
26410,54077,Preston
26411,54017,Doddridge
26412,54041,Lewis
26415,54085,Ritchie
26416,54001,Barbour
26419,54103,Wetzel
26421,54085,Ritchie
26422,54033,Harrison
26424,54091,Taylor
26425,54077,Preston
26426,54017,Doddridge
26430,54021,Gilmer
26431,54033,Harrison
26434,54095,Tyler
26435,54091,Taylor
26436,54017,Doddridge
26437,54103,Wetzel
26438,54033,Harrison
26440,54091,Taylor
26443,54021,Gilmer
26444,54077,Preston
26447,54041,Lewis
26448,54033,Harrison
26451,54033,Harrison
26452,54041,Lewis
26456,54017,Doddridge
26463,54033,Harrison
26501,54061,Monongalia
26502,54061,Monongalia
26504,54061,Monongalia
26505,54061,Monongalia
26506,54061,Monongalia
26507,54061,Monongalia
26508,54061,Monongalia
26519,54077,Preston
26520,54077,Preston
26521,54061,Monongalia
26524,54077,Preston
26525,54077,Preston
26527,54061,Monongalia
26531,54061,Monongalia
26534,54061,Monongalia
26537,54077,Preston
26541,54061,Monongalia
26542,54077,Preston
26543,54061,Monongalia
26544,54061,Monongalia
26546,54061,Monongalia
26547,54077,Preston
26554,54049,Marion
26555,54049,Marion
26559,54049,Marion
26560,54049,Marion
26561,54103,Wetzel
26562,54103,Wetzel
26563,54049,Marion
26566,54049,Marion
26568,54033,Harrison
26570,54061,Monongalia
26571,54049,Marion
26572,54049,Marion
26574,54049,Marion
26575,54103,Wetzel
26576,54049,Marion
26578,54049,Marion
26581,54103,Wetzel
26582,54049,Marion
26585,54049,Marion
26586,54049,Marion
26587,54049,Marion
26588,54049,Marion
26590,54061,Monongalia
26591,54049,Marion
26601,54007,Braxton
26610,54067,Nicholas
26611,54021,Gilmer
26615,54007,Braxton
26617,54067,Nicholas
26619,54007,Braxton
26621,54007,Braxton
26623,54007,Braxton
26624,54007,Braxton
26627,54007,Braxton
26629,54007,Braxton
26631,54007,Braxton
26636,54007,Braxton
26638,54021,Gilmer
26651,54067,Nicholas
26656,54067,Nicholas
26660,54067,Nicholas
26662,54067,Nicholas
26667,54067,Nicholas
26671,54067,Nicholas
26675,54067,Nicholas
26676,54067,Nicholas
26678,54067,Nicholas
26679,54067,Nicholas
26680,54019,Fayette
26681,54067,Nicholas
26684,54067,Nicholas
26690,54019,Fayette
26691,54067,Nicholas
26704,54027,Hampshire
26705,54077,Preston
26707,54023,Grant
26710,54057,Mineral
26711,54027,Hampshire
26714,54027,Hampshire
26716,54077,Preston
26717,54057,Mineral
26719,54057,Mineral
26720,54023,Grant
26722,54027,Hampshire
26726,54057,Mineral
26731,54023,Grant
26739,54023,Grant
26743,54057,Mineral
26750,54057,Mineral
26753,54057,Mineral
26755,54027,Hampshire
26757,54027,Hampshire
26761,54027,Hampshire
26763,54027,Hampshire
26764,54077,Preston
26767,54057,Mineral
26801,54031,Hardy
26802,54071,Pendleton
26804,54071,Pendleton
26807,54071,Pendleton
26808,54027,Hampshire
26810,54031,Hardy
26812,54031,Hardy
26814,54071,Pendleton
26815,54071,Pendleton
26817,54027,Hampshire
26818,54031,Hardy
26823,54027,Hampshire
26833,54023,Grant
26836,54031,Hardy
26838,54031,Hardy
26845,54031,Hardy
26847,54023,Grant
26851,54031,Hardy
26852,54027,Hampshire
26855,54023,Grant
26865,54027,Hampshire
26866,54071,Pendleton
26884,54071,Pendleton
26886,54071,Pendleton
27006,37059,Davie
27007,37171,Surry
27009,37067,Forsyth
27010,37067,Forsyth
27011,37197,Yadkin
27012,37067,Forsyth
27013,37159,Rowan
27014,37059,Davie
27016,37169,Stokes
27017,37171,Surry
27018,37197,Yadkin
27019,37169,Stokes
27020,37197,Yadkin
27021,37169,Stokes
27022,37169,Stokes
27023,37067,Forsyth
27024,37171,Surry
27025,37157,Rockingham
27027,37157,Rockingham
27028,37059,Davie
27030,37171,Surry
27031,37171,Surry
27040,37067,Forsyth
27041,37171,Surry
27042,37169,Stokes
27043,37169,Stokes
27045,37067,Forsyth
27046,37169,Stokes
27047,37171,Surry
27048,37157,Rockingham
27049,37171,Surry
27050,37067,Forsyth
27051,37067,Forsyth
27052,37169,Stokes
27053,37169,Stokes
27054,37159,Rowan
27055,37197,Yadkin
27094,37067,Forsyth
27098,37067,Forsyth
27099,37067,Forsyth
27101,37067,Forsyth
27102,37067,Forsyth
27103,37067,Forsyth
27104,37067,Forsyth
27105,37067,Forsyth
27106,37067,Forsyth
27107,37057,Davidson
27108,37067,Forsyth
27109,37067,Forsyth
27110,37067,Forsyth
27111,37067,Forsyth
27113,37067,Forsyth
27114,37067,Forsyth
27115,37067,Forsyth
27116,37067,Forsyth
27117,37067,Forsyth
27120,37067,Forsyth
27127,37067,Forsyth
27130,37067,Forsyth
27150,37067,Forsyth
27152,37067,Forsyth
27155,37067,Forsyth
27157,37067,Forsyth
27198,37067,Forsyth
27199,37067,Forsyth
27201,37001,Alamance
27202,37001,Alamance
27203,37151,Randolph
27204,37151,Randolph
27205,37151,Randolph
27207,37037,Chatham
27208,37037,Chatham
27209,37123,Montgomery
27212,37033,Caswell
27213,37037,Chatham
27214,37081,Guilford
27215,37001,Alamance
27216,37001,Alamance
27217,37001,Alamance
27228,37037,Chatham
27229,37123,Montgomery
27230,37151,Randolph
27231,37135,Orange
27233,37151,Randolph
27235,37081,Guilford
27237,37105,Lee
27239,37057,Davidson
27242,37125,Moore
27243,37135,Orange
27244,37001,Alamance
27247,37123,Montgomery
27248,37151,Randolph
27249,37081,Guilford
27252,37037,Chatham
27253,37001,Alamance
27256,37037,Chatham
27258,37001,Alamance
27259,37125,Moore
27260,37081,Guilford
27261,37081,Guilford
27262,37081,Guilford
27263,37151,Randolph
27264,37081,Guilford
27265,37081,Guilford
27268,37081,Guilford
27278,37135,Orange
27281,37125,Moore
27282,37081,Guilford
27283,37081,Guilford
27284,37067,Forsyth
27285,37067,Forsyth
27288,37157,Rockingham
27289,37157,Rockingham
27291,37033,Caswell
27292,37057,Davidson
27293,37057,Davidson
27294,37057,Davidson
27295,37057,Davidson
27298,37151,Randolph
27299,37057,Davidson
27301,37081,Guilford
27302,37001,Alamance
27305,37033,Caswell
27306,37123,Montgomery
27310,37081,Guilford
27311,37033,Caswell
27312,37037,Chatham
27313,37081,Guilford
27314,37033,Caswell
27315,37033,Caswell
27316,37151,Randolph
27317,37151,Randolph
27320,37157,Rockingham
27323,37157,Rockingham
27325,37125,Moore
27326,37157,Rockingham
27330,37105,Lee
27331,37105,Lee
27332,37105,Lee
27340,37001,Alamance
27341,37151,Randolph
27342,37081,Guilford
27343,37145,Person
27344,37037,Chatham
27349,37001,Alamance
27350,37151,Randolph
27351,37057,Davidson
27355,37151,Randolph
27356,37123,Montgomery
27357,37157,Rockingham
27358,37081,Guilford
27359,37001,Alamance
27360,37057,Davidson
27361,37057,Davidson
27370,37151,Randolph
27371,37123,Montgomery
27373,37057,Davidson
27374,37057,Davidson
27375,37157,Rockingham
27376,37125,Moore
27377,37081,Guilford
27379,37033,Caswell
27401,37081,Guilford
27402,37081,Guilford
27403,37081,Guilford
27404,37081,Guilford
27405,37081,Guilford
27406,37081,Guilford
27407,37081,Guilford
27408,37081,Guilford
27409,37081,Guilford
27410,37081,Guilford
27411,37081,Guilford
27412,37081,Guilford
27413,37081,Guilford
27415,37081,Guilford
27416,37081,Guilford
27417,37081,Guilford
27419,37081,Guilford
27420,37081,Guilford
27425,37081,Guilford
27427,37081,Guilford
27429,37081,Guilford
27435,37081,Guilford
27438,37081,Guilford
27455,37081,Guilford
27495,37081,Guilford
27497,37081,Guilford
27498,37081,Guilford
27499,37081,Guilford
27501,37085,Harnett
27502,37183,Wake
27503,37063,Durham
27504,37101,Johnston
27505,37085,Harnett
27506,37085,Harnett
27507,37077,Granville
27508,37069,Franklin
27509,37077,Granville
27510,37135,Orange
27511,37183,Wake
27512,37183,Wake
27513,37183,Wake
27514,37135,Orange
27515,37135,Orange
27516,37135,Orange
27517,37037,Chatham
27518,37183,Wake
27519,37183,Wake
27520,37101,Johnston
27521,37085,Harnett
27522,37077,Granville
27523,37037,Chatham
27524,37101,Johnston
27525,37069,Franklin
27526,37085,Harnett
27527,37101,Johnston
27528,37077,Granville
27529,37183,Wake
27530,37191,Wayne
27531,37191,Wayne
27532,37191,Wayne
27533,37191,Wayne
27534,37191,Wayne
27536,37181,Vance
27537,37181,Vance
27539,37183,Wake
27540,37183,Wake
27541,37145,Person
27542,37101,Johnston
27543,37085,Harnett
27544,37181,Vance
27545,37183,Wake
27546,37085,Harnett
27549,37069,Franklin
27551,37185,Warren
27552,37085,Harnett
27553,37185,Warren
27555,37101,Johnston
27556,37181,Vance
27557,37127,Nash
27559,37037,Chatham
27560,37183,Wake
27562,37037,Chatham
27563,37185,Warren
27565,37077,Granville
27568,37101,Johnston
27569,37101,Johnston
27570,37185,Warren
27571,37183,Wake
27572,37145,Person
27573,37145,Person
27574,37145,Person
27576,37101,Johnston
27577,37101,Johnston
27581,37077,Granville
27582,37077,Granville
27583,37145,Person
27584,37181,Vance
27586,37185,Warren
27587,37183,Wake
27588,37183,Wake
27589,37185,Warren
27591,37183,Wake
27592,37183,Wake
27593,37101,Johnston
27594,37185,Warren
27596,37069,Franklin
27597,37183,Wake
27599,37135,Orange
27601,37183,Wake
27602,37183,Wake
27603,37183,Wake
27604,37183,Wake
27605,37183,Wake
27606,37183,Wake
27607,37183,Wake
27608,37183,Wake
27609,37183,Wake
27610,37183,Wake
27611,37183,Wake
27612,37183,Wake
27613,37183,Wake
27614,37183,Wake
27615,37183,Wake
27616,37183,Wake
27617,37183,Wake
27619,37183,Wake
27620,37183,Wake
27621,37183,Wake
27622,37183,Wake
27623,37183,Wake
27624,37183,Wake
27625,37183,Wake
27626,37183,Wake
27627,37183,Wake
27628,37183,Wake
27629,37183,Wake
27634,37183,Wake
27635,37183,Wake
27636,37183,Wake
27640,37183,Wake
27650,37183,Wake
27656,37183,Wake
27658,37183,Wake
27661,37183,Wake
27668,37183,Wake
27675,37183,Wake
27676,37183,Wake
27690,37183,Wake
27695,37183,Wake
27697,37183,Wake
27698,37183,Wake
27699,37183,Wake
27701,37063,Durham
27702,37063,Durham
27703,37063,Durham
27704,37063,Durham
27705,37063,Durham
27706,37063,Durham
27707,37063,Durham
27708,37063,Durham
27709,37063,Durham
27710,37063,Durham
27711,37063,Durham
27712,37063,Durham
27713,37063,Durham
27715,37063,Durham
27717,37063,Durham
27722,37063,Durham
27801,37065,Edgecombe
27802,37065,Edgecombe
27803,37127,Nash
27804,37127,Nash
27805,37015,Bertie
27806,37013,Beaufort
27807,37127,Nash
27808,37013,Beaufort
27809,37065,Edgecombe
27810,37095,Hyde
27811,37147,Pitt
27812,37147,Pitt
27813,37195,Wilson
27814,37013,Beaufort
27815,37065,Edgecombe
27816,37069,Franklin
27817,37013,Beaufort
27818,37091,Hertford
27819,37065,Edgecombe
27820,37131,Northampton
27821,37013,Beaufort
27822,37195,Wilson
27823,37083,Halifax
27824,37095,Hyde
27825,37117,Martin
27826,37095,Hyde
27827,37147,Pitt
27828,37147,Pitt
27829,37147,Pitt
27830,37191,Wayne
27831,37131,Northampton
27832,37131,Northampton
27833,37147,Pitt
27834,37147,Pitt
27835,37147,Pitt
27836,37147,Pitt
27837,37147,Pitt
27839,37083,Halifax
27840,37117,Martin
27841,37117,Martin
27842,37131,Northampton
27843,37065,Edgecombe
27844,37083,Halifax
27845,37131,Northampton
27846,37117,Martin
27847,37015,Bertie
27849,37015,Bertie
27850,37083,Halifax
27851,37195,Wilson
27852,37065,Edgecombe
27853,37131,Northampton
27855,37091,Hertford
27856,37127,Nash
27857,37117,Martin
27858,37147,Pitt
27860,37013,Beaufort
27861,37117,Martin
27862,37131,Northampton
27863,37191,Wayne
27864,37065,Edgecombe
27865,37013,Beaufort
27866,37131,Northampton
27867,37131,Northampton
27868,37127,Nash
27869,37131,Northampton
27870,37083,Halifax
27871,37117,Martin
27872,37015,Bertie
27873,37195,Wilson
27874,37083,Halifax
27875,37095,Hyde
27876,37131,Northampton
27877,37131,Northampton
27878,37127,Nash
27879,37147,Pitt
27880,37195,Wilson
27881,37065,Edgecombe
27882,37127,Nash
27883,37195,Wilson
27884,37147,Pitt
27885,37095,Hyde
27886,37065,Edgecombe
27887,37083,Halifax
27888,37079,Greene
27889,37013,Beaufort
27890,37083,Halifax
27891,37127,Nash
27892,37117,Martin
27893,37195,Wilson
27894,37195,Wilson
27895,37195,Wilson
27896,37195,Wilson
27897,37131,Northampton
27906,37139,Pasquotank
27907,37139,Pasquotank
27909,37139,Pasquotank
27910,37091,Hertford
27915,37055,Dare
27916,37053,Currituck
27917,37053,Currituck
27919,37143,Perquimans
27920,37055,Dare
27921,37029,Camden
27922,37091,Hertford
27923,37053,Currituck
27924,37015,Bertie
27925,37177,Tyrrell
27926,37073,Gates
27927,37053,Currituck
27928,37187,Washington
27929,37053,Currituck
27930,37143,Perquimans
27932,37041,Chowan
27935,37073,Gates
27936,37055,Dare
27937,37073,Gates
27938,37073,Gates
27939,37053,Currituck
27941,37053,Currituck
27942,37091,Hertford
27943,37055,Dare
27944,37143,Perquimans
27946,37073,Gates
27947,37053,Currituck
27948,37055,Dare
27949,37055,Dare
27950,37053,Currituck
27953,37055,Dare
27954,37055,Dare
27956,37053,Currituck
27957,37015,Bertie
27958,37053,Currituck
27959,37055,Dare
27960,37095,Hyde
27962,37187,Washington
27964,37053,Currituck
27965,37053,Currituck
27966,37053,Currituck
27967,37015,Bertie
27968,37055,Dare
27969,37073,Gates
27970,37187,Washington
27972,37055,Dare
27973,37053,Currituck
27974,37029,Camden
27976,37029,Camden
27978,37055,Dare
27979,37073,Gates
27980,37041,Chowan
27981,37055,Dare
27982,37055,Dare
27983,37015,Bertie
27985,37143,Perquimans
27986,37091,Hertford
28001,37167,Stanly
28002,37167,Stanly
28006,37071,Gaston
28007,37007,Anson
28009,37167,Stanly
28010,37097,Iredell
28012,37071,Gaston
28016,37071,Gaston
28017,37045,Cleveland
28018,37161,Rutherford
28019,37161,Rutherford
28020,37045,Cleveland
28021,37071,Gaston
28023,37159,Rowan
28024,37161,Rutherford
28025,37025,Cabarrus
28026,37025,Cabarrus
28027,37025,Cabarrus
28031,37119,Mecklenburg
28032,37071,Gaston
28033,37109,Lincoln
28034,37071,Gaston
28035,37071,Gaston
28036,37119,Mecklenburg
28037,37109,Lincoln
28038,37045,Cleveland
28039,37159,Rowan
28040,37161,Rutherford
28041,37159,Rowan
28042,37045,Cleveland
28043,37161,Rutherford
28052,37071,Gaston
28053,37071,Gaston
28054,37071,Gaston
28055,37071,Gaston
28056,37071,Gaston
28070,37119,Mecklenburg
28071,37159,Rowan
28072,37159,Rowan
28073,37045,Cleveland
28074,37161,Rutherford
28075,37025,Cabarrus
28076,37161,Rutherford
28077,37071,Gaston
28078,37119,Mecklenburg
28079,37179,Union
28080,37109,Lincoln
28081,37025,Cabarrus
28082,37025,Cabarrus
28083,37025,Cabarrus
28086,37045,Cleveland
28088,37159,Rowan
28089,37045,Cleveland
28090,37045,Cleveland
28091,37007,Anson
28092,37109,Lincoln
28093,37109,Lincoln
28097,37167,Stanly
28098,37071,Gaston
28101,37071,Gaston
28102,37007,Anson
28103,37179,Union
28104,37179,Union
28105,37119,Mecklenburg
28106,37119,Mecklenburg
28107,37025,Cabarrus
28108,37179,Union
28109,37167,Stanly
28110,37179,Union
28111,37179,Union
28112,37179,Union
28114,37045,Cleveland
28115,37097,Iredell
28117,37097,Iredell
28119,37007,Anson
28120,37071,Gaston
28123,37097,Iredell
28124,37025,Cabarrus
28125,37159,Rowan
28126,37119,Mecklenburg
28127,37167,Stanly
28128,37167,Stanly
28129,37167,Stanly
28130,37119,Mecklenburg
28133,37007,Anson
28134,37119,Mecklenburg
28135,37007,Anson
28136,37045,Cleveland
28137,37167,Stanly
28138,37159,Rowan
28139,37161,Rutherford
28144,37159,Rowan
28145,37159,Rowan
28146,37159,Rowan
28147,37159,Rowan
28150,37045,Cleveland
28151,37045,Cleveland
28152,37045,Cleveland
28159,37159,Rowan
28160,37161,Rutherford
28163,37167,Stanly
28164,37071,Gaston
28166,37097,Iredell
28167,37161,Rutherford
28168,37109,Lincoln
28169,37045,Cleveland
28170,37007,Anson
28173,37179,Union
28174,37179,Union
28201,37119,Mecklenburg
28202,37119,Mecklenburg
28203,37119,Mecklenburg
28204,37119,Mecklenburg
28205,37119,Mecklenburg
28206,37119,Mecklenburg
28207,37119,Mecklenburg
28208,37119,Mecklenburg
28209,37119,Mecklenburg
28210,37119,Mecklenburg
28211,37119,Mecklenburg
28212,37119,Mecklenburg
28213,37119,Mecklenburg
28214,37119,Mecklenburg
28215,37119,Mecklenburg
28216,37119,Mecklenburg
28217,37119,Mecklenburg
28218,37119,Mecklenburg
28219,37119,Mecklenburg
28220,37119,Mecklenburg
28221,37119,Mecklenburg
28222,37119,Mecklenburg
28223,37119,Mecklenburg
28224,37119,Mecklenburg
28226,37119,Mecklenburg
28227,37119,Mecklenburg
28228,37119,Mecklenburg
28229,37119,Mecklenburg
28230,37119,Mecklenburg
28231,37119,Mecklenburg
28232,37119,Mecklenburg
28233,37119,Mecklenburg
28234,37119,Mecklenburg
28235,37119,Mecklenburg
28236,37119,Mecklenburg
28237,37119,Mecklenburg
28241,37119,Mecklenburg
28242,37119,Mecklenburg
28243,37119,Mecklenburg
28244,37119,Mecklenburg
28246,37119,Mecklenburg
28247,37119,Mecklenburg
28250,37119,Mecklenburg
28253,37119,Mecklenburg
28254,37119,Mecklenburg
28255,37119,Mecklenburg
28256,37119,Mecklenburg
28258,37119,Mecklenburg
28260,37119,Mecklenburg
28262,37119,Mecklenburg
28263,37119,Mecklenburg
28265,37119,Mecklenburg
28266,37119,Mecklenburg
28269,37119,Mecklenburg
28270,37119,Mecklenburg
28271,37155,Robeson
28272,37119,Mecklenburg
28273,37119,Mecklenburg
28274,37119,Mecklenburg
28275,37119,Mecklenburg
28277,37119,Mecklenburg
28278,37119,Mecklenburg
28280,37119,Mecklenburg
28281,37119,Mecklenburg
28282,37119,Mecklenburg
28284,37119,Mecklenburg
28285,37119,Mecklenburg
28287,37119,Mecklenburg
28288,37119,Mecklenburg
28289,37119,Mecklenburg
28290,37119,Mecklenburg
28296,37119,Mecklenburg
28297,37119,Mecklenburg
28299,37119,Mecklenburg
28301,37051,Cumberland
28302,37051,Cumberland
28303,37051,Cumberland
28304,37051,Cumberland
28305,37051,Cumberland
28306,37051,Cumberland
28307,37051,Cumberland
28308,37051,Cumberland
28309,37051,Cumberland
28310,37051,Cumberland
28311,37051,Cumberland
28312,37051,Cumberland
28314,37051,Cumberland
28315,37125,Moore
28318,37163,Sampson
28319,37155,Robeson
28320,37017,Bladen
28323,37085,Harnett
28325,37061,Duplin
28326,37085,Harnett
28327,37125,Moore
28328,37163,Sampson
28329,37163,Sampson
28330,37153,Richmond
28331,37051,Cumberland
28332,37017,Bladen
28333,37191,Wayne
28334,37163,Sampson
28335,37085,Harnett
28337,37017,Bladen
28338,37153,Richmond
28339,37085,Harnett
28340,37155,Robeson
28341,37163,Sampson
28342,37051,Cumberland
28343,37165,Scotland
28344,37163,Sampson
28345,37153,Richmond
28347,37153,Richmond
28348,37051,Cumberland
28349,37061,Duplin
28350,37125,Moore
28351,37165,Scotland
28352,37165,Scotland
28353,37165,Scotland
28355,37105,Lee
28356,37051,Cumberland
28357,37155,Robeson
28358,37155,Robeson
28359,37155,Robeson
28360,37155,Robeson
28362,37155,Robeson
28363,37165,Scotland
28364,37155,Robeson
28365,37061,Duplin
28366,37163,Sampson
28367,37153,Richmond
28368,37085,Harnett
28369,37155,Robeson
28370,37125,Moore
28371,37155,Robeson
28372,37155,Robeson
28373,37125,Moore
28374,37125,Moore
28375,37155,Robeson
28376,37093,Hoke
28377,37093,Hoke
28378,37155,Robeson
28379,37153,Richmond
28380,37153,Richmond
28382,37163,Sampson
28383,37155,Robeson
28384,37155,Robeson
28385,37163,Sampson
28386,37155,Robeson
28387,37125,Moore
28388,37125,Moore
28390,37085,Harnett
28391,37051,Cumberland
28392,37017,Bladen
28393,37163,Sampson
28394,37125,Moore
28395,37051,Cumberland
28396,37165,Scotland
28398,37061,Duplin
28399,37017,Bladen
28401,37129,New Hanover
28402,37129,New Hanover
28403,37129,New Hanover
28404,37019,Brunswick
28405,37129,New Hanover
28406,37129,New Hanover
28407,37129,New Hanover
28408,37129,New Hanover
28409,37129,New Hanover
28410,37129,New Hanover
28411,37129,New Hanover
28412,37129,New Hanover
28420,37019,Brunswick
28421,37141,Pender
28422,37019,Brunswick
28423,37047,Columbus
28424,37047,Columbus
28425,37141,Pender
28428,37129,New Hanover
28429,37129,New Hanover
28430,37047,Columbus
28431,37047,Columbus
28432,37047,Columbus
28433,37017,Bladen
28434,37017,Bladen
28435,37141,Pender
28436,37047,Columbus
28438,37047,Columbus
28439,37047,Columbus
28441,37163,Sampson
28442,37047,Columbus
28443,37141,Pender
28444,37163,Sampson
28445,37133,Onslow
28447,37017,Bladen
28448,37017,Bladen
28449,37129,New Hanover
28450,37047,Columbus
28451,37019,Brunswick
28452,37019,Brunswick
28453,37061,Duplin
28454,37133,Onslow
28455,37047,Columbus
28456,37047,Columbus
28457,37141,Pender
28458,37061,Duplin
28459,37019,Brunswick
28460,37133,Onslow
28461,37019,Brunswick
28462,37019,Brunswick
28463,37047,Columbus
28464,37061,Duplin
28465,37019,Brunswick
28466,37061,Duplin
28467,37019,Brunswick
28468,37019,Brunswick
28469,37019,Brunswick
28470,37019,Brunswick
28472,37047,Columbus
28478,37141,Pender
28479,37019,Brunswick
28480,37129,New Hanover
28501,37107,Lenoir
28502,37107,Lenoir
28503,37107,Lenoir
28504,37107,Lenoir
28508,37061,Duplin
28509,37137,Pamlico
28510,37137,Pamlico
28511,37031,Carteret
28512,37031,Carteret
28513,37147,Pitt
28515,37137,Pamlico
28516,37031,Carteret
28518,37061,Duplin
28519,37049,Craven
28520,37031,Carteret
28521,37061,Duplin
28522,37103,Jones
28523,37049,Craven
28524,37031,Carteret
28525,37107,Lenoir
28526,37049,Craven
28527,37049,Craven
28528,37031,Carteret
28529,37137,Pamlico
28530,37147,Pitt
28531,37031,Carteret
28532,37049,Craven
28533,37049,Craven
28537,37137,Pamlico
28538,37079,Greene
28539,37133,Onslow
28540,37133,Onslow
28541,37133,Onslow
28542,37133,Onslow
28543,37133,Onslow
28544,37133,Onslow
28545,37133,Onslow
28546,37133,Onslow
28547,37133,Onslow
28551,37107,Lenoir
28552,37137,Pamlico
28553,37031,Carteret
28554,37079,Greene
28555,37133,Onslow
28556,37137,Pamlico
28557,37031,Carteret
28560,37049,Craven
28561,37049,Craven
28562,37049,Craven
28563,37049,Craven
28564,37049,Craven
28570,37031,Carteret
28571,37137,Pamlico
28572,37061,Duplin
28573,37103,Jones
28574,37133,Onslow
28575,37031,Carteret
28577,37031,Carteret
28578,37191,Wayne
28579,37031,Carteret
28580,37079,Greene
28581,37031,Carteret
28582,37133,Onslow
28583,37137,Pamlico
28584,37031,Carteret
28585,37103,Jones
28586,37049,Craven
28587,37137,Pamlico
28589,37031,Carteret
28590,37147,Pitt
28594,37031,Carteret
28601,37035,Catawba
28602,37035,Catawba
28603,37035,Catawba
28604,37189,Watauga
28605,37189,Watauga
28606,37193,Wilkes
28607,37189,Watauga
28608,37189,Watauga
28609,37035,Catawba
28610,37035,Catawba
28611,37027,Caldwell
28612,37023,Burke
28613,37035,Catawba
28615,37009,Ashe
28616,37011,Avery
28617,37009,Ashe
28618,37189,Watauga
28619,37023,Burke
28621,37171,Surry
28622,37011,Avery
28623,37005,Alleghany
28624,37193,Wilkes
28625,37097,Iredell
28626,37009,Ashe
28627,37005,Alleghany
28628,37023,Burke
28629,37009,Ashe
28630,37027,Caldwell
28631,37009,Ashe
28633,37027,Caldwell
28634,37097,Iredell
28635,37193,Wilkes
28636,37003,Alexander
28637,37023,Burke
28638,37027,Caldwell
28640,37009,Ashe
28641,37023,Burke
28642,37197,Yadkin
28643,37009,Ashe
28644,37005,Alleghany
28645,37027,Caldwell
28646,37011,Avery
28647,37023,Burke
28649,37193,Wilkes
28650,37035,Catawba
28651,37193,Wilkes
28652,37011,Avery
28653,37011,Avery
28654,37193,Wilkes
28655,37023,Burke
28656,37193,Wilkes
28657,37011,Avery
28658,37035,Catawba
28659,37193,Wilkes
28660,37097,Iredell
28661,37027,Caldwell
28662,37011,Avery
28663,37005,Alleghany
28664,37011,Avery
28665,37193,Wilkes
28666,37023,Burke
28667,37027,Caldwell
28668,37005,Alleghany
28669,37193,Wilkes
28670,37193,Wilkes
28671,37023,Burke
28672,37009,Ashe
28673,37035,Catawba
28675,37005,Alleghany
28676,37171,Surry
28677,37097,Iredell
28678,37097,Iredell
28679,37189,Watauga
28680,37023,Burke
28681,37003,Alexander
28682,37035,Catawba
28683,37171,Surry
28684,37009,Ashe
28685,37193,Wilkes
28687,37097,Iredell
28688,37097,Iredell
28689,37097,Iredell
28690,37023,Burke
28691,37189,Watauga
28692,37189,Watauga
28693,37009,Ashe
28694,37009,Ashe
28697,37193,Wilkes
28698,37189,Watauga
28699,37097,Iredell
28701,37021,Buncombe
28702,37075,Graham
28704,37021,Buncombe
28705,37121,Mitchell
28707,37099,Jackson
28708,37175,Transylvania
28709,37021,Buncombe
28710,37089,Henderson
28711,37021,Buncombe
28712,37175,Transylvania
28713,37173,Swain
28714,37199,Yancey
28715,37021,Buncombe
28716,37087,Haywood
28717,37099,Jackson
28718,37175,Transylvania
28719,37173,Swain
28720,37161,Rutherford
28721,37087,Haywood
28722,37149,Polk
28723,37099,Jackson
28724,37089,Henderson
28725,37099,Jackson
28726,37089,Henderson
28727,37089,Henderson
28728,37021,Buncombe
28729,37089,Henderson
28730,37021,Buncombe
28731,37089,Henderson
28732,37089,Henderson
28733,37075,Graham
28734,37113,Macon
28735,37089,Henderson
28736,37099,Jackson
28737,37111,McDowell
28738,37087,Haywood
28739,37089,Henderson
28740,37199,Yancey
28741,37113,Macon
28742,37089,Henderson
28743,37115,Madison
28744,37113,Macon
28745,37087,Haywood
28746,37161,Rutherford
28747,37175,Transylvania
28748,37021,Buncombe
28749,37111,McDowell
28750,37149,Polk
28751,37087,Haywood
28752,37111,McDowell
28753,37115,Madison
28754,37115,Madison
28755,37199,Yancey
28756,37149,Polk
28757,37021,Buncombe
28758,37089,Henderson
28759,37089,Henderson
28760,37089,Henderson
28761,37111,McDowell
28762,37111,McDowell
28763,37113,Macon
28765,37121,Mitchell
28766,37175,Transylvania
28768,37175,Transylvania
28770,37021,Buncombe
28771,37075,Graham
28772,37175,Transylvania
28773,37149,Polk
28774,37175,Transylvania
28775,37113,Macon
28776,37021,Buncombe
28777,37121,Mitchell
28778,37021,Buncombe
28779,37099,Jackson
28781,37113,Macon
28782,37149,Polk
28783,37099,Jackson
28784,37089,Henderson
28785,37087,Haywood
28786,37087,Haywood
28787,37021,Buncombe
28788,37099,Jackson
28789,37099,Jackson
28790,37089,Henderson
28791,37089,Henderson
28792,37089,Henderson
28793,37089,Henderson
28801,37021,Buncombe
28802,37021,Buncombe
28803,37021,Buncombe
28804,37021,Buncombe
28805,37021,Buncombe
28806,37021,Buncombe
28810,37021,Buncombe
28813,37021,Buncombe
28814,37021,Buncombe
28815,37021,Buncombe
28816,37021,Buncombe
28901,37039,Cherokee
28902,37043,Clay
28903,37039,Cherokee
28904,37043,Clay
28905,37039,Cherokee
28906,37039,Cherokee
28909,37043,Clay
29001,45027,Clarendon
29002,45079,Richland
29003,45009,Bamberg
29006,45081,Saluda
29009,45055,Kershaw
29010,45061,Lee
29014,45039,Fairfield
29015,45039,Fairfield
29016,45079,Richland
29018,45075,Orangeburg
29020,45055,Kershaw
29021,45055,Kershaw
29030,45017,Calhoun
29031,45023,Chester
29032,45055,Kershaw
29033,45063,Lexington
29036,45063,Lexington
29037,45071,Newberry
29038,45075,Orangeburg
29039,45075,Orangeburg
29040,45085,Sumter
29041,45027,Clarendon
29042,45009,Bamberg
29044,45079,Richland
29045,45055,Kershaw
29046,45061,Lee
29047,45075,Orangeburg
29048,45075,Orangeburg
29051,45027,Clarendon
29052,45079,Richland
29053,45063,Lexington
29054,45063,Lexington
29055,45023,Chester
29056,45089,Williamsburg
29058,45057,Lancaster
29059,45075,Orangeburg
29061,45079,Richland
29062,45085,Sumter
29063,45079,Richland
29065,45039,Fairfield
29067,45057,Lancaster
29069,45031,Darlington
29070,45063,Lexington
29071,45063,Lexington
29072,45063,Lexington
29073,45063,Lexington
29074,45055,Kershaw
29075,45071,Newberry
29078,45055,Kershaw
29079,45031,Darlington
29080,45061,Lee
29081,45009,Bamberg
29082,45029,Colleton
29101,45025,Chesterfield
29102,45027,Clarendon
29104,45061,Lee
29105,45003,Aiken
29107,45075,Orangeburg
29108,45071,Newberry
29111,45027,Clarendon
29112,45075,Orangeburg
29113,45075,Orangeburg
29114,45041,Florence
29115,45075,Orangeburg
29116,45075,Orangeburg
29117,45075,Orangeburg
29118,45075,Orangeburg
29122,45071,Newberry
29123,45063,Lexington
29125,45085,Sumter
29126,45071,Newberry
29127,45071,Newberry
29128,45085,Sumter
29129,45003,Aiken
29130,45039,Fairfield
29132,45039,Fairfield
29133,45075,Orangeburg
29135,45017,Calhoun
29137,45003,Aiken
29138,45081,Saluda
29142,45075,Orangeburg
29143,45027,Clarendon
29145,45071,Newberry
29146,45075,Orangeburg
29147,45079,Richland
29148,45027,Clarendon
29150,45085,Sumter
29151,45085,Sumter
29152,45085,Sumter
29153,45085,Sumter
29154,45085,Sumter
29160,45063,Lexington
29161,45041,Florence
29162,45027,Clarendon
29163,45075,Orangeburg
29164,45003,Aiken
29166,45081,Saluda
29168,45085,Sumter
29169,45063,Lexington
29170,45063,Lexington
29171,45063,Lexington
29172,45063,Lexington
29175,45055,Kershaw
29177,45079,Richland
29178,45071,Newberry
29180,45039,Fairfield
29201,45079,Richland
29202,45079,Richland
29203,45079,Richland
29204,45079,Richland
29205,45079,Richland
29206,45079,Richland
29207,45079,Richland
29208,45079,Richland
29209,45079,Richland
29210,45079,Richland
29211,45079,Richland
29212,45063,Lexington
29214,45079,Richland
29215,45079,Richland
29216,45079,Richland
29217,45079,Richland
29218,45079,Richland
29219,45079,Richland
29220,45079,Richland
29221,45079,Richland
29222,45079,Richland
29223,45079,Richland
29224,45079,Richland
29225,45079,Richland
29226,45079,Richland
29227,45079,Richland
29228,45063,Lexington
29229,45079,Richland
29230,45079,Richland
29240,45079,Richland
29250,45079,Richland
29260,45079,Richland
29290,45079,Richland
29292,45079,Richland
29301,45083,Spartanburg
29302,45083,Spartanburg
29303,45083,Spartanburg
29304,45083,Spartanburg
29305,45083,Spartanburg
29306,45083,Spartanburg
29307,45083,Spartanburg
29316,45083,Spartanburg
29319,45083,Spartanburg
29320,45083,Spartanburg
29321,45087,Union
29322,45083,Spartanburg
29323,45083,Spartanburg
29324,45083,Spartanburg
29325,45059,Laurens
29329,45083,Spartanburg
29330,45021,Cherokee
29331,45083,Spartanburg
29332,45059,Laurens
29333,45083,Spartanburg
29334,45083,Spartanburg
29335,45083,Spartanburg
29336,45083,Spartanburg
29338,45083,Spartanburg
29340,45021,Cherokee
29341,45021,Cherokee
29342,45021,Cherokee
29346,45083,Spartanburg
29348,45083,Spartanburg
29349,45083,Spartanburg
29351,45059,Laurens
29353,45087,Union
29355,45071,Newberry
29356,45045,Greenville
29360,45059,Laurens
29364,45087,Union
29365,45083,Spartanburg
29368,45083,Spartanburg
29369,45083,Spartanburg
29370,45059,Laurens
29372,45021,Cherokee
29373,45083,Spartanburg
29374,45083,Spartanburg
29375,45083,Spartanburg
29376,45083,Spartanburg
29377,45083,Spartanburg
29378,45083,Spartanburg
29379,45087,Union
29384,45059,Laurens
29385,45083,Spartanburg
29386,45083,Spartanburg
29388,45083,Spartanburg
29395,45087,Union
29401,45019,Charleston
29402,45019,Charleston
29403,45019,Charleston
29404,45019,Charleston
29405,45019,Charleston
29406,45019,Charleston
29407,45019,Charleston
29409,45019,Charleston
29410,45015,Berkeley
29412,45019,Charleston
29413,45019,Charleston
29414,45019,Charleston
29415,45019,Charleston
29416,45019,Charleston
29417,45019,Charleston
29418,45019,Charleston
29419,45019,Charleston
29420,45035,Dorchester
29422,45019,Charleston
29423,45019,Charleston
29424,45019,Charleston
29425,45019,Charleston
29426,45019,Charleston
29429,45019,Charleston
29431,45015,Berkeley
29432,45075,Orangeburg
29433,45029,Colleton
29434,45015,Berkeley
29435,45029,Colleton
29436,45015,Berkeley
29437,45035,Dorchester
29438,45019,Charleston
29439,45019,Charleston
29440,45043,Georgetown
29442,45043,Georgetown
29445,45015,Berkeley
29446,45029,Colleton
29447,45035,Dorchester
29448,45035,Dorchester
29449,45019,Charleston
29450,45015,Berkeley
29451,45019,Charleston
29452,45029,Colleton
29453,45015,Berkeley
29455,45019,Charleston
29456,45019,Charleston
29457,45019,Charleston
29458,45019,Charleston
29461,45015,Berkeley
29464,45019,Charleston
29465,45019,Charleston
29466,45019,Charleston
29468,45015,Berkeley
29469,45015,Berkeley
29470,45019,Charleston
29471,45035,Dorchester
29472,45035,Dorchester
29474,45029,Colleton
29475,45029,Colleton
29476,45015,Berkeley
29477,45035,Dorchester
29479,45015,Berkeley
29481,45029,Colleton
29482,45019,Charleston
29483,45035,Dorchester
29484,45035,Dorchester
29485,45035,Dorchester
29486,45015,Berkeley
29487,45019,Charleston
29488,45029,Colleton
29492,45015,Berkeley
29493,45029,Colleton
29501,45041,Florence
29502,45041,Florence
29503,45041,Florence
29504,45041,Florence
29505,45041,Florence
29506,45041,Florence
29510,45089,Williamsburg
29511,45051,Horry
29512,45069,Marlboro
29516,45069,Marlboro
29518,45089,Williamsburg
29519,45067,Marion
29520,45025,Chesterfield
29525,45069,Marlboro
29526,45051,Horry
29527,45051,Horry
29528,45051,Horry
29530,45041,Florence
29532,45031,Darlington
29536,45033,Dillon
29540,45031,Darlington
29541,45041,Florence
29543,45033,Dillon
29544,45051,Horry
29545,45051,Horry
29546,45067,Marion
29547,45033,Dillon
29550,45031,Darlington
29551,45031,Darlington
29554,45043,Georgetown
29555,45041,Florence
29556,45089,Williamsburg
29560,45041,Florence
29563,45033,Dillon
29564,45089,Williamsburg
29565,45033,Dillon
29566,45051,Horry
29567,45033,Dillon
29568,45051,Horry
29569,45051,Horry
29570,45069,Marlboro
29571,45067,Marion
29572,45051,Horry
29574,45067,Marion
29575,45051,Horry
29576,45051,Horry
29577,45051,Horry
29578,45051,Horry
29579,45051,Horry
29580,45089,Williamsburg
29581,45051,Horry
29582,45051,Horry
29583,45041,Florence
29584,45025,Chesterfield
29585,45043,Georgetown
29587,45051,Horry
29588,45051,Horry
29589,45067,Marion
29590,45089,Williamsburg
29591,45041,Florence
29592,45067,Marion
29593,45031,Darlington
29594,45069,Marlboro
29596,45069,Marlboro
29597,45051,Horry
29598,45051,Horry
29601,45045,Greenville
29602,45045,Greenville
29603,45045,Greenville
29604,45045,Greenville
29605,45045,Greenville
29606,45045,Greenville
29607,45045,Greenville
29608,45045,Greenville
29609,45045,Greenville
29610,45045,Greenville
29611,45045,Greenville
29612,45045,Greenville
29613,45045,Greenville
29614,45045,Greenville
29615,45045,Greenville
29616,45045,Greenville
29617,45045,Greenville
29620,45001,Abbeville
29621,45007,Anderson
29622,45007,Anderson
29623,45007,Anderson
29624,45007,Anderson
29625,45007,Anderson
29626,45007,Anderson
29627,45007,Anderson
29628,45001,Abbeville
29630,45077,Pickens
29631,45077,Pickens
29632,45077,Pickens
29633,45077,Pickens
29634,45077,Pickens
29635,45045,Greenville
29636,45045,Greenville
29638,45001,Abbeville
29639,45001,Abbeville
29640,45077,Pickens
29641,45077,Pickens
29642,45007,Anderson
29643,45073,Oconee
29644,45045,Greenville
29645,45059,Laurens
29646,45047,Greenwood
29647,45047,Greenwood
29648,45047,Greenwood
29649,45047,Greenwood
29650,45045,Greenville
29651,45045,Greenville
29652,45045,Greenville
29653,45047,Greenwood
29654,45007,Anderson
29655,45001,Abbeville
29656,45007,Anderson
29657,45077,Pickens
29658,45073,Oconee
29659,45001,Abbeville
29661,45045,Greenville
29662,45045,Greenville
29664,45073,Oconee
29665,45073,Oconee
29666,45047,Greenwood
29667,45077,Pickens
29669,45045,Greenville
29670,45007,Anderson
29671,45077,Pickens
29672,45073,Oconee
29673,45045,Greenville
29675,45073,Oconee
29676,45073,Oconee
29677,45007,Anderson
29678,45073,Oconee
29679,45073,Oconee
29680,45045,Greenville
29681,45045,Greenville
29682,45077,Pickens
29683,45045,Greenville
29684,45007,Anderson
29685,45077,Pickens
29686,45073,Oconee
29687,45045,Greenville
29688,45045,Greenville
29689,45007,Anderson
29690,45045,Greenville
29691,45073,Oconee
29692,45059,Laurens
29693,45073,Oconee
29695,45047,Greenwood
29696,45073,Oconee
29697,45007,Anderson
29702,45021,Cherokee
29703,45091,York
29704,45091,York
29706,45023,Chester
29707,45057,Lancaster
29708,45091,York
29709,45025,Chesterfield
29710,45091,York
29712,45023,Chester
29714,45023,Chester
29715,45091,York
29716,45091,York
29717,45091,York
29718,45025,Chesterfield
29720,45057,Lancaster
29721,45057,Lancaster
29722,45057,Lancaster
29724,45023,Chester
29726,45091,York
29727,45025,Chesterfield
29728,45025,Chesterfield
29729,45023,Chester
29730,45091,York
29731,45091,York
29732,45091,York
29733,45091,York
29734,45091,York
29741,45025,Chesterfield
29742,45091,York
29743,45091,York
29744,45057,Lancaster
29745,45091,York
29801,45003,Aiken
29802,45003,Aiken
29803,45003,Aiken
29804,45003,Aiken
29805,45003,Aiken
29808,45003,Aiken
29809,45003,Aiken
29810,45005,Allendale
29812,45011,Barnwell
29813,45011,Barnwell
29816,45003,Aiken
29817,45011,Barnwell
29819,45047,Greenwood
29821,45037,Edgefield
29822,45003,Aiken
29824,45037,Edgefield
29826,45011,Barnwell
29827,45005,Allendale
29828,45003,Aiken
29829,45003,Aiken
29831,45003,Aiken
29832,45037,Edgefield
29834,45003,Aiken
29835,45065,McCormick
29836,45005,Allendale
29838,45037,Edgefield
29839,45003,Aiken
29840,45065,McCormick
29841,45003,Aiken
29842,45003,Aiken
29843,45009,Bamberg
29844,45065,McCormick
29845,45065,McCormick
29846,45005,Allendale
29847,45037,Edgefield
29848,45065,McCormick
29849,45005,Allendale
29850,45003,Aiken
29851,45003,Aiken
29853,45011,Barnwell
29856,45003,Aiken
29860,45037,Edgefield
29861,45003,Aiken
29899,45065,McCormick
29901,45013,Beaufort
29902,45013,Beaufort
29903,45013,Beaufort
29904,45013,Beaufort
29905,45013,Beaufort
29906,45013,Beaufort
29907,45013,Beaufort
29909,45013,Beaufort
29910,45013,Beaufort
29911,45049,Hampton
29912,45053,Jasper
29913,45049,Hampton
29914,45013,Beaufort
29915,45013,Beaufort
29916,45049,Hampton
29918,45049,Hampton
29920,45013,Beaufort
29921,45049,Hampton
29922,45049,Hampton
29923,45049,Hampton
29924,45049,Hampton
29925,45013,Beaufort
29926,45013,Beaufort
29927,45053,Jasper
29928,45013,Beaufort
29929,45029,Colleton
29931,45013,Beaufort
29932,45005,Allendale
29933,45049,Hampton
29934,45053,Jasper
29935,45013,Beaufort
29936,45053,Jasper
29938,45013,Beaufort
29939,45049,Hampton
29940,45013,Beaufort
29941,45013,Beaufort
29943,45053,Jasper
29944,45049,Hampton
29945,45029,Colleton
30002,13089,DeKalb
30003,13135,Gwinnett
30004,13121,Fulton
30005,13121,Fulton
30006,13067,Cobb
30007,13067,Cobb
30008,13067,Cobb
30009,13121,Fulton
30010,13135,Gwinnett
30011,13013,Barrow
30012,13247,Rockdale
30013,13247,Rockdale
30014,13217,Newton
30015,13217,Newton
30016,13217,Newton
30017,13135,Gwinnett
30018,13297,Walton
30019,13135,Gwinnett
30021,13089,DeKalb
30022,13121,Fulton
30023,13121,Fulton
30024,13135,Gwinnett
30025,13297,Walton
30026,13135,Gwinnett
30028,13117,Forsyth
30029,13135,Gwinnett
30030,13089,DeKalb
30031,13089,DeKalb
30032,13089,DeKalb
30033,13089,DeKalb
30034,13089,DeKalb
30035,13089,DeKalb
30036,13089,DeKalb
30037,13089,DeKalb
30038,13089,DeKalb
30039,13135,Gwinnett
30040,13117,Forsyth
30041,13117,Forsyth
30042,13135,Gwinnett
30043,13135,Gwinnett
30044,13135,Gwinnett
30045,13135,Gwinnett
30046,13135,Gwinnett
30047,13135,Gwinnett
30048,13135,Gwinnett
30049,13135,Gwinnett
30052,13297,Walton
30054,13217,Newton
30055,13217,Newton
30056,13159,Jasper
30058,13089,DeKalb
30060,13067,Cobb
30061,13067,Cobb
30062,13067,Cobb
30063,13067,Cobb
30064,13067,Cobb
30065,13067,Cobb
30066,13067,Cobb
30067,13067,Cobb
30068,13067,Cobb
30069,13067,Cobb
30070,13217,Newton
30071,13135,Gwinnett
30072,13089,DeKalb
30074,13089,DeKalb
30075,13121,Fulton
30076,13121,Fulton
30077,13121,Fulton
30078,13135,Gwinnett
30079,13089,DeKalb
30080,13067,Cobb
30081,13067,Cobb
30082,13067,Cobb
30083,13089,DeKalb
30084,13089,DeKalb
30085,13089,DeKalb
30086,13089,DeKalb
30087,13089,DeKalb
30088,13089,DeKalb
30090,13067,Cobb
30091,13135,Gwinnett
30092,13135,Gwinnett
30093,13135,Gwinnett
30094,13247,Rockdale
30095,13135,Gwinnett
30096,13135,Gwinnett
30097,13121,Fulton
30098,13135,Gwinnett
30099,13135,Gwinnett
30101,13067,Cobb
30102,13057,Cherokee
30103,13015,Bartow
30104,13233,Polk
30105,13115,Floyd
30106,13067,Cobb
30107,13057,Cherokee
30108,13045,Carroll
30109,13045,Carroll
30110,13143,Haralson
30111,13067,Cobb
30112,13045,Carroll
30113,13143,Haralson
30114,13057,Cherokee
30115,13057,Cherokee
30116,13045,Carroll
30117,13045,Carroll
30118,13045,Carroll
30119,13045,Carroll
30120,13015,Bartow
30121,13015,Bartow
30122,13097,Douglas
30123,13015,Bartow
30124,13115,Floyd
30125,13233,Polk
30126,13067,Cobb
30127,13067,Cobb
30129,13115,Floyd
30132,13223,Paulding
30133,13097,Douglas
30134,13097,Douglas
30135,13097,Douglas
30137,13015,Bartow
30138,13233,Polk
30139,13129,Gordon
30140,13143,Haralson
30141,13223,Paulding
30142,13057,Cherokee
30143,13227,Pickens
30144,13067,Cobb
30145,13015,Bartow
30146,13057,Cherokee
30147,13115,Floyd
30148,13085,Dawson
30149,13115,Floyd
30150,13045,Carroll
30151,13057,Cherokee
30152,13067,Cobb
30153,13233,Polk
30154,13097,Douglas
30156,13067,Cobb
30157,13223,Paulding
30160,13067,Cobb
30161,13115,Floyd
30162,13115,Floyd
30163,13115,Floyd
30164,13115,Floyd
30165,13115,Floyd
30168,13067,Cobb
30169,13057,Cherokee
30170,13045,Carroll
30171,13015,Bartow
30172,13115,Floyd
30173,13115,Floyd
30175,13227,Pickens
30176,13143,Haralson
30177,13227,Pickens
30178,13015,Bartow
30179,13045,Carroll
30180,13045,Carroll
30182,13045,Carroll
30183,13057,Cherokee
30184,13015,Bartow
30185,13045,Carroll
30187,13097,Douglas
30188,13057,Cherokee
30189,13057,Cherokee
30204,13171,Lamar
30205,13113,Fayette
30206,13231,Pike
30212,13255,Spalding
30213,13121,Fulton
30214,13113,Fayette
30215,13113,Fayette
30216,13035,Butts
30217,13149,Heard
30218,13199,Meriwether
30220,13077,Coweta
30222,13199,Meriwether
30223,13255,Spalding
30224,13255,Spalding
30228,13151,Henry
30229,13077,Coweta
30230,13285,Troup
30233,13035,Butts
30234,13035,Butts
30236,13063,Clayton
30237,13063,Clayton
30238,13063,Clayton
30240,13285,Troup
30241,13285,Troup
30248,13151,Henry
30250,13063,Clayton
30251,13199,Meriwether
30252,13151,Henry
30253,13151,Henry
30256,13231,Pike
30257,13171,Lamar
30258,13231,Pike
30259,13077,Coweta
30260,13063,Clayton
30261,13285,Troup
30263,13077,Coweta
30264,13077,Coweta
30265,13077,Coweta
30266,13255,Spalding
30268,13121,Fulton
30269,13113,Fayette
30270,13313,Whitfield
30271,13077,Coweta
30272,13121,Fulton
30273,13063,Clayton
30274,13063,Clayton
30275,13077,Coweta
30276,13077,Coweta
30277,13077,Coweta
30281,13151,Henry
30284,13255,Spalding
30285,13293,Upson
30286,13293,Upson
30287,13063,Clayton
30288,13089,DeKalb
30289,13077,Coweta
30290,13113,Fayette
30291,13121,Fulton
30292,13231,Pike
30293,13199,Meriwether
30294,13089,DeKalb
30295,13231,Pike
30296,13063,Clayton
30297,13063,Clayton
30298,13063,Clayton
30301,13121,Fulton
30302,13121,Fulton
30303,13121,Fulton
30304,13121,Fulton
30305,13121,Fulton
30306,13121,Fulton
30307,13089,DeKalb
30308,13121,Fulton
30309,13121,Fulton
30310,13121,Fulton
30311,13121,Fulton
30312,13121,Fulton
30313,13121,Fulton
30314,13121,Fulton
30315,13121,Fulton
30316,13089,DeKalb
30317,13089,DeKalb
30318,13121,Fulton
30319,13089,DeKalb
30320,13121,Fulton
30321,13121,Fulton
30322,13089,DeKalb
30324,13121,Fulton
30325,13121,Fulton
30326,13121,Fulton
30327,13121,Fulton
30328,13121,Fulton
30329,13089,DeKalb
30331,13121,Fulton
30332,13121,Fulton
30333,13089,DeKalb
30334,13121,Fulton
30336,13121,Fulton
30337,13121,Fulton
30338,13089,DeKalb
30339,13067,Cobb
30340,13089,DeKalb
30341,13089,DeKalb
30342,13121,Fulton
30343,13121,Fulton
30344,13121,Fulton
30345,13089,DeKalb
30346,13089,DeKalb
30348,13121,Fulton
30349,13121,Fulton
30350,13121,Fulton
30353,13121,Fulton
30354,13121,Fulton
30355,13121,Fulton
30356,13089,DeKalb
30357,13121,Fulton
30358,13121,Fulton
30359,13089,DeKalb
30360,13089,DeKalb
30361,13121,Fulton
30362,13089,DeKalb
30363,13121,Fulton
30364,13121,Fulton
30366,13089,DeKalb
30368,13121,Fulton
30369,13121,Fulton
30370,13121,Fulton
30371,13121,Fulton
30374,13121,Fulton
30375,13121,Fulton
30377,13121,Fulton
30378,13121,Fulton
30380,13121,Fulton
30384,13121,Fulton
30385,13121,Fulton
30388,13121,Fulton
30392,13121,Fulton
30394,13121,Fulton
30396,13121,Fulton
30398,13121,Fulton
30401,13107,Emanuel
30410,13209,Montgomery
30411,13309,Wheeler
30412,13209,Montgomery
30413,13163,Jefferson
30414,13109,Evans
30415,13031,Bulloch
30417,13109,Evans
30420,13043,Candler
30421,13267,Tattnall
30423,13109,Evans
30424,13251,Screven
30425,13107,Emanuel
30426,13033,Burke
30427,13267,Tattnall
30428,13309,Wheeler
30429,13109,Evans
30434,13163,Jefferson
30436,13279,Toombs
30438,13267,Tattnall
30439,13043,Candler
30441,13107,Emanuel
30442,13165,Jenkins
30445,13209,Montgomery
30446,13251,Screven
30447,13107,Emanuel
30448,13107,Emanuel
30449,13251,Screven
30450,13031,Bulloch
30451,13043,Candler
30452,13031,Bulloch
30453,13267,Tattnall
30454,13175,Laurens
30455,13251,Screven
30456,13033,Burke
30457,13283,Treutlen
30458,13031,Bulloch
30459,13031,Bulloch
30460,13031,Bulloch
30461,13031,Bulloch
30464,13107,Emanuel
30467,13251,Screven
30470,13209,Montgomery
30471,13107,Emanuel
30473,13279,Toombs
30474,13279,Toombs
30475,13279,Toombs
30477,13163,Jefferson
30499,13267,Tattnall
30501,13139,Hall
30502,13139,Hall
30503,13139,Hall
30504,13139,Hall
30506,13139,Hall
30507,13139,Hall
30510,13011,Banks
30511,13011,Banks
30512,13291,Union
30513,13111,Fannin
30514,13291,Union
30515,13135,Gwinnett
30516,13147,Hart
30517,13157,Jackson
30518,13135,Gwinnett
30519,13135,Gwinnett
30520,13147,Hart
30521,13119,Franklin
30522,13123,Gilmer
30523,13137,Habersham
30525,13241,Rabun
30527,13139,Hall
30528,13311,White
30529,13157,Jackson
30530,13011,Banks
30531,13137,Habersham
30533,13187,Lumpkin
30534,13085,Dawson
30535,13137,Habersham
30536,13123,Gilmer
30537,13241,Rabun
30538,13257,Stephens
30539,13123,Gilmer
30540,13123,Gilmer
30541,13111,Fannin
30542,13139,Hall
30543,13139,Hall
30545,13311,White
30546,13281,Towns
30547,13011,Banks
30548,13157,Jackson
30549,13157,Jackson
30552,13241,Rabun
30553,13119,Franklin
30554,13139,Hall
30555,13111,Fannin
30557,13119,Franklin
30558,13157,Jackson
30559,13111,Fannin
30560,13111,Fannin
30562,13241,Rabun
30563,13137,Habersham
30564,13139,Hall
30565,13157,Jackson
30566,13139,Hall
30567,13157,Jackson
30568,13241,Rabun
30571,13311,White
30572,13291,Union
30573,13241,Rabun
30575,13157,Jackson
30576,13241,Rabun
30577,13257,Stephens
30580,13137,Habersham
30581,13241,Rabun
30582,13281,Towns
30597,13187,Lumpkin
30598,13257,Stephens
30599,13157,Jackson
30601,13059,Clarke
30602,13059,Clarke
30603,13059,Clarke
30604,13059,Clarke
30605,13059,Clarke
30606,13059,Clarke
30607,13157,Jackson
30608,13059,Clarke
30609,13059,Clarke
30612,13059,Clarke
30619,13221,Oglethorpe
30620,13013,Barrow
30621,13219,Oconee
30622,13219,Oconee
30623,13211,Morgan
30624,13105,Elbert
30625,13211,Morgan
30627,13221,Oglethorpe
30628,13195,Madison
30629,13195,Madison
30630,13221,Oglethorpe
30631,13265,Taliaferro
30633,13195,Madison
30634,13105,Elbert
30635,13105,Elbert
30638,13219,Oconee
30639,13119,Franklin
30641,13297,Walton
30642,13133,Greene
30643,13147,Hart
30645,13211,Morgan
30646,13195,Madison
30647,13195,Madison
30648,13221,Oglethorpe
30650,13211,Morgan
30655,13297,Walton
30656,13297,Walton
30660,13317,Wilkes
30662,13119,Franklin
30663,13211,Morgan
30664,13265,Taliaferro
30665,13133,Greene
30666,13013,Barrow
30667,13221,Oglethorpe
30668,13317,Wilkes
30669,13133,Greene
30671,13221,Oglethorpe
30673,13317,Wilkes
30677,13219,Oconee
30678,13133,Greene
30680,13013,Barrow
30683,13221,Oglethorpe
30701,13129,Gordon
30703,13129,Gordon
30705,13213,Murray
30707,13295,Walker
30708,13213,Murray
30710,13313,Whitfield
30711,13213,Murray
30719,13313,Whitfield
30720,13313,Whitfield
30721,13313,Whitfield
30722,13313,Whitfield
30724,13213,Murray
30725,13295,Walker
30726,13047,Catoosa
30728,13295,Walker
30730,13055,Chattooga
30731,13055,Chattooga
30732,13129,Gordon
30733,13129,Gordon
30734,13129,Gordon
30735,13129,Gordon
30736,13047,Catoosa
30738,13083,Dade
30739,13295,Walker
30740,13313,Whitfield
30741,13295,Walker
30742,13047,Catoosa
30746,13129,Gordon
30747,13055,Chattooga
30750,13295,Walker
30751,13213,Murray
30752,13083,Dade
30753,13055,Chattooga
30755,13313,Whitfield
30756,13313,Whitfield
30757,13083,Dade
30802,13073,Columbia
30803,13163,Jefferson
30805,13245,Richmond
30806,13189,McDuffie
30807,13301,Warren
30808,13189,McDuffie
30809,13073,Columbia
30810,13125,Glascock
30811,13033,Burke
30812,13245,Richmond
30813,13073,Columbia
30814,13073,Columbia
30815,13245,Richmond
30816,13033,Burke
30817,13181,Lincoln
30818,13163,Jefferson
30819,13301,Warren
30820,13125,Glascock
30821,13301,Warren
30822,13165,Jenkins
30823,13163,Jefferson
30824,13189,McDuffie
30828,13301,Warren
30830,13033,Burke
30833,13163,Jefferson
30901,13245,Richmond
30903,13245,Richmond
30904,13245,Richmond
30905,13245,Richmond
30906,13245,Richmond
30907,13073,Columbia
30909,13245,Richmond
30912,13245,Richmond
30914,13245,Richmond
30916,13245,Richmond
30917,13073,Columbia
30919,13245,Richmond
30999,13245,Richmond
31001,13315,Wilcox
31002,13107,Emanuel
31003,13319,Wilkinson
31004,13207,Monroe
31005,13153,Houston
31006,13269,Taylor
31007,13093,Dooly
31008,13225,Peach
31009,13175,Laurens
31010,13081,Crisp
31011,13091,Dodge
31012,13091,Dodge
31013,13153,Houston
31014,13023,Bleckley
31015,13081,Crisp
31016,13207,Monroe
31017,13319,Wilkinson
31018,13303,Washington
31019,13175,Laurens
31020,13289,Twiggs
31021,13175,Laurens
31022,13175,Laurens
31023,13091,Dodge
31024,13237,Putnam
31025,13153,Houston
31026,13237,Putnam
31027,13175,Laurens
31028,13153,Houston
31029,13207,Monroe
31030,13225,Peach
31031,13319,Wilkinson
31032,13169,Jones
31033,13169,Jones
31034,13009,Baldwin
31035,13303,Washington
31036,13235,Pulaski
31037,13271,Telfair
31038,13169,Jones
31039,13269,Taylor
31040,13175,Laurens
31041,13193,Macon
31042,13319,Wilkinson
31044,13289,Twiggs
31045,13141,Hancock
31046,13207,Monroe
31047,13153,Houston
31049,13167,Johnson
31050,13079,Crawford
31051,13093,Dooly
31052,13021,Bibb
31054,13319,Wilkinson
31055,13271,Telfair
31057,13193,Macon
31058,13269,Taylor
31059,13009,Baldwin
31060,13271,Telfair
31061,13009,Baldwin
31062,13009,Baldwin
31063,13193,Macon
31064,13159,Jasper
31065,13175,Laurens
31066,13079,Crawford
31067,13303,Washington
31068,13193,Macon
31069,13153,Houston
31070,13093,Dooly
31071,13235,Pulaski
31072,13315,Wilcox
31075,13175,Laurens
31076,13269,Taylor
31077,13091,Dodge
31078,13079,Crawford
31079,13315,Wilcox
31081,13269,Taylor
31082,13303,Washington
31083,13271,Telfair
31084,13315,Wilcox
31085,13159,Jasper
31086,13207,Monroe
31087,13141,Hancock
31088,13153,Houston
31089,13303,Washington
31090,13319,Wilkinson
31091,13093,Dooly
31092,13093,Dooly
31093,13153,Houston
31094,13303,Washington
31095,13153,Houston
31096,13167,Johnson
31097,13293,Upson
31098,13153,Houston
31099,13153,Houston
31106,13121,Fulton
31107,13121,Fulton
31119,13089,DeKalb
31126,13121,Fulton
31131,13121,Fulton
31136,13121,Fulton
31139,13121,Fulton
31141,13089,DeKalb
31144,13067,Cobb
31145,13089,DeKalb
31146,13089,DeKalb
31150,13121,Fulton
31156,13121,Fulton
31169,13113,Fayette
31192,13121,Fulton
31193,13121,Fulton
31195,13121,Fulton
31196,13121,Fulton
31201,13021,Bibb
31202,13021,Bibb
31203,13021,Bibb
31204,13021,Bibb
31205,13021,Bibb
31206,13021,Bibb
31207,13021,Bibb
31208,13021,Bibb
31209,13021,Bibb
31210,13021,Bibb
31211,13169,Jones
31213,13021,Bibb
31216,13021,Bibb
31217,13169,Jones
31220,13021,Bibb
31221,13021,Bibb
31294,13021,Bibb
31295,13021,Bibb
31296,13021,Bibb
31297,13021,Bibb
31301,13179,Liberty
31302,13051,Chatham
31303,13103,Effingham
31304,13191,McIntosh
31305,13191,McIntosh
31307,13103,Effingham
31308,13029,Bryan
31309,13179,Liberty
31310,13179,Liberty
31312,13103,Effingham
31313,13179,Liberty
31314,13179,Liberty
31315,13179,Liberty
31316,13183,Long
31318,13103,Effingham
31319,13191,McIntosh
31320,13179,Liberty
31321,13029,Bryan
31322,13051,Chatham
31323,13179,Liberty
31324,13029,Bryan
31326,13103,Effingham
31327,13191,McIntosh
31328,13051,Chatham
31329,13103,Effingham
31331,13191,McIntosh
31333,13179,Liberty
31401,13051,Chatham
31402,13051,Chatham
31403,13051,Chatham
31404,13051,Chatham
31405,13051,Chatham
31406,13051,Chatham
31407,13051,Chatham
31408,13051,Chatham
31409,13051,Chatham
31410,13051,Chatham
31411,13051,Chatham
31412,13051,Chatham
31414,13051,Chatham
31415,13051,Chatham
31416,13051,Chatham
31418,13051,Chatham
31419,13051,Chatham
31420,13051,Chatham
31421,13051,Chatham
31501,13299,Ware
31502,13299,Ware
31503,13299,Ware
31510,13005,Bacon
31512,13069,Coffee
31513,13001,Appling
31515,13001,Appling
31516,13229,Pierce
31518,13001,Appling
31519,13069,Coffee
31520,13127,Glynn
31521,13127,Glynn
31522,13127,Glynn
31523,13127,Glynn
31524,13127,Glynn
31525,13127,Glynn
31527,13127,Glynn
31532,13161,Jeff Davis
31533,13069,Coffee
31534,13069,Coffee
31535,13069,Coffee
31537,13049,Charlton
31539,13161,Jeff Davis
31542,13025,Brantley
31543,13025,Brantley
31544,13271,Telfair
31545,13305,Wayne
31546,13305,Wayne
31547,13039,Camden
31548,13039,Camden
31549,13271,Telfair
31550,13299,Ware
31551,13229,Pierce
31552,13299,Ware
31553,13025,Brantley
31554,13069,Coffee
31555,13305,Wayne
31556,13229,Pierce
31557,13229,Pierce
31558,13039,Camden
31560,13305,Wayne
31561,13127,Glynn
31562,13049,Charlton
31563,13001,Appling
31564,13299,Ware
31565,13039,Camden
31566,13025,Brantley
31567,13069,Coffee
31568,13039,Camden
31569,13039,Camden
31598,13305,Wayne
31599,13305,Wayne
31601,13185,Lowndes
31602,13185,Lowndes
31603,13185,Lowndes
31604,13185,Lowndes
31605,13185,Lowndes
31606,13185,Lowndes
31620,13075,Cook
31622,13019,Berrien
31623,13065,Clinch
31624,13003,Atkinson
31625,13027,Brooks
31626,13275,Thomas
31627,13075,Cook
31629,13027,Brooks
31630,13065,Clinch
31631,13101,Echols
31632,13185,Lowndes
31634,13065,Clinch
31635,13173,Lanier
31636,13101,Echols
31637,13075,Cook
31638,13027,Brooks
31639,13019,Berrien
31641,13185,Lowndes
31642,13003,Atkinson
31643,13027,Brooks
31645,13019,Berrien
31647,13075,Cook
31648,13101,Echols
31649,13173,Lanier
31650,13003,Atkinson
31698,13185,Lowndes
31699,13185,Lowndes
31701,13095,Dougherty
31702,13095,Dougherty
31703,13095,Dougherty
31704,13095,Dougherty
31705,13095,Dougherty
31706,13095,Dougherty
31707,13095,Dougherty
31708,13095,Dougherty
31709,13261,Sumter
31711,13261,Sumter
31712,13081,Crisp
31714,13287,Turner
31716,13205,Mitchell
31719,13261,Sumter
31720,13027,Brooks
31721,13095,Dougherty
31722,13071,Colquitt
31727,13277,Tift
31730,13205,Mitchell
31733,13155,Irwin
31735,13261,Sumter
31738,13275,Thomas
31739,13205,Mitchell
31743,13177,Lee
31744,13321,Worth
31747,13071,Colquitt
31749,13019,Berrien
31750,13017,Ben Hill
31753,13071,Colquitt
31756,13071,Colquitt
31757,13275,Thomas
31758,13275,Thomas
31760,13155,Irwin
31763,13177,Lee
31764,13261,Sumter
31765,13205,Mitchell
31768,13071,Colquitt
31769,13155,Irwin
31771,13071,Colquitt
31772,13321,Worth
31773,13275,Thomas
31774,13155,Irwin
31775,13071,Colquitt
31776,13071,Colquitt
31778,13027,Brooks
31779,13205,Mitchell
31780,13261,Sumter
31781,13321,Worth
31782,13095,Dougherty
31783,13287,Turner
31784,13205,Mitchell
31787,13177,Lee
31788,13071,Colquitt
31789,13321,Worth
31790,13287,Turner
31791,13321,Worth
31792,13275,Thomas
31793,13277,Tift
31794,13277,Tift
31795,13321,Worth
31796,13321,Worth
31798,13155,Irwin
31799,13275,Thomas
31801,13197,Marion
31803,13197,Marion
31804,13145,Harris
31805,13053,Chattahoochee
31806,13249,Schley
31807,13145,Harris
31808,13145,Harris
31810,13263,Talbot
31811,13145,Harris
31812,13263,Talbot
31814,13259,Stewart
31815,13259,Stewart
31816,13199,Meriwether
31820,13215,Muscogee
31821,13259,Stewart
31822,13145,Harris
31823,13145,Harris
31824,13307,Webster
31825,13259,Stewart
31826,13145,Harris
31827,13263,Talbot
31829,13215,Muscogee
31830,13199,Meriwether
31831,13145,Harris
31832,13307,Webster
31833,13145,Harris
31836,13263,Talbot
31901,13215,Muscogee
31902,13215,Muscogee
31903,13215,Muscogee
31904,13215,Muscogee
31905,13053,Chattahoochee
31906,13215,Muscogee
31907,13215,Muscogee
31908,13215,Muscogee
31909,13215,Muscogee
31914,13215,Muscogee
31917,13215,Muscogee
31993,13215,Muscogee
31995,13215,Muscogee
31997,13215,Muscogee
31998,13215,Muscogee
31999,13215,Muscogee
32003,12019,Clay
32004,12109,St. Johns
32006,12019,Clay
32007,12107,Putnam
32008,12067,Lafayette
32009,12089,Nassau
32011,12089,Nassau
32013,12067,Lafayette
32024,12023,Columbia
32025,12023,Columbia
32026,12007,Bradford
32030,12019,Clay
32033,12109,St. Johns
32034,12089,Nassau
32035,12089,Nassau
32038,12023,Columbia
32040,12003,Baker
32041,12089,Nassau
32042,12007,Bradford
32043,12019,Clay
32044,12007,Bradford
32046,12089,Nassau
32050,12019,Clay
32052,12047,Hamilton
32053,12047,Hamilton
32054,12125,Union
32055,12023,Columbia
32056,12023,Columbia
32058,12007,Bradford
32059,12079,Madison
32060,12121,Suwannee
32061,12023,Columbia
32062,12121,Suwannee
32063,12003,Baker
32064,12121,Suwannee
32065,12019,Clay
32066,12067,Lafayette
32067,12019,Clay
32068,12019,Clay
32071,12121,Suwannee
32072,12003,Baker
32073,12019,Clay
32079,12019,Clay
32080,12109,St. Johns
32081,12109,St. Johns
32082,12109,St. Johns
32083,12125,Union
32084,12109,St. Johns
32085,12109,St. Johns
32086,12109,St. Johns
32087,12003,Baker
32091,12007,Bradford
32092,12109,St. Johns
32094,12121,Suwannee
32095,12109,St. Johns
32096,12023,Columbia
32097,12089,Nassau
32099,12031,Duval
32102,12069,Lake
32105,12127,Volusia
32110,12035,Flagler
32111,12083,Marion
32112,12107,Putnam
32113,12083,Marion
32114,12127,Volusia
32115,12127,Volusia
32116,12127,Volusia
32117,12127,Volusia
32118,12127,Volusia
32119,12127,Volusia
32120,12127,Volusia
32121,12127,Volusia
32122,12127,Volusia
32123,12127,Volusia
32124,12127,Volusia
32125,12127,Volusia
32126,12127,Volusia
32127,12127,Volusia
32128,12127,Volusia
32129,12127,Volusia
32130,12127,Volusia
32131,12107,Putnam
32132,12127,Volusia
32133,12083,Marion
32134,12083,Marion
32135,12035,Flagler
32136,12035,Flagler
32137,12035,Flagler
32138,12107,Putnam
32139,12107,Putnam
32140,12107,Putnam
32141,12127,Volusia
32142,12035,Flagler
32143,12035,Flagler
32145,12109,St. Johns
32147,12107,Putnam
32148,12107,Putnam
32149,12107,Putnam
32157,12107,Putnam
32158,12069,Lake
32159,12069,Lake
32160,12019,Clay
32162,12119,Sumter
32163,12119,Sumter
32164,12035,Flagler
32168,12127,Volusia
32169,12127,Volusia
32170,12127,Volusia
32173,12127,Volusia
32174,12127,Volusia
32175,12127,Volusia
32176,12127,Volusia
32177,12107,Putnam
32178,12107,Putnam
32179,12083,Marion
32180,12127,Volusia
32181,12107,Putnam
32182,12083,Marion
32183,12083,Marion
32185,12107,Putnam
32187,12107,Putnam
32189,12107,Putnam
32190,12127,Volusia
32192,12083,Marion
32193,12107,Putnam
32195,12083,Marion
32198,12127,Volusia
32201,12031,Duval
32202,12031,Duval
32203,12031,Duval
32204,12031,Duval
32205,12031,Duval
32206,12031,Duval
32207,12031,Duval
32208,12031,Duval
32209,12031,Duval
32210,12031,Duval
32211,12031,Duval
32212,12031,Duval
32214,12031,Duval
32216,12031,Duval
32217,12031,Duval
32218,12031,Duval
32219,12031,Duval
32220,12031,Duval
32221,12031,Duval
32222,12031,Duval
32223,12031,Duval
32224,12031,Duval
32225,12031,Duval
32226,12031,Duval
32227,12031,Duval
32228,12031,Duval
32229,12031,Duval
32231,12031,Duval
32232,12031,Duval
32233,12031,Duval
32234,12031,Duval
32235,12031,Duval
32236,12031,Duval
32237,12031,Duval
32238,12031,Duval
32239,12031,Duval
32240,12031,Duval
32241,12031,Duval
32244,12031,Duval
32245,12031,Duval
32246,12031,Duval
32247,12031,Duval
32250,12031,Duval
32254,12031,Duval
32255,12031,Duval
32256,12031,Duval
32257,12031,Duval
32258,12031,Duval
32259,12109,St. Johns
32260,12109,St. Johns
32266,12031,Duval
32277,12031,Duval
32301,12073,Leon
32302,12073,Leon
32303,12073,Leon
32304,12073,Leon
32305,12073,Leon
32306,12073,Leon
32307,12073,Leon
32308,12073,Leon
32309,12073,Leon
32310,12073,Leon
32311,12073,Leon
32312,12073,Leon
32313,12073,Leon
32314,12073,Leon
32315,12073,Leon
32316,12073,Leon
32317,12073,Leon
32318,12037,Franklin
32320,12037,Franklin
32321,12077,Liberty
32322,12037,Franklin
32323,12037,Franklin
32324,12039,Gadsden
32326,12129,Wakulla
32327,12129,Wakulla
32328,12037,Franklin
32329,12037,Franklin
32330,12039,Gadsden
32331,12079,Madison
32332,12039,Gadsden
32333,12039,Gadsden
32334,12077,Liberty
32335,12077,Liberty
32336,12123,Taylor
32337,12065,Jefferson
32340,12079,Madison
32341,12079,Madison
32343,12039,Gadsden
32344,12065,Jefferson
32345,12065,Jefferson
32346,12129,Wakulla
32347,12123,Taylor
32348,12123,Taylor
32350,12079,Madison
32351,12039,Gadsden
32352,12039,Gadsden
32353,12039,Gadsden
32355,12129,Wakulla
32356,12123,Taylor
32357,12123,Taylor
32358,12129,Wakulla
32359,12029,Dixie
32360,12077,Liberty
32361,12065,Jefferson
32362,12073,Leon
32395,12073,Leon
32399,12073,Leon
32401,12005,Bay
32402,12005,Bay
32403,12005,Bay
32404,12005,Bay
32405,12005,Bay
32406,12005,Bay
32407,12005,Bay
32408,12005,Bay
32409,12005,Bay
32410,12005,Bay
32411,12005,Bay
32412,12005,Bay
32413,12005,Bay
32417,12005,Bay
32420,12063,Jackson
32421,12013,Calhoun
32422,12131,Walton
32423,12063,Jackson
32424,12013,Calhoun
32425,12059,Holmes
32426,12063,Jackson
32427,12133,Washington
32428,12133,Washington
32430,12013,Calhoun
32431,12063,Jackson
32432,12063,Jackson
32433,12131,Walton
32434,12131,Walton
32435,12131,Walton
32437,12133,Washington
32438,12005,Bay
32439,12131,Walton
32440,12063,Jackson
32442,12063,Jackson
32443,12063,Jackson
32444,12005,Bay
32445,12063,Jackson
32446,12063,Jackson
32447,12063,Jackson
32448,12063,Jackson
32449,12013,Calhoun
32452,12059,Holmes
32455,12131,Walton
32456,12045,Gulf
32457,12045,Gulf
32459,12131,Walton
32460,12063,Jackson
32461,12131,Walton
32462,12133,Washington
32463,12133,Washington
32464,12059,Holmes
32465,12045,Gulf
32466,12005,Bay
32501,12033,Escambia
32502,12033,Escambia
32503,12033,Escambia
32504,12033,Escambia
32505,12033,Escambia
32506,12033,Escambia
32507,12033,Escambia
32508,12033,Escambia
32509,12033,Escambia
32511,12033,Escambia
32512,12033,Escambia
32513,12033,Escambia
32514,12033,Escambia
32516,12033,Escambia
32520,12033,Escambia
32521,12033,Escambia
32522,12033,Escambia
32523,12033,Escambia
32524,12033,Escambia
32526,12033,Escambia
32530,12113,Santa Rosa
32531,12091,Okaloosa
32533,12033,Escambia
32534,12033,Escambia
32535,12033,Escambia
32536,12091,Okaloosa
32537,12091,Okaloosa
32538,12131,Walton
32539,12091,Okaloosa
32540,12091,Okaloosa
32541,12091,Okaloosa
32542,12091,Okaloosa
32544,12091,Okaloosa
32547,12091,Okaloosa
32548,12091,Okaloosa
32549,12091,Okaloosa
32550,12131,Walton
32559,12033,Escambia
32560,12033,Escambia
32561,12033,Escambia
32562,12113,Santa Rosa
32563,12113,Santa Rosa
32564,12113,Santa Rosa
32565,12113,Santa Rosa
32566,12113,Santa Rosa
32567,12091,Okaloosa
32568,12033,Escambia
32569,12091,Okaloosa
32570,12113,Santa Rosa
32571,12113,Santa Rosa
32572,12113,Santa Rosa
32577,12033,Escambia
32578,12091,Okaloosa
32579,12091,Okaloosa
32580,12091,Okaloosa
32583,12113,Santa Rosa
32588,12091,Okaloosa
32591,12033,Escambia
32601,12001,Alachua
32602,12001,Alachua
32603,12001,Alachua
32604,12001,Alachua
32605,12001,Alachua
32606,12001,Alachua
32607,12001,Alachua
32608,12001,Alachua
32609,12001,Alachua
32610,12001,Alachua
32611,12001,Alachua
32612,12001,Alachua
32614,12001,Alachua
32615,12001,Alachua
32616,12001,Alachua
32617,12083,Marion
32618,12001,Alachua
32619,12041,Gilchrist
32621,12075,Levy
32622,12007,Bradford
32625,12075,Levy
32626,12075,Levy
32627,12001,Alachua
32628,12029,Dixie
32631,12001,Alachua
32633,12001,Alachua
32634,12083,Marion
32635,12001,Alachua
32639,12075,Levy
32640,12001,Alachua
32641,12001,Alachua
32643,12001,Alachua
32644,12075,Levy
32648,12029,Dixie
32653,12001,Alachua
32654,12001,Alachua
32655,12001,Alachua
32656,12019,Clay
32658,12001,Alachua
32662,12001,Alachua
32663,12083,Marion
32664,12083,Marion
32666,12107,Putnam
32667,12001,Alachua
32668,12075,Levy
32669,12001,Alachua
32680,12029,Dixie
32681,12083,Marion
32683,12075,Levy
32686,12083,Marion
32692,12029,Dixie
32693,12041,Gilchrist
32694,12001,Alachua
32696,12075,Levy
32697,12125,Union
32701,12117,Seminole
32702,12069,Lake
32703,12095,Orange
32704,12095,Orange
32706,12127,Volusia
32707,12117,Seminole
32708,12117,Seminole
32709,12095,Orange
32710,12095,Orange
32712,12095,Orange
32713,12127,Volusia
32714,12117,Seminole
32715,12117,Seminole
32716,12117,Seminole
32718,12117,Seminole
32719,12117,Seminole
32720,12127,Volusia
32721,12127,Volusia
32722,12127,Volusia
32723,12127,Volusia
32724,12127,Volusia
32725,12127,Volusia
32726,12069,Lake
32727,12069,Lake
32728,12127,Volusia
32730,12117,Seminole
32732,12117,Seminole
32733,12117,Seminole
32735,12069,Lake
32736,12069,Lake
32738,12127,Volusia
32739,12127,Volusia
32744,12127,Volusia
32745,12127,Volusia
32746,12117,Seminole
32747,12117,Seminole
32750,12117,Seminole
32751,12095,Orange
32752,12117,Seminole
32753,12065,Jefferson
32754,12009,Brevard
32756,12069,Lake
32757,12069,Lake
32759,12127,Volusia
32762,12117,Seminole
32763,12127,Volusia
32764,12127,Volusia
32765,12117,Seminole
32766,12117,Seminole
32767,12069,Lake
32768,12095,Orange
32771,12117,Seminole
32772,12117,Seminole
32773,12117,Seminole
32774,12127,Volusia
32775,12009,Brevard
32776,12069,Lake
32777,12095,Orange
32778,12069,Lake
32779,12117,Seminole
32780,12009,Brevard
32781,12009,Brevard
32783,12009,Brevard
32784,12083,Marion
32789,12095,Orange
32790,12095,Orange
32791,12117,Seminole
32792,12117,Seminole
32793,12095,Orange
32794,12095,Orange
32795,12117,Seminole
32796,12009,Brevard
32798,12095,Orange
32799,12117,Seminole
32801,12095,Orange
32802,12095,Orange
32803,12095,Orange
32804,12095,Orange
32805,12095,Orange
32806,12095,Orange
32807,12095,Orange
32808,12095,Orange
32809,12095,Orange
32810,12095,Orange
32811,12095,Orange
32812,12095,Orange
32814,12095,Orange
32815,12009,Brevard
32816,12095,Orange
32817,12095,Orange
32818,12095,Orange
32819,12095,Orange
32820,12095,Orange
32821,12095,Orange
32822,12095,Orange
32824,12095,Orange
32825,12095,Orange
32826,12095,Orange
32827,12095,Orange
32828,12095,Orange
32829,12095,Orange
32830,12095,Orange
32831,12095,Orange
32832,12095,Orange
32833,12095,Orange
32834,12095,Orange
32835,12095,Orange
32836,12095,Orange
32837,12095,Orange
32839,12095,Orange
32853,12095,Orange
32854,12095,Orange
32855,12095,Orange
32856,12095,Orange
32857,12095,Orange
32858,12095,Orange
32859,12095,Orange
32860,12095,Orange
32861,12095,Orange
32862,12095,Orange
32867,12095,Orange
32868,12095,Orange
32869,12095,Orange
32872,12095,Orange
32877,12095,Orange
32878,12095,Orange
32885,12095,Orange
32886,12095,Orange
32887,12095,Orange
32891,12095,Orange
32896,12095,Orange
32897,12095,Orange
32899,12009,Brevard
32901,12009,Brevard
32902,12009,Brevard
32903,12009,Brevard
32904,12009,Brevard
32905,12009,Brevard
32906,12009,Brevard
32907,12009,Brevard
32908,12009,Brevard
32909,12009,Brevard
32910,12009,Brevard
32911,12009,Brevard
32912,12009,Brevard
32919,12009,Brevard
32920,12009,Brevard
32922,12009,Brevard
32923,12009,Brevard
32924,12009,Brevard
32925,12009,Brevard
32926,12009,Brevard
32927,12009,Brevard
32931,12009,Brevard
32932,12009,Brevard
32934,12009,Brevard
32935,12009,Brevard
32936,12009,Brevard
32937,12009,Brevard
32940,12009,Brevard
32941,12009,Brevard
32948,12061,Indian River
32949,12009,Brevard
32950,12009,Brevard
32951,12009,Brevard
32952,12009,Brevard
32953,12009,Brevard
32954,12009,Brevard
32955,12009,Brevard
32956,12009,Brevard
32957,12061,Indian River
32958,12061,Indian River
32959,12009,Brevard
32960,12061,Indian River
32961,12061,Indian River
32962,12061,Indian River
32963,12061,Indian River
32964,12061,Indian River
32965,12061,Indian River
32966,12061,Indian River
32967,12061,Indian River
32968,12061,Indian River
32969,12061,Indian River
32970,12061,Indian River
32971,12061,Indian River
32976,12009,Brevard
32978,12061,Indian River
33001,12087,Monroe
33002,12086,Miami-Dade
33004,12011,Broward
33008,12011,Broward
33009,12011,Broward
33010,12086,Miami-Dade
33011,12086,Miami-Dade
33012,12086,Miami-Dade
33013,12086,Miami-Dade
33014,12086,Miami-Dade
33015,12086,Miami-Dade
33016,12086,Miami-Dade
33017,12086,Miami-Dade
33018,12086,Miami-Dade
33019,12011,Broward
33020,12011,Broward
33021,12011,Broward
33022,12011,Broward
33023,12011,Broward
33024,12011,Broward
33025,12011,Broward
33026,12011,Broward
33027,12011,Broward
33028,12011,Broward
33029,12011,Broward
33030,12086,Miami-Dade
33031,12086,Miami-Dade
33032,12086,Miami-Dade
33033,12086,Miami-Dade
33034,12086,Miami-Dade
33035,12086,Miami-Dade
33036,12087,Monroe
33037,12087,Monroe
33039,12086,Miami-Dade
33040,12087,Monroe
33041,12087,Monroe
33042,12087,Monroe
33043,12087,Monroe
33045,12087,Monroe
33050,12087,Monroe
33051,12087,Monroe
33052,12087,Monroe
33054,12086,Miami-Dade
33055,12086,Miami-Dade
33056,12086,Miami-Dade
33060,12011,Broward
33061,12011,Broward
33062,12011,Broward
33063,12011,Broward
33064,12011,Broward
33065,12011,Broward
33066,12011,Broward
33067,12011,Broward
33068,12011,Broward
33069,12011,Broward
33070,12087,Monroe
33071,12011,Broward
33072,12011,Broward
33073,12011,Broward
33074,12011,Broward
33075,12011,Broward
33076,12011,Broward
33077,12011,Broward
33081,12011,Broward
33082,12011,Broward
33083,12011,Broward
33084,12011,Broward
33090,12086,Miami-Dade
33092,12086,Miami-Dade
33093,12011,Broward
33097,12011,Broward
33101,12086,Miami-Dade
33102,12086,Miami-Dade
33106,12086,Miami-Dade
33109,12086,Miami-Dade
33111,12086,Miami-Dade
33112,12107,Putnam
33114,12086,Miami-Dade
33116,12086,Miami-Dade
33119,12086,Miami-Dade
33122,12086,Miami-Dade
33124,12086,Miami-Dade
33125,12086,Miami-Dade
33126,12086,Miami-Dade
33127,12086,Miami-Dade
33128,12086,Miami-Dade
33129,12086,Miami-Dade
33130,12086,Miami-Dade
33131,12086,Miami-Dade
33132,12086,Miami-Dade
33133,12086,Miami-Dade
33134,12086,Miami-Dade
33135,12086,Miami-Dade
33136,12086,Miami-Dade
33137,12086,Miami-Dade
33138,12086,Miami-Dade
33139,12086,Miami-Dade
33140,12086,Miami-Dade
33141,12086,Miami-Dade
33142,12086,Miami-Dade
33143,12086,Miami-Dade
33144,12086,Miami-Dade
33145,12086,Miami-Dade
33146,12086,Miami-Dade
33147,12086,Miami-Dade
33149,12086,Miami-Dade
33150,12086,Miami-Dade
33151,12086,Miami-Dade
33152,12086,Miami-Dade
33153,12086,Miami-Dade
33154,12086,Miami-Dade
33155,12086,Miami-Dade
33156,12086,Miami-Dade
33157,12086,Miami-Dade
33158,12086,Miami-Dade
33160,12086,Miami-Dade
33161,12086,Miami-Dade
33162,12086,Miami-Dade
33163,12086,Miami-Dade
33164,12086,Miami-Dade
33165,12086,Miami-Dade
33166,12086,Miami-Dade
33167,12086,Miami-Dade
33168,12086,Miami-Dade
33169,12086,Miami-Dade
33170,12086,Miami-Dade
33172,12086,Miami-Dade
33173,12086,Miami-Dade
33174,12086,Miami-Dade
33175,12086,Miami-Dade
33176,12086,Miami-Dade
33177,12086,Miami-Dade
33178,12086,Miami-Dade
33179,12086,Miami-Dade
33180,12086,Miami-Dade
33181,12086,Miami-Dade
33182,12086,Miami-Dade
33183,12086,Miami-Dade
33184,12086,Miami-Dade
33185,12086,Miami-Dade
33186,12086,Miami-Dade
33187,12086,Miami-Dade
33188,12086,Miami-Dade
33189,12086,Miami-Dade
33190,12086,Miami-Dade
33191,12086,Miami-Dade
33192,12086,Miami-Dade
33193,12086,Miami-Dade
33194,12086,Miami-Dade
33195,12086,Miami-Dade
33196,12086,Miami-Dade
33197,12086,Miami-Dade
33198,12086,Miami-Dade
33199,12086,Miami-Dade
33206,12086,Miami-Dade
33222,12086,Miami-Dade
33231,12086,Miami-Dade
33233,12086,Miami-Dade
33234,12086,Miami-Dade
33238,12086,Miami-Dade
33239,12086,Miami-Dade
33242,12086,Miami-Dade
33243,12086,Miami-Dade
33245,12086,Miami-Dade
33247,12086,Miami-Dade
33255,12086,Miami-Dade
33256,12086,Miami-Dade
33257,12086,Miami-Dade
33261,12086,Miami-Dade
33265,12086,Miami-Dade
33266,12086,Miami-Dade
33269,12086,Miami-Dade
33280,12086,Miami-Dade
33283,12086,Miami-Dade
33296,12086,Miami-Dade
33299,12086,Miami-Dade
33301,12011,Broward
33302,12011,Broward
33303,12011,Broward
33304,12011,Broward
33305,12011,Broward
33306,12011,Broward
33307,12011,Broward
33308,12011,Broward
33309,12011,Broward
33310,12011,Broward
33311,12011,Broward
33312,12011,Broward
33313,12011,Broward
33314,12011,Broward
33315,12011,Broward
33316,12011,Broward
33317,12011,Broward
33318,12011,Broward
33319,12011,Broward
33320,12011,Broward
33321,12011,Broward
33322,12011,Broward
33323,12011,Broward
33324,12011,Broward
33325,12011,Broward
33326,12011,Broward
33327,12011,Broward
33328,12011,Broward
33329,12011,Broward
33330,12011,Broward
33331,12011,Broward
33332,12011,Broward
33334,12011,Broward
33335,12011,Broward
33336,12011,Broward
33337,12011,Broward
33338,12011,Broward
33339,12011,Broward
33340,12011,Broward
33345,12011,Broward
33346,12011,Broward
33348,12011,Broward
33349,12011,Broward
33351,12011,Broward
33355,12011,Broward
33359,12011,Broward
33388,12011,Broward
33394,12011,Broward
33401,12099,Palm Beach
33402,12099,Palm Beach
33403,12099,Palm Beach
33404,12099,Palm Beach
33405,12099,Palm Beach
33406,12099,Palm Beach
33407,12099,Palm Beach
33408,12099,Palm Beach
33409,12099,Palm Beach
33410,12099,Palm Beach
33411,12099,Palm Beach
33412,12099,Palm Beach
33413,12099,Palm Beach
33414,12099,Palm Beach
33415,12099,Palm Beach
33416,12099,Palm Beach
33417,12099,Palm Beach
33418,12099,Palm Beach
33419,12099,Palm Beach
33420,12099,Palm Beach
33421,12099,Palm Beach
33422,12099,Palm Beach
33424,12099,Palm Beach
33425,12099,Palm Beach
33426,12099,Palm Beach
33427,12099,Palm Beach
33428,12099,Palm Beach
33429,12099,Palm Beach
33430,12099,Palm Beach
33431,12099,Palm Beach
33432,12099,Palm Beach
33433,12099,Palm Beach
33434,12099,Palm Beach
33435,12099,Palm Beach
33436,12099,Palm Beach
33437,12099,Palm Beach
33438,12085,Martin
33440,12051,Hendry
33441,12011,Broward
33442,12011,Broward
33443,12011,Broward
33444,12099,Palm Beach
33445,12099,Palm Beach
33446,12099,Palm Beach
33448,12099,Palm Beach
33449,12099,Palm Beach
33454,12099,Palm Beach
33455,12085,Martin
33458,12099,Palm Beach
33459,12099,Palm Beach
33460,12099,Palm Beach
33461,12099,Palm Beach
33462,12099,Palm Beach
33463,12099,Palm Beach
33464,12099,Palm Beach
33465,12099,Palm Beach
33466,12099,Palm Beach
33467,12099,Palm Beach
33468,12099,Palm Beach
33469,12085,Martin
33470,12099,Palm Beach
33471,12043,Glades
33472,12099,Palm Beach
33473,12099,Palm Beach
33474,12099,Palm Beach
33475,12085,Martin
33476,12099,Palm Beach
33477,12099,Palm Beach
33478,12099,Palm Beach
33480,12099,Palm Beach
33481,12099,Palm Beach
33482,12099,Palm Beach
33483,12099,Palm Beach
33484,12099,Palm Beach
33486,12099,Palm Beach
33487,12099,Palm Beach
33488,12099,Palm Beach
33493,12099,Palm Beach
33496,12099,Palm Beach
33497,12099,Palm Beach
33498,12099,Palm Beach
33499,12099,Palm Beach
33503,12057,Hillsborough
33508,12057,Hillsborough
33509,12057,Hillsborough
33510,12057,Hillsborough
33511,12057,Hillsborough
33513,12119,Sumter
33514,12119,Sumter
33521,12119,Sumter
33523,12101,Pasco
33524,12101,Pasco
33525,12101,Pasco
33526,12101,Pasco
33527,12057,Hillsborough
33530,12057,Hillsborough
33534,12057,Hillsborough
33537,12101,Pasco
33538,12119,Sumter
33539,12101,Pasco
33540,12101,Pasco
33541,12101,Pasco
33542,12101,Pasco
33543,12101,Pasco
33544,12101,Pasco
33545,12101,Pasco
33547,12057,Hillsborough
33548,12057,Hillsborough
33549,12057,Hillsborough
33550,12057,Hillsborough
33556,12057,Hillsborough
33558,12057,Hillsborough
33559,12057,Hillsborough
33563,12057,Hillsborough
33564,12057,Hillsborough
33565,12057,Hillsborough
33566,12057,Hillsborough
33567,12057,Hillsborough
33568,12057,Hillsborough
33569,12057,Hillsborough
33570,12057,Hillsborough
33571,12057,Hillsborough
33572,12057,Hillsborough
33573,12057,Hillsborough
33574,12101,Pasco
33575,12057,Hillsborough
33576,12101,Pasco
33578,12057,Hillsborough
33579,12057,Hillsborough
33583,12057,Hillsborough
33584,12057,Hillsborough
33585,12119,Sumter
33586,12057,Hillsborough
33587,12057,Hillsborough
33592,12057,Hillsborough
33593,12101,Pasco
33594,12057,Hillsborough
33595,12057,Hillsborough
33596,12057,Hillsborough
33597,12119,Sumter
33598,12057,Hillsborough
33601,12057,Hillsborough
33602,12057,Hillsborough
33603,12057,Hillsborough
33604,12057,Hillsborough
33605,12057,Hillsborough
33606,12057,Hillsborough
33607,12057,Hillsborough
33608,12057,Hillsborough
33609,12057,Hillsborough
33610,12057,Hillsborough
33611,12057,Hillsborough
33612,12057,Hillsborough
33613,12057,Hillsborough
33614,12057,Hillsborough
33615,12057,Hillsborough
33616,12057,Hillsborough
33617,12057,Hillsborough
33618,12057,Hillsborough
33619,12057,Hillsborough
33620,12057,Hillsborough
33621,12057,Hillsborough
33622,12057,Hillsborough
33623,12057,Hillsborough
33624,12057,Hillsborough
33625,12057,Hillsborough
33626,12057,Hillsborough
33629,12057,Hillsborough
33630,12057,Hillsborough
33631,12057,Hillsborough
33633,12057,Hillsborough
33634,12057,Hillsborough
33635,12057,Hillsborough
33637,12057,Hillsborough
33646,12057,Hillsborough
33647,12057,Hillsborough
33650,12057,Hillsborough
33655,12057,Hillsborough
33660,12057,Hillsborough
33661,12057,Hillsborough
33662,12057,Hillsborough
33663,12057,Hillsborough
33664,12057,Hillsborough
33672,12057,Hillsborough
33673,12057,Hillsborough
33674,12057,Hillsborough
33675,12057,Hillsborough
33677,12057,Hillsborough
33679,12057,Hillsborough
33680,12057,Hillsborough
33681,12057,Hillsborough
33682,12057,Hillsborough
33684,12057,Hillsborough
33685,12057,Hillsborough
33686,12057,Hillsborough
33687,12057,Hillsborough
33688,12057,Hillsborough
33689,12057,Hillsborough
33694,12057,Hillsborough
33701,12103,Pinellas
33702,12103,Pinellas
33703,12103,Pinellas
33704,12103,Pinellas
33705,12103,Pinellas
33706,12103,Pinellas
33707,12103,Pinellas
33708,12103,Pinellas
33709,12103,Pinellas
33710,12103,Pinellas
33711,12103,Pinellas
33712,12103,Pinellas
33713,12103,Pinellas
33714,12103,Pinellas
33715,12103,Pinellas
33716,12103,Pinellas
33729,12103,Pinellas
33730,12103,Pinellas
33731,12103,Pinellas
33732,12103,Pinellas
33733,12103,Pinellas
33734,12103,Pinellas
33736,12103,Pinellas
33737,12103,Pinellas
33738,12103,Pinellas
33740,12103,Pinellas
33741,12103,Pinellas
33742,12103,Pinellas
33743,12103,Pinellas
33744,12103,Pinellas
33747,12103,Pinellas
33755,12103,Pinellas
33756,12103,Pinellas
33757,12103,Pinellas
33758,12103,Pinellas
33759,12103,Pinellas
33760,12103,Pinellas
33761,12103,Pinellas
33762,12103,Pinellas
33763,12103,Pinellas
33764,12103,Pinellas
33765,12103,Pinellas
33766,12103,Pinellas
33767,12103,Pinellas
33769,12103,Pinellas
33770,12103,Pinellas
33771,12103,Pinellas
33772,12103,Pinellas
33773,12103,Pinellas
33774,12103,Pinellas
33775,12103,Pinellas
33776,12103,Pinellas
33777,12103,Pinellas
33778,12103,Pinellas
33779,12103,Pinellas
33780,12103,Pinellas
33781,12103,Pinellas
33782,12103,Pinellas
33784,12103,Pinellas
33785,12103,Pinellas
33786,12103,Pinellas
33801,12105,Polk
33802,12105,Polk
33803,12105,Polk
33804,12105,Polk
33805,12105,Polk
33806,12105,Polk
33807,12105,Polk
33809,12105,Polk
33810,12105,Polk
33811,12105,Polk
33812,12105,Polk
33813,12105,Polk
33815,12105,Polk
33820,12105,Polk
33823,12105,Polk
33825,12055,Highlands
33826,12055,Highlands
33827,12105,Polk
33830,12105,Polk
33831,12105,Polk
33834,12049,Hardee
33835,12105,Polk
33836,12105,Polk
33837,12105,Polk
33838,12105,Polk
33839,12105,Polk
33840,12105,Polk
33841,12105,Polk
33843,12105,Polk
33844,12105,Polk
33845,12105,Polk
33846,12105,Polk
33847,12105,Polk
33848,12097,Osceola
33849,12105,Polk
33850,12105,Polk
33851,12105,Polk
33852,12055,Highlands
33853,12105,Polk
33854,12105,Polk
33855,12105,Polk
33856,12105,Polk
33857,12055,Highlands
33858,12105,Polk
33859,12105,Polk
33860,12105,Polk
33862,12055,Highlands
33863,12105,Polk
33865,12049,Hardee
33867,12105,Polk
33868,12105,Polk
33870,12055,Highlands
33871,12055,Highlands
33872,12055,Highlands
33873,12049,Hardee
33875,12055,Highlands
33876,12055,Highlands
33877,12105,Polk
33880,12105,Polk
33881,12105,Polk
33882,12105,Polk
33883,12105,Polk
33884,12105,Polk
33885,12105,Polk
33888,12105,Polk
33890,12049,Hardee
33896,12097,Osceola
33897,12105,Polk
33898,12105,Polk
33901,12071,Lee
33902,12071,Lee
33903,12071,Lee
33904,12071,Lee
33905,12071,Lee
33906,12071,Lee
33907,12071,Lee
33908,12071,Lee
33909,12071,Lee
33910,12071,Lee
33911,12071,Lee
33912,12071,Lee
33913,12071,Lee
33914,12071,Lee
33915,12071,Lee
33916,12071,Lee
33917,12071,Lee
33918,12071,Lee
33919,12071,Lee
33920,12071,Lee
33921,12071,Lee
33922,12071,Lee
33924,12071,Lee
33927,12015,Charlotte
33928,12071,Lee
33929,12071,Lee
33930,12051,Hendry
33931,12071,Lee
33932,12071,Lee
33935,12051,Hendry
33936,12051,Hendry
33938,12015,Charlotte
33944,12043,Glades
33945,12071,Lee
33946,12015,Charlotte
33947,12015,Charlotte
33948,12015,Charlotte
33949,12015,Charlotte
33950,12015,Charlotte
33951,12015,Charlotte
33952,12015,Charlotte
33953,12015,Charlotte
33954,12015,Charlotte
33955,12015,Charlotte
33956,12071,Lee
33957,12071,Lee
33960,12055,Highlands
33965,12071,Lee
33966,12071,Lee
33967,12071,Lee
33970,12071,Lee
33971,12071,Lee
33972,12071,Lee
33973,12071,Lee
33974,12071,Lee
33975,12051,Hendry
33976,12071,Lee
33980,12015,Charlotte
33981,12015,Charlotte
33982,12015,Charlotte
33983,12015,Charlotte
33990,12071,Lee
33991,12071,Lee
33993,12071,Lee
33994,12071,Lee
34101,12021,Collier
34102,12021,Collier
34103,12021,Collier
34104,12021,Collier
34105,12021,Collier
34106,12021,Collier
34107,12021,Collier
34108,12021,Collier
34109,12021,Collier
34110,12021,Collier
34112,12021,Collier
34113,12021,Collier
34114,12021,Collier
34116,12021,Collier
34117,12021,Collier
34119,12021,Collier
34120,12021,Collier
34133,12071,Lee
34134,12071,Lee
34135,12071,Lee
34136,12071,Lee
34137,12021,Collier
34138,12021,Collier
34139,12021,Collier
34140,12021,Collier
34141,12021,Collier
34142,12021,Collier
34143,12021,Collier
34145,12021,Collier
34146,12021,Collier
34201,12081,Manatee
34202,12081,Manatee
34203,12081,Manatee
34204,12081,Manatee
34205,12081,Manatee
34206,12081,Manatee
34207,12081,Manatee
34208,12081,Manatee
34209,12081,Manatee
34210,12081,Manatee
34211,12081,Manatee
34212,12081,Manatee
34215,12081,Manatee
34216,12081,Manatee
34217,12081,Manatee
34218,12081,Manatee
34219,12081,Manatee
34220,12081,Manatee
34221,12081,Manatee
34222,12081,Manatee
34223,12115,Sarasota
34224,12015,Charlotte
34228,12115,Sarasota
34229,12115,Sarasota
34230,12115,Sarasota
34231,12115,Sarasota
34232,12115,Sarasota
34233,12115,Sarasota
34234,12115,Sarasota
34235,12115,Sarasota
34236,12115,Sarasota
34237,12115,Sarasota
34238,12115,Sarasota
34239,12115,Sarasota
34240,12115,Sarasota
34241,12115,Sarasota
34242,12115,Sarasota
34243,12081,Manatee
34249,12115,Sarasota
34250,12081,Manatee
34251,12081,Manatee
34260,12081,Manatee
34264,12081,Manatee
34265,12027,DeSoto
34266,12027,DeSoto
34267,12027,DeSoto
34268,12027,DeSoto
34269,12027,DeSoto
34270,12081,Manatee
34272,12115,Sarasota
34274,12115,Sarasota
34275,12115,Sarasota
34276,12115,Sarasota
34277,12115,Sarasota
34278,12115,Sarasota
34280,12081,Manatee
34281,12081,Manatee
34282,12081,Manatee
34284,12115,Sarasota
34285,12115,Sarasota
34286,12115,Sarasota
34287,12115,Sarasota
34288,12115,Sarasota
34289,12115,Sarasota
34290,12115,Sarasota
34291,12115,Sarasota
34292,12115,Sarasota
34293,12115,Sarasota
34295,12115,Sarasota
34420,12083,Marion
34421,12083,Marion
34423,12017,Citrus
34428,12017,Citrus
34429,12017,Citrus
34430,12083,Marion
34431,12083,Marion
34432,12083,Marion
34433,12017,Citrus
34434,12017,Citrus
34436,12017,Citrus
34441,12017,Citrus
34442,12017,Citrus
34445,12017,Citrus
34446,12017,Citrus
34447,12017,Citrus
34448,12017,Citrus
34449,12075,Levy
34450,12017,Citrus
34451,12017,Citrus
34452,12017,Citrus
34453,12017,Citrus
34460,12017,Citrus
34461,12017,Citrus
34464,12017,Citrus
34465,12017,Citrus
34470,12083,Marion
34471,12083,Marion
34472,12083,Marion
34473,12083,Marion
34474,12083,Marion
34475,12083,Marion
34476,12083,Marion
34477,12083,Marion
34478,12083,Marion
34479,12083,Marion
34480,12083,Marion
34481,12083,Marion
34482,12083,Marion
34483,12083,Marion
34484,12119,Sumter
34487,12017,Citrus
34488,12083,Marion
34489,12083,Marion
34491,12083,Marion
34492,12083,Marion
34498,12075,Levy
34601,12053,Hernando
34602,12053,Hernando
34603,12053,Hernando
34604,12053,Hernando
34605,12053,Hernando
34606,12053,Hernando
34607,12053,Hernando
34608,12053,Hernando
34609,12053,Hernando
34610,12101,Pasco
34611,12053,Hernando
34613,12053,Hernando
34614,12053,Hernando
34636,12053,Hernando
34637,12101,Pasco
34638,12101,Pasco
34639,12101,Pasco
34652,12101,Pasco
34653,12101,Pasco
34654,12101,Pasco
34655,12101,Pasco
34656,12101,Pasco
34660,12103,Pinellas
34661,12053,Hernando
34667,12101,Pasco
34668,12101,Pasco
34669,12101,Pasco
34673,12101,Pasco
34674,12101,Pasco
34677,12103,Pinellas
34679,12101,Pasco
34680,12101,Pasco
34681,12103,Pinellas
34682,12103,Pinellas
34683,12103,Pinellas
34684,12103,Pinellas
34685,12103,Pinellas
34688,12103,Pinellas
34689,12103,Pinellas
34690,12101,Pasco
34691,12101,Pasco
34692,12101,Pasco
34695,12103,Pinellas
34697,12103,Pinellas
34698,12103,Pinellas
34705,12069,Lake
34711,12069,Lake
34712,12069,Lake
34713,12069,Lake
34714,12069,Lake
34715,12069,Lake
34729,12069,Lake
34731,12069,Lake
34734,12095,Orange
34736,12069,Lake
34737,12069,Lake
34739,12097,Osceola
34740,12095,Orange
34741,12097,Osceola
34742,12097,Osceola
34743,12097,Osceola
34744,12097,Osceola
34745,12097,Osceola
34746,12097,Osceola
34747,12097,Osceola
34748,12069,Lake
34749,12069,Lake
34753,12069,Lake
34755,12069,Lake
34756,12069,Lake
34758,12097,Osceola
34759,12105,Polk
34760,12095,Orange
34761,12095,Orange
34762,12069,Lake
34769,12097,Osceola
34770,12097,Osceola
34771,12097,Osceola
34772,12097,Osceola
34773,12097,Osceola
34777,12095,Orange
34778,12095,Orange
34785,12119,Sumter
34786,12095,Orange
34787,12095,Orange
34788,12069,Lake
34789,12069,Lake
34797,12069,Lake
34945,12111,St. Lucie
34946,12111,St. Lucie
34947,12111,St. Lucie
34948,12111,St. Lucie
34949,12111,St. Lucie
34950,12111,St. Lucie
34951,12111,St. Lucie
34952,12111,St. Lucie
34953,12111,St. Lucie
34954,12111,St. Lucie
34956,12085,Martin
34957,12085,Martin
34958,12085,Martin
34972,12093,Okeechobee
34973,12093,Okeechobee
34974,12043,Glades
34979,12111,St. Lucie
34981,12111,St. Lucie
34982,12111,St. Lucie
34983,12111,St. Lucie
34984,12111,St. Lucie
34985,12111,St. Lucie
34986,12111,St. Lucie
34987,12111,St. Lucie
34988,12111,St. Lucie
34990,12085,Martin
34991,12085,Martin
34992,12085,Martin
34994,12085,Martin
34995,12085,Martin
34996,12085,Martin
34997,12085,Martin
35004,01115,St. Clair
35005,01073,Jefferson
35006,01073,Jefferson
35007,01117,Shelby
35010,01123,Tallapoosa
35011,01123,Tallapoosa
35013,01009,Blount
35014,01121,Talladega
35015,01073,Jefferson
35016,01095,Marshall
35019,01043,Cullman
35020,01073,Jefferson
35021,01073,Jefferson
35022,01073,Jefferson
35023,01073,Jefferson
35031,01009,Blount
35032,01121,Talladega
35033,01043,Cullman
35034,01007,Bibb
35035,01007,Bibb
35036,01073,Jefferson
35038,01127,Walker
35040,01117,Shelby
35042,01007,Bibb
35043,01117,Shelby
35044,01121,Talladega
35045,01021,Chilton
35046,01021,Chilton
35048,01073,Jefferson
35049,01009,Blount
35051,01117,Shelby
35052,01115,St. Clair
35053,01043,Cullman
35054,01115,St. Clair
35055,01043,Cullman
35056,01043,Cullman
35057,01043,Cullman
35058,01043,Cullman
35060,01073,Jefferson
35061,01073,Jefferson
35062,01073,Jefferson
35063,01127,Walker
35064,01073,Jefferson
35068,01073,Jefferson
35070,01043,Cullman
35071,01073,Jefferson
35072,01037,Coosa
35073,01073,Jefferson
35074,01007,Bibb
35077,01043,Cullman
35078,01117,Shelby
35079,01009,Blount
35080,01117,Shelby
35082,01027,Clay
35083,01043,Cullman
35085,01021,Chilton
35087,01043,Cullman
35089,01037,Coosa
35091,01073,Jefferson
35094,01073,Jefferson
35096,01121,Talladega
35097,01009,Blount
35098,01043,Cullman
35111,01073,Jefferson
35112,01115,St. Clair
35114,01117,Shelby
35115,01117,Shelby
35116,01073,Jefferson
35117,01073,Jefferson
35118,01073,Jefferson
35119,01073,Jefferson
35120,01115,St. Clair
35121,01009,Blount
35123,01073,Jefferson
35124,01117,Shelby
35125,01115,St. Clair
35126,01073,Jefferson
35127,01073,Jefferson
35128,01115,St. Clair
35130,01127,Walker
35131,01115,St. Clair
35133,01009,Blount
35135,01115,St. Clair
35136,01037,Coosa
35137,01117,Shelby
35139,01073,Jefferson
35142,01073,Jefferson
35143,01117,Shelby
35144,01117,Shelby
35146,01115,St. Clair
35147,01117,Shelby
35148,01127,Walker
35149,01121,Talladega
35150,01121,Talladega
35151,01121,Talladega
35160,01121,Talladega
35161,01121,Talladega
35171,01021,Chilton
35172,01009,Blount
35173,01073,Jefferson
35175,01095,Marshall
35176,01117,Shelby
35178,01117,Shelby
35179,01043,Cullman
35180,01073,Jefferson
35181,01073,Jefferson
35182,01115,St. Clair
35183,01037,Coosa
35184,01007,Bibb
35185,01117,Shelby
35186,01117,Shelby
35187,01117,Shelby
35188,01007,Bibb
35201,01073,Jefferson
35202,01073,Jefferson
35203,01073,Jefferson
35204,01073,Jefferson
35205,01073,Jefferson
35206,01073,Jefferson
35207,01073,Jefferson
35208,01073,Jefferson
35209,01073,Jefferson
35210,01073,Jefferson
35211,01073,Jefferson
35212,01073,Jefferson
35213,01073,Jefferson
35214,01073,Jefferson
35215,01073,Jefferson
35216,01073,Jefferson
35217,01073,Jefferson
35218,01073,Jefferson
35219,01073,Jefferson
35220,01073,Jefferson
35221,01073,Jefferson
35222,01073,Jefferson
35223,01073,Jefferson
35224,01073,Jefferson
35226,01073,Jefferson
35228,01073,Jefferson
35229,01073,Jefferson
35231,01073,Jefferson
35232,01073,Jefferson
35233,01073,Jefferson
35234,01073,Jefferson
35235,01073,Jefferson
35236,01073,Jefferson
35237,01073,Jefferson
35238,01073,Jefferson
35242,01117,Shelby
35243,01073,Jefferson
35244,01117,Shelby
35246,01073,Jefferson
35249,01073,Jefferson
35253,01073,Jefferson
35254,01073,Jefferson
35255,01073,Jefferson
35259,01073,Jefferson
35260,01073,Jefferson
35261,01073,Jefferson
35266,01073,Jefferson
35270,01073,Jefferson
35282,01073,Jefferson
35283,01073,Jefferson
35285,01073,Jefferson
35287,01073,Jefferson
35288,01073,Jefferson
35290,01073,Jefferson
35291,01073,Jefferson
35292,01073,Jefferson
35293,01073,Jefferson
35294,01073,Jefferson
35295,01073,Jefferson
35296,01073,Jefferson
35297,01073,Jefferson
35298,01073,Jefferson
35401,01125,Tuscaloosa
35402,01125,Tuscaloosa
35403,01125,Tuscaloosa
35404,01125,Tuscaloosa
35405,01125,Tuscaloosa
35406,01125,Tuscaloosa
35407,01125,Tuscaloosa
35440,01125,Tuscaloosa
35441,01065,Hale
35442,01107,Pickens
35443,01063,Greene
35444,01125,Tuscaloosa
35446,01125,Tuscaloosa
35447,01107,Pickens
35448,01063,Greene
35449,01125,Tuscaloosa
35452,01125,Tuscaloosa
35453,01125,Tuscaloosa
35456,01125,Tuscaloosa
35457,01125,Tuscaloosa
35458,01125,Tuscaloosa
35459,01119,Sumter
35460,01119,Sumter
35461,01107,Pickens
35462,01063,Greene
35463,01125,Tuscaloosa
35464,01119,Sumter
35466,01107,Pickens
35468,01125,Tuscaloosa
35469,01063,Greene
35470,01119,Sumter
35471,01107,Pickens
35473,01125,Tuscaloosa
35474,01065,Hale
35475,01125,Tuscaloosa
35476,01125,Tuscaloosa
35477,01119,Sumter
35478,01125,Tuscaloosa
35480,01125,Tuscaloosa
35481,01107,Pickens
35482,01125,Tuscaloosa
35486,01125,Tuscaloosa
35487,01125,Tuscaloosa
35490,01125,Tuscaloosa
35491,01063,Greene
35501,01127,Walker
35502,01127,Walker
35503,01127,Walker
35504,01127,Walker
35540,01133,Winston
35541,01133,Winston
35542,01057,Fayette
35543,01093,Marion
35544,01075,Lamar
35545,01057,Fayette
35546,01125,Tuscaloosa
35548,01093,Marion
35549,01057,Fayette
35550,01127,Walker
35551,01133,Winston
35552,01093,Marion
35553,01133,Winston
35554,01057,Fayette
35555,01057,Fayette
35559,01057,Fayette
35560,01127,Walker
35563,01093,Marion
35564,01093,Marion
35565,01133,Winston
35570,01093,Marion
35571,01059,Franklin
35572,01133,Winston
35573,01127,Walker
35574,01075,Lamar
35575,01133,Winston
35576,01075,Lamar
35577,01133,Winston
35578,01127,Walker
35579,01127,Walker
35580,01127,Walker
35581,01059,Franklin
35582,01059,Franklin
35584,01127,Walker
35585,01059,Franklin
35586,01075,Lamar
35587,01127,Walker
35592,01075,Lamar
35593,01059,Franklin
35594,01057,Fayette
35601,01103,Morgan
35602,01103,Morgan
35603,01103,Morgan
35609,01103,Morgan
35610,01077,Lauderdale
35611,01083,Limestone
35612,01083,Limestone
35613,01083,Limestone
35614,01083,Limestone
35615,01083,Limestone
35616,01033,Colbert
35617,01077,Lauderdale
35618,01079,Lawrence
35619,01079,Lawrence
35620,01083,Limestone
35621,01103,Morgan
35622,01103,Morgan
35630,01077,Lauderdale
35631,01077,Lauderdale
35632,01077,Lauderdale
35633,01077,Lauderdale
35634,01077,Lauderdale
35640,01103,Morgan
35643,01079,Lawrence
35645,01077,Lauderdale
35646,01033,Colbert
35647,01083,Limestone
35648,01077,Lauderdale
35649,01083,Limestone
35650,01079,Lawrence
35651,01079,Lawrence
35652,01077,Lauderdale
35653,01059,Franklin
35654,01059,Franklin
35660,01033,Colbert
35661,01033,Colbert
35662,01033,Colbert
35670,01103,Morgan
35671,01083,Limestone
35672,01079,Lawrence
35673,01079,Lawrence
35674,01033,Colbert
35677,01077,Lauderdale
35699,01103,Morgan
35739,01083,Limestone
35740,01071,Jackson
35741,01089,Madison
35742,01083,Limestone
35744,01071,Jackson
35745,01071,Jackson
35746,01071,Jackson
35747,01095,Marshall
35748,01089,Madison
35749,01089,Madison
35750,01089,Madison
35751,01071,Jackson
35752,01071,Jackson
35754,01103,Morgan
35755,01095,Marshall
35756,01083,Limestone
35757,01089,Madison
35758,01089,Madison
35759,01089,Madison
35760,01089,Madison
35761,01089,Madison
35762,01089,Madison
35763,01089,Madison
35764,01071,Jackson
35765,01071,Jackson
35766,01071,Jackson
35767,01089,Madison
35768,01071,Jackson
35769,01071,Jackson
35771,01071,Jackson
35772,01071,Jackson
35773,01089,Madison
35774,01071,Jackson
35775,01103,Morgan
35776,01071,Jackson
35801,01089,Madison
35802,01089,Madison
35803,01089,Madison
35804,01089,Madison
35805,01089,Madison
35806,01089,Madison
35807,01089,Madison
35808,01089,Madison
35809,01089,Madison
35810,01089,Madison
35811,01089,Madison
35812,01089,Madison
35813,01089,Madison
35814,01089,Madison
35815,01089,Madison
35816,01089,Madison
35824,01089,Madison
35893,01089,Madison
35894,01089,Madison
35895,01089,Madison
35896,01089,Madison
35897,01089,Madison
35898,01089,Madison
35899,01089,Madison
35901,01055,Etowah
35902,01055,Etowah
35903,01055,Etowah
35904,01055,Etowah
35905,01055,Etowah
35906,01055,Etowah
35907,01055,Etowah
35950,01095,Marshall
35951,01095,Marshall
35952,01055,Etowah
35953,01115,St. Clair
35954,01055,Etowah
35956,01055,Etowah
35957,01095,Marshall
35958,01071,Jackson
35959,01019,Cherokee
35960,01019,Cherokee
35961,01049,DeKalb
35962,01049,DeKalb
35963,01049,DeKalb
35964,01095,Marshall
35966,01071,Jackson
35967,01049,DeKalb
35968,01049,DeKalb
35971,01049,DeKalb
35972,01055,Etowah
35973,01019,Cherokee
35974,01049,DeKalb
35975,01049,DeKalb
35976,01095,Marshall
35978,01049,DeKalb
35979,01049,DeKalb
35980,01095,Marshall
35981,01049,DeKalb
35983,01019,Cherokee
35984,01049,DeKalb
35986,01049,DeKalb
35987,01115,St. Clair
35988,01049,DeKalb
35989,01049,DeKalb
35990,01055,Etowah
36003,01001,Autauga
36005,01109,Pike
36006,01001,Autauga
36008,01001,Autauga
36009,01041,Crenshaw
36010,01109,Pike
36013,01101,Montgomery
36015,01013,Butler
36016,01005,Barbour
36017,01005,Barbour
36020,01051,Elmore
36022,01051,Elmore
36023,01123,Tallapoosa
36024,01051,Elmore
36025,01051,Elmore
36026,01037,Coosa
36027,01005,Barbour
36028,01039,Covington
36029,01011,Bullock
36030,01013,Butler
36031,01087,Macon
36032,01085,Lowndes
36033,01013,Butler
36034,01109,Pike
36035,01109,Pike
36036,01101,Montgomery
36037,01013,Butler
36038,01039,Covington
36039,01087,Macon
36040,01085,Lowndes
36041,01041,Crenshaw
36042,01041,Crenshaw
36043,01085,Lowndes
36045,01051,Elmore
36046,01041,Crenshaw
36047,01085,Lowndes
36048,01005,Barbour
36049,01041,Crenshaw
36051,01001,Autauga
36052,01101,Montgomery
36053,01005,Barbour
36054,01051,Elmore
36057,01101,Montgomery
36061,01011,Bullock
36062,01041,Crenshaw
36064,01101,Montgomery
36065,01101,Montgomery
36066,01001,Autauga
36067,01001,Autauga
36068,01001,Autauga
36069,01101,Montgomery
36071,01041,Crenshaw
36072,01005,Barbour
36075,01087,Macon
36078,01051,Elmore
36079,01109,Pike
36080,01051,Elmore
36081,01109,Pike
36082,01109,Pike
36083,01087,Macon
36087,01087,Macon
36088,01087,Macon
36089,01011,Bullock
36091,01021,Chilton
36092,01051,Elmore
36093,01051,Elmore
36101,01101,Montgomery
36102,01101,Montgomery
36103,01101,Montgomery
36104,01101,Montgomery
36105,01101,Montgomery
36106,01101,Montgomery
36107,01101,Montgomery
36108,01101,Montgomery
36109,01101,Montgomery
36110,01101,Montgomery
36111,01101,Montgomery
36112,01101,Montgomery
36113,01101,Montgomery
36114,01101,Montgomery
36115,01101,Montgomery
36116,01101,Montgomery
36117,01101,Montgomery
36118,01101,Montgomery
36119,01101,Montgomery
36120,01101,Montgomery
36121,01101,Montgomery
36123,01101,Montgomery
36124,01101,Montgomery
36125,01101,Montgomery
36130,01101,Montgomery
36131,01101,Montgomery
36132,01101,Montgomery
36135,01101,Montgomery
36140,01101,Montgomery
36141,01101,Montgomery
36142,01101,Montgomery
36177,01101,Montgomery
36191,01101,Montgomery
36201,01015,Calhoun
36202,01015,Calhoun
36203,01015,Calhoun
36204,01015,Calhoun
36205,01015,Calhoun
36206,01015,Calhoun
36207,01015,Calhoun
36250,01015,Calhoun
36251,01027,Clay
36253,01015,Calhoun
36254,01015,Calhoun
36255,01027,Clay
36256,01123,Tallapoosa
36257,01015,Calhoun
36258,01029,Cleburne
36260,01121,Talladega
36261,01029,Cleburne
36262,01029,Cleburne
36263,01111,Randolph
36264,01029,Cleburne
36265,01015,Calhoun
36266,01027,Clay
36267,01027,Clay
36268,01121,Talladega
36269,01029,Cleburne
36271,01015,Calhoun
36272,01019,Cherokee
36273,01029,Cleburne
36274,01111,Randolph
36275,01019,Cherokee
36276,01111,Randolph
36277,01015,Calhoun
36278,01111,Randolph
36279,01015,Calhoun
36280,01111,Randolph
36301,01069,Houston
36302,01069,Houston
36303,01069,Houston
36304,01069,Houston
36305,01069,Houston
36310,01067,Henry
36311,01045,Dale
36312,01069,Houston
36313,01061,Geneva
36314,01061,Geneva
36316,01061,Geneva
36317,01067,Henry
36318,01061,Geneva
36319,01067,Henry
36320,01069,Houston
36321,01069,Houston
36322,01045,Dale
36323,01031,Coffee
36330,01031,Coffee
36331,01031,Coffee
36340,01061,Geneva
36343,01069,Houston
36344,01061,Geneva
36345,01067,Henry
36346,01031,Coffee
36349,01061,Geneva
36350,01045,Dale
36351,01031,Coffee
36352,01069,Houston
36353,01067,Henry
36360,01045,Dale
36361,01045,Dale
36362,01045,Dale
36370,01069,Houston
36371,01045,Dale
36373,01067,Henry
36374,01045,Dale
36375,01061,Geneva
36376,01069,Houston
36401,01035,Conecuh
36420,01039,Covington
36421,01039,Covington
36425,01099,Monroe
36426,01053,Escambia
36427,01053,Escambia
36429,01035,Conecuh
36432,01035,Conecuh
36435,01131,Wilcox
36436,01025,Clarke
36439,01099,Monroe
36441,01053,Escambia
36442,01039,Covington
36444,01099,Monroe
36445,01099,Monroe
36446,01025,Clarke
36449,01099,Monroe
36451,01025,Clarke
36453,01031,Coffee
36454,01035,Conecuh
36455,01039,Covington
36456,01035,Conecuh
36457,01099,Monroe
36458,01099,Monroe
36460,01099,Monroe
36461,01099,Monroe
36467,01039,Covington
36470,01099,Monroe
36471,01099,Monroe
36473,01035,Conecuh
36474,01039,Covington
36475,01035,Conecuh
36476,01039,Covington
36477,01061,Geneva
36480,01099,Monroe
36481,01099,Monroe
36482,01025,Clarke
36483,01039,Covington
36502,01053,Escambia
36503,01053,Escambia
36504,01053,Escambia
36505,01097,Mobile
36507,01003,Baldwin
36509,01097,Mobile
36511,01003,Baldwin
36512,01097,Mobile
36513,01129,Washington
36518,01129,Washington
36521,01097,Mobile
36522,01097,Mobile
36523,01097,Mobile
36524,01025,Clarke
36525,01097,Mobile
36526,01003,Baldwin
36527,01003,Baldwin
36528,01097,Mobile
36529,01129,Washington
36530,01003,Baldwin
36532,01003,Baldwin
36533,01003,Baldwin
36535,01003,Baldwin
36536,01003,Baldwin
36538,01129,Washington
36539,01129,Washington
36540,01025,Clarke
36541,01097,Mobile
36542,01003,Baldwin
36543,01053,Escambia
36544,01097,Mobile
36545,01025,Clarke
36547,01003,Baldwin
36548,01129,Washington
36549,01003,Baldwin
36550,01003,Baldwin
36551,01003,Baldwin
36553,01129,Washington
36555,01003,Baldwin
36556,01129,Washington
36558,01129,Washington
36559,01003,Baldwin
36560,01097,Mobile
36561,01003,Baldwin
36562,01003,Baldwin
36564,01003,Baldwin
36567,01003,Baldwin
36568,01097,Mobile
36569,01129,Washington
36571,01097,Mobile
36572,01097,Mobile
36574,01003,Baldwin
36575,01097,Mobile
36576,01003,Baldwin
36577,01003,Baldwin
36578,01003,Baldwin
36579,01003,Baldwin
36580,01003,Baldwin
36581,01129,Washington
36582,01097,Mobile
36583,01129,Washington
36584,01129,Washington
36585,01129,Washington
36587,01097,Mobile
36590,01097,Mobile
36601,01097,Mobile
36602,01097,Mobile
36603,01097,Mobile
36604,01097,Mobile
36605,01097,Mobile
36606,01097,Mobile
36607,01097,Mobile
36608,01097,Mobile
36609,01097,Mobile
36610,01097,Mobile
36611,01097,Mobile
36612,01097,Mobile
36613,01097,Mobile
36615,01097,Mobile
36616,01097,Mobile
36617,01097,Mobile
36618,01097,Mobile
36619,01097,Mobile
36628,01097,Mobile
36633,01097,Mobile
36640,01097,Mobile
36641,01097,Mobile
36644,01097,Mobile
36652,01097,Mobile
36660,01097,Mobile
36663,01097,Mobile
36670,01097,Mobile
36671,01097,Mobile
36675,01097,Mobile
36685,01097,Mobile
36688,01097,Mobile
36689,01097,Mobile
36691,01097,Mobile
36693,01097,Mobile
36695,01097,Mobile
36701,01047,Dallas
36702,01047,Dallas
36703,01047,Dallas
36720,01131,Wilcox
36722,01131,Wilcox
36723,01131,Wilcox
36726,01131,Wilcox
36727,01025,Clarke
36728,01131,Wilcox
36732,01091,Marengo
36736,01091,Marengo
36738,01091,Marengo
36740,01063,Greene
36741,01131,Wilcox
36742,01091,Marengo
36744,01065,Hale
36745,01091,Marengo
36748,01091,Marengo
36749,01001,Autauga
36750,01021,Chilton
36751,01025,Clarke
36752,01085,Lowndes
36753,01131,Wilcox
36754,01091,Marengo
36756,01105,Perry
36758,01021,Chilton
36759,01047,Dallas
36761,01047,Dallas
36763,01091,Marengo
36764,01091,Marengo
36765,01105,Perry
36766,01131,Wilcox
36767,01047,Dallas
36768,01131,Wilcox
36769,01131,Wilcox
36773,01047,Dallas
36775,01047,Dallas
36776,01065,Hale
36782,01091,Marengo
36783,01091,Marengo
36784,01025,Clarke
36785,01085,Lowndes
36786,01105,Perry
36790,01021,Chilton
36792,01007,Bibb
36793,01007,Bibb
36801,01081,Lee
36802,01081,Lee
36803,01081,Lee
36804,01081,Lee
36830,01081,Lee
36831,01081,Lee
36832,01081,Lee
36849,01081,Lee
36850,01123,Tallapoosa
36851,01113,Russell
36852,01017,Chambers
36853,01123,Tallapoosa
36854,01017,Chambers
36855,01017,Chambers
36856,01113,Russell
36858,01113,Russell
36859,01113,Russell
36860,01113,Russell
36861,01123,Tallapoosa
36862,01017,Chambers
36863,01017,Chambers
36865,01081,Lee
36866,01087,Macon
36867,01113,Russell
36868,01113,Russell
36869,01113,Russell
36870,01081,Lee
36871,01113,Russell
36872,01081,Lee
36874,01081,Lee
36875,01113,Russell
36877,01081,Lee
36879,01017,Chambers
36901,01119,Sumter
36904,01023,Choctaw
36907,01119,Sumter
36908,01023,Choctaw
36910,01023,Choctaw
36912,01023,Choctaw
36913,01023,Choctaw
36915,01023,Choctaw
36916,01023,Choctaw
36919,01023,Choctaw
36921,01023,Choctaw
36922,01023,Choctaw
36925,01119,Sumter
37010,47147,Robertson
37011,47037,Davidson
37012,47041,DeKalb
37013,47037,Davidson
37014,47187,Williamson
37015,47021,Cheatham
37016,47189,Wilson
37018,47031,Coffee
37019,47117,Marshall
37020,47003,Bedford
37022,47165,Sumner
37023,47161,Stewart
37024,47187,Williamson
37025,47081,Hickman
37026,47015,Cannon
37027,47187,Williamson
37028,47161,Stewart
37029,47043,Dickson
37030,47159,Smith
37031,47165,Sumner
37032,47147,Robertson
37033,47081,Hickman
37034,47117,Marshall
37035,47021,Cheatham
37036,47043,Dickson
37037,47149,Rutherford
37040,47125,Montgomery
37041,47125,Montgomery
37042,47125,Montgomery
37043,47125,Montgomery
37044,47125,Montgomery
37046,47187,Williamson
37047,47117,Marshall
37048,47165,Sumner
37049,47147,Robertson
37050,47161,Stewart
37051,47043,Dickson
37052,47125,Montgomery
37055,47043,Dickson
37056,47043,Dickson
37057,47169,Trousdale
37058,47161,Stewart
37059,47041,DeKalb
37060,47149,Rutherford
37061,47083,Houston
37062,47187,Williamson
37063,47149,Rutherford
37064,47187,Williamson
37065,47187,Williamson
37066,47165,Sumner
37067,47187,Williamson
37068,47187,Williamson
37069,47187,Williamson
37070,47037,Davidson
37071,47189,Wilson
37072,47037,Davidson
37073,47147,Robertson
37074,47169,Trousdale
37075,47165,Sumner
37076,47037,Davidson
37077,47165,Sumner
37078,47085,Humphreys
37079,47161,Stewart
37080,47037,Davidson
37082,47021,Cheatham
37083,47111,Macon
37085,47149,Rutherford
37086,47149,Rutherford
37087,47189,Wilson
37088,47189,Wilson
37089,47149,Rutherford
37090,47189,Wilson
37091,47117,Marshall
37095,47041,DeKalb
37096,47135,Perry
37097,47135,Perry
37098,47081,Hickman
37101,47085,Humphreys
37110,47177,Warren
37111,47177,Warren
37115,47037,Davidson
37116,47037,Davidson
37118,47149,Rutherford
37119,47165,Sumner
37121,47189,Wilson
37122,47189,Wilson
37127,47149,Rutherford
37128,47149,Rutherford
37129,47149,Rutherford
37130,47149,Rutherford
37131,47149,Rutherford
37132,47149,Rutherford
37133,47149,Rutherford
37134,47085,Humphreys
37135,47187,Williamson
37136,47189,Wilson
37137,47081,Hickman
37138,47037,Davidson
37140,47081,Hickman
37141,47147,Robertson
37142,47125,Montgomery
37143,47021,Cheatham
37144,47103,Lincoln
37145,47159,Smith
37146,47147,Robertson
37148,47165,Sumner
37149,47149,Rutherford
37150,47111,Macon
37151,47159,Smith
37152,47147,Robertson
37153,47149,Rutherford
37160,47003,Bedford
37161,47003,Bedford
37162,47003,Bedford
37165,47043,Dickson
37166,47041,DeKalb
37167,47149,Rutherford
37171,47125,Montgomery
37172,47147,Robertson
37174,47119,Maury
37175,47083,Houston
37178,47083,Houston
37179,47187,Williamson
37180,47003,Bedford
37181,47043,Dickson
37183,47003,Bedford
37184,47189,Wilson
37185,47085,Humphreys
37186,47165,Sumner
37187,47043,Dickson
37188,47147,Robertson
37189,47037,Davidson
37190,47015,Cannon
37191,47125,Montgomery
37201,47037,Davidson
37202,47037,Davidson
37203,47037,Davidson
37204,47037,Davidson
37205,47037,Davidson
37206,47037,Davidson
37207,47037,Davidson
37208,47037,Davidson
37209,47037,Davidson
37210,47037,Davidson
37211,47037,Davidson
37212,47037,Davidson
37213,47037,Davidson
37214,47037,Davidson
37215,47037,Davidson
37216,47037,Davidson
37217,47037,Davidson
37218,47037,Davidson
37219,47037,Davidson
37220,47037,Davidson
37221,47037,Davidson
37222,47037,Davidson
37224,47037,Davidson
37227,47037,Davidson
37228,47037,Davidson
37229,47037,Davidson
37230,47037,Davidson
37232,47037,Davidson
37234,47037,Davidson
37235,47037,Davidson
37236,47037,Davidson
37238,47037,Davidson
37240,47037,Davidson
37241,47037,Davidson
37242,47037,Davidson
37243,47037,Davidson
37244,47037,Davidson
37246,47037,Davidson
37250,47037,Davidson
37301,47061,Grundy
37302,47065,Hamilton
37303,47107,McMinn
37304,47065,Hamilton
37305,47061,Grundy
37306,47051,Franklin
37307,47139,Polk
37308,47065,Hamilton
37309,47107,McMinn
37310,47011,Bradley
37311,47011,Bradley
37312,47011,Bradley
37313,47061,Grundy
37314,47123,Monroe
37315,47065,Hamilton
37316,47139,Polk
37317,47139,Polk
37318,47051,Franklin
37320,47011,Bradley
37321,47143,Rhea
37322,47121,Meigs
37323,47011,Bradley
37324,47051,Franklin
37325,47139,Polk
37326,47139,Polk
37327,47153,Sequatchie
37328,47103,Lincoln
37329,47107,McMinn
37330,47051,Franklin
37331,47107,McMinn
37332,47143,Rhea
37333,47139,Polk
37334,47103,Lincoln
37335,47103,Lincoln
37336,47065,Hamilton
37337,47143,Rhea
37338,47007,Bledsoe
37339,47061,Grundy
37340,47115,Marion
37341,47065,Hamilton
37342,47031,Coffee
37343,47065,Hamilton
37345,47051,Franklin
37347,47115,Marion
37348,47103,Lincoln
37349,47031,Coffee
37350,47065,Hamilton
37351,47065,Hamilton
37352,47127,Moore
37353,47011,Bradley
37354,47123,Monroe
37355,47031,Coffee
37356,47115,Marion
37357,47177,Warren
37359,47103,Lincoln
37360,47003,Bedford
37361,47139,Polk
37362,47139,Polk
37363,47065,Hamilton
37364,47011,Bradley
37365,47061,Grundy
37366,47061,Grundy
37367,47007,Bledsoe
37369,47139,Polk
37370,47107,McMinn
37371,47107,McMinn
37373,47065,Hamilton
37374,47115,Marion
37375,47051,Franklin
37376,47051,Franklin
37377,47065,Hamilton
37378,47177,Warren
37379,47065,Hamilton
37380,47115,Marion
37381,47143,Rhea
37382,47031,Coffee
37383,47051,Franklin
37384,47065,Hamilton
37385,47123,Monroe
37387,47061,Grundy
37388,47031,Coffee
37389,47031,Coffee
37391,47139,Polk
37394,47177,Warren
37396,47115,Marion
37397,47115,Marion
37398,47051,Franklin
37401,47065,Hamilton
37402,47065,Hamilton
37403,47065,Hamilton
37404,47065,Hamilton
37405,47115,Marion
37406,47065,Hamilton
37407,47065,Hamilton
37408,47065,Hamilton
37409,47065,Hamilton
37410,47065,Hamilton
37411,47065,Hamilton
37412,47065,Hamilton
37414,47065,Hamilton
37415,47065,Hamilton
37416,47065,Hamilton
37419,47115,Marion
37421,47065,Hamilton
37422,47065,Hamilton
37424,47065,Hamilton
37450,47065,Hamilton
37501,47157,Shelby
37544,47157,Shelby
37601,47179,Washington
37602,47179,Washington
37604,47179,Washington
37605,47179,Washington
37614,47179,Washington
37615,47179,Washington
37616,47059,Greene
37617,47163,Sullivan
37618,47163,Sullivan
37620,47163,Sullivan
37621,47163,Sullivan
37625,47163,Sullivan
37640,47091,Johnson
37641,47059,Greene
37642,47073,Hawkins
37643,47019,Carter
37644,47019,Carter
37645,47073,Hawkins
37650,47171,Unicoi
37656,47179,Washington
37657,47171,Unicoi
37658,47019,Carter
37659,47179,Washington
37660,47163,Sullivan
37662,47163,Sullivan
37663,47163,Sullivan
37664,47163,Sullivan
37665,47163,Sullivan
37669,47163,Sullivan
37680,47091,Johnson
37681,47179,Washington
37682,47019,Carter
37683,47091,Johnson
37684,47179,Washington
37686,47163,Sullivan
37687,47019,Carter
37688,47091,Johnson
37690,47179,Washington
37691,47091,Johnson
37692,47171,Unicoi
37694,47019,Carter
37699,47163,Sullivan
37701,47009,Blount
37705,47001,Anderson
37707,47025,Claiborne
37708,47057,Grainger
37709,47057,Grainger
37710,47001,Anderson
37711,47073,Hawkins
37713,47029,Cocke
37714,47013,Campbell
37715,47025,Claiborne
37716,47001,Anderson
37717,47001,Anderson
37719,47129,Morgan
37721,47093,Knox
37722,47029,Cocke
37723,47035,Cumberland
37724,47025,Claiborne
37725,47089,Jefferson
37726,47129,Morgan
37727,47029,Cocke
37729,47013,Campbell
37730,47025,Claiborne
37731,47073,Hawkins
37732,47151,Scott
37733,47129,Morgan
37737,47009,Blount
37738,47155,Sevier
37742,47105,Loudon
37743,47059,Greene
37744,47059,Greene
37745,47059,Greene
37748,47145,Roane
37752,47025,Claiborne
37753,47029,Cocke
37754,47001,Anderson
37755,47151,Scott
37756,47151,Scott
37757,47013,Campbell
37760,47089,Jefferson
37762,47013,Campbell
37763,47145,Roane
37764,47155,Sevier
37765,47067,Hancock
37766,47013,Campbell
37769,47001,Anderson
37770,47129,Morgan
37771,47105,Loudon
37772,47105,Loudon
37773,47025,Claiborne
37774,47105,Loudon
37777,47009,Blount
37778,47063,Hamblen
37779,47173,Union
37801,47009,Blount
37802,47009,Blount
37803,47009,Blount
37804,47009,Blount
37806,47093,Knox
37807,47173,Union
37809,47059,Greene
37810,47059,Greene
37811,47073,Hawkins
37813,47063,Hamblen
37814,47063,Hamblen
37815,47063,Hamblen
37816,47063,Hamblen
37818,47059,Greene
37819,47013,Campbell
37820,47089,Jefferson
37821,47029,Cocke
37822,47029,Cocke
37824,47025,Claiborne
37825,47025,Claiborne
37826,47107,McMinn
37828,47001,Anderson
37829,47129,Morgan
37830,47001,Anderson
37831,47001,Anderson
37840,47129,Morgan
37841,47151,Scott
37843,47029,Cocke
37845,47129,Morgan
37846,47105,Loudon
37847,47013,Campbell
37848,47057,Grainger
37849,47093,Knox
37851,47025,Claiborne
37852,47151,Scott
37853,47009,Blount
37854,47145,Roane
37857,47073,Hawkins
37860,47063,Hamblen
37861,47057,Grainger
37862,47155,Sevier
37863,47155,Sevier
37864,47155,Sevier
37865,47155,Sevier
37866,47173,Union
37867,47025,Claiborne
37868,47155,Sevier
37869,47067,Hancock
37870,47025,Claiborne
37871,47093,Knox
37872,47129,Morgan
37873,47073,Hawkins
37874,47123,Monroe
37876,47155,Sevier
37877,47089,Jefferson
37878,47009,Blount
37879,47025,Claiborne
37880,47121,Meigs
37881,47057,Grainger
37882,47009,Blount
37885,47123,Monroe
37886,47009,Blount
37887,47129,Morgan
37888,47057,Grainger
37890,47089,Jefferson
37891,47063,Hamblen
37892,47151,Scott
37901,47093,Knox
37902,47093,Knox
37909,47093,Knox
37912,47093,Knox
37914,47093,Knox
37915,47093,Knox
37916,47093,Knox
37917,47093,Knox
37918,47093,Knox
37919,47093,Knox
37920,47093,Knox
37921,47093,Knox
37922,47093,Knox
37923,47093,Knox
37924,47093,Knox
37927,47093,Knox
37928,47093,Knox
37929,47093,Knox
37930,47093,Knox
37931,47093,Knox
37932,47093,Knox
37933,47093,Knox
37934,47093,Knox
37938,47093,Knox
37939,47093,Knox
37940,47093,Knox
37950,47093,Knox
37995,47093,Knox
37996,47093,Knox
37997,47093,Knox
37998,47093,Knox
38001,47033,Crockett
38002,47157,Shelby
38004,47167,Tipton
38006,47075,Haywood
38007,47045,Dyer
38008,47069,Hardeman
38010,47047,Fayette
38011,47167,Tipton
38012,47075,Haywood
38014,47157,Shelby
38015,47167,Tipton
38016,47157,Shelby
38017,47157,Shelby
38018,47157,Shelby
38019,47167,Tipton
38021,47033,Crockett
38023,47167,Tipton
38024,47045,Dyer
38025,47045,Dyer
38027,47157,Shelby
38028,47047,Fayette
38029,47157,Shelby
38030,47045,Dyer
38034,47033,Crockett
38036,47047,Fayette
38037,47075,Haywood
38039,47069,Hardeman
38040,47097,Lauderdale
38041,47097,Lauderdale
38042,47069,Hardeman
38044,47069,Hardeman
38045,47047,Fayette
38046,47047,Fayette
38047,47045,Dyer
38048,47047,Fayette
38049,47047,Fayette
38050,47033,Crockett
38052,47069,Hardeman
38053,47157,Shelby
38054,47157,Shelby
38055,47157,Shelby
38057,47047,Fayette
38058,47167,Tipton
38059,47045,Dyer
38060,47047,Fayette
38061,47109,McNairy
38063,47097,Lauderdale
38066,47047,Fayette
38067,47069,Hardeman
38068,47047,Fayette
38069,47075,Haywood
38070,47045,Dyer
38071,47167,Tipton
38075,47069,Hardeman
38076,47047,Fayette
38077,47095,Lake
38079,47095,Lake
38080,47095,Lake
38083,47157,Shelby
38088,47157,Shelby
38101,47157,Shelby
38103,47157,Shelby
38104,47157,Shelby
38105,47157,Shelby
38106,47157,Shelby
38107,47157,Shelby
38108,47157,Shelby
38109,47157,Shelby
38111,47157,Shelby
38112,47157,Shelby
38113,47157,Shelby
38114,47157,Shelby
38115,47157,Shelby
38116,47157,Shelby
38117,47157,Shelby
38118,47157,Shelby
38119,47157,Shelby
38120,47157,Shelby
38122,47157,Shelby
38124,47157,Shelby
38125,47157,Shelby
38126,47157,Shelby
38127,47157,Shelby
38128,47157,Shelby
38130,47157,Shelby
38131,47157,Shelby
38132,47157,Shelby
38133,47157,Shelby
38134,47157,Shelby
38135,47157,Shelby
38136,47157,Shelby
38137,47157,Shelby
38138,47157,Shelby
38139,47157,Shelby
38141,47157,Shelby
38145,47157,Shelby
38148,47157,Shelby
38150,47157,Shelby
38151,47157,Shelby
38152,47157,Shelby
38157,47157,Shelby
38159,47157,Shelby
38161,47157,Shelby
38163,47157,Shelby
38166,47157,Shelby
38167,47157,Shelby
38168,47157,Shelby
38173,47157,Shelby
38174,47157,Shelby
38175,47157,Shelby
38177,47157,Shelby
38181,47157,Shelby
38182,47157,Shelby
38183,47157,Shelby
38184,47157,Shelby
38186,47157,Shelby
38187,47157,Shelby
38188,47157,Shelby
38190,47157,Shelby
38193,47157,Shelby
38194,47157,Shelby
38197,47157,Shelby
38201,47017,Carroll
38220,47017,Carroll
38221,47005,Benton
38222,47079,Henry
38223,47079,Henry
38224,47079,Henry
38225,47183,Weakley
38226,47183,Weakley
38229,47183,Weakley
38230,47183,Weakley
38231,47079,Henry
38232,47131,Obion
38233,47053,Gibson
38235,47017,Carroll
38236,47079,Henry
38237,47183,Weakley
38238,47183,Weakley
38240,47131,Obion
38241,47183,Weakley
38242,47079,Henry
38251,47079,Henry
38253,47131,Obion
38254,47131,Obion
38255,47183,Weakley
38256,47079,Henry
38257,47131,Obion
38258,47017,Carroll
38259,47131,Obion
38260,47131,Obion
38261,47131,Obion
38271,47131,Obion
38281,47131,Obion
38301,47113,Madison
38302,47113,Madison
38303,47113,Madison
38305,47113,Madison
38308,47113,Madison
38310,47109,McNairy
38311,47039,Decatur
38313,47113,Madison
38314,47113,Madison
38315,47109,McNairy
38316,47053,Gibson
38317,47017,Carroll
38318,47017,Carroll
38320,47005,Benton
38321,47017,Carroll
38324,47017,Carroll
38326,47071,Hardin
38327,47071,Hardin
38328,47077,Henderson
38329,47039,Decatur
38330,47053,Gibson
38331,47053,Gibson
38332,47023,Chester
38333,47005,Benton
38334,47109,McNairy
38336,47033,Crockett
38337,47033,Crockett
38338,47053,Gibson
38339,47109,McNairy
38340,47023,Chester
38341,47005,Benton
38342,47017,Carroll
38343,47053,Gibson
38344,47017,Carroll
38345,47077,Henderson
38346,47053,Gibson
38347,47023,Chester
38348,47017,Carroll
38351,47077,Henderson
38352,47023,Chester
38355,47113,Madison
38356,47113,Madison
38357,47109,McNairy
38358,47053,Gibson
38359,47071,Hardin
38361,47071,Hardin
38362,47113,Madison
38363,47039,Decatur
38365,47071,Hardin
38366,47113,Madison
38367,47109,McNairy
38368,47077,Henderson
38369,47053,Gibson
38370,47071,Hardin
38371,47077,Henderson
38372,47071,Hardin
38374,47039,Decatur
38375,47109,McNairy
38376,47071,Hardin
38377,47069,Hardeman
38378,47113,Madison
38379,47109,McNairy
38380,47039,Decatur
38381,47069,Hardeman
38382,47053,Gibson
38387,47017,Carroll
38388,47077,Henderson
38389,47053,Gibson
38390,47017,Carroll
38391,47113,Madison
38392,47113,Madison
38393,47109,McNairy
38401,47119,Maury
38402,47119,Maury
38425,47181,Wayne
38449,47103,Lincoln
38450,47181,Wayne
38451,47119,Maury
38452,47181,Wayne
38453,47103,Lincoln
38454,47081,Hickman
38455,47055,Giles
38456,47099,Lawrence
38457,47099,Lawrence
38459,47103,Lincoln
38460,47055,Giles
38461,47101,Lewis
38462,47101,Lewis
38463,47181,Wayne
38464,47099,Lawrence
38468,47099,Lawrence
38469,47099,Lawrence
38471,47181,Wayne
38472,47055,Giles
38473,47055,Giles
38474,47119,Maury
38475,47071,Hardin
38476,47187,Williamson
38477,47055,Giles
38478,47055,Giles
38481,47099,Lawrence
38482,47119,Maury
38483,47099,Lawrence
38485,47181,Wayne
38486,47099,Lawrence
38487,47119,Maury
38488,47103,Lincoln
38501,47141,Putnam
38502,47141,Putnam
38503,47141,Putnam
38504,47049,Fentress
38505,47141,Putnam
38506,47141,Putnam
38541,47133,Overton
38542,47133,Overton
38543,47133,Overton
38544,47141,Putnam
38545,47087,Jackson
38547,47159,Smith
38548,47141,Putnam
38549,47137,Pickett
38550,47177,Warren
38551,47027,Clay
38552,47159,Smith
38553,47049,Fentress
38554,47133,Overton
38555,47035,Cumberland
38556,47049,Fentress
38557,47035,Cumberland
38558,47035,Cumberland
38559,47175,Van Buren
38560,47159,Smith
38562,47087,Jackson
38563,47159,Smith
38564,47087,Jackson
38565,47049,Fentress
38567,47159,Smith
38568,47133,Overton
38569,47159,Smith
38570,47133,Overton
38571,47035,Cumberland
38572,47035,Cumberland
38573,47133,Overton
38574,47141,Putnam
38575,47027,Clay
38577,47137,Pickett
38578,47035,Cumberland
38579,47185,White
38580,47133,Overton
38581,47177,Warren
38582,47141,Putnam
38583,47185,White
38585,47175,Van Buren
38587,47185,White
38588,47087,Jackson
38589,47049,Fentress
38601,28071,Lafayette
38602,28137,Tate
38603,28009,Benton
38606,28107,Panola
38609,28119,Quitman
38610,28139,Tippah
38611,28093,Marshall
38614,28027,Coahoma
38617,28027,Coahoma
38618,28137,Tate
38619,28107,Panola
38620,28107,Panola
38621,28107,Panola
38622,28107,Panola
38623,28119,Quitman
38625,28139,Tippah
38626,28143,Tunica
38627,28071,Lafayette
38628,28119,Quitman
38629,28139,Tippah
38630,28027,Coahoma
38631,28027,Coahoma
38632,28033,DeSoto
38633,28009,Benton
38634,28093,Marshall
38635,28093,Marshall
38637,28033,DeSoto
38638,28137,Tate
38639,28027,Coahoma
38641,28033,DeSoto
38642,28009,Benton
38643,28119,Quitman
38644,28027,Coahoma
38645,28027,Coahoma
38646,28119,Quitman
38647,28009,Benton
38649,28093,Marshall
38650,28145,Union
38651,28033,DeSoto
38652,28145,Union
38654,28033,DeSoto
38655,28071,Lafayette
38658,28107,Panola
38659,28093,Marshall
38661,28093,Marshall
38663,28139,Tippah
38664,28143,Tunica
38665,28137,Tate
38666,28107,Panola
38668,28137,Tate
38669,28027,Coahoma
38670,28119,Quitman
38671,28033,DeSoto
38672,28033,DeSoto
38673,28071,Lafayette
38674,28139,Tippah
38675,28071,Lafayette
38676,28143,Tunica
38677,28071,Lafayette
38679,28093,Marshall
38680,28033,DeSoto
38683,28139,Tippah
38685,28093,Marshall
38686,28033,DeSoto
38701,28151,Washington
38702,28151,Washington
38703,28151,Washington
38704,28151,Washington
38720,28027,Coahoma
38721,28125,Sharkey
38722,28151,Washington
38723,28151,Washington
38725,28011,Bolivar
38726,28011,Bolivar
38730,28011,Bolivar
38731,28151,Washington
38732,28011,Bolivar
38733,28011,Bolivar
38736,28133,Sunflower
38737,28133,Sunflower
38738,28133,Sunflower
38739,28027,Coahoma
38740,28011,Bolivar
38744,28151,Washington
38745,28055,Issaquena
38746,28011,Bolivar
38748,28151,Washington
38749,28133,Sunflower
38751,28133,Sunflower
38753,28133,Sunflower
38754,28053,Humphreys
38756,28151,Washington
38759,28011,Bolivar
38760,28151,Washington
38761,28133,Sunflower
38762,28011,Bolivar
38764,28011,Bolivar
38765,28125,Sharkey
38767,28027,Coahoma
38768,28133,Sunflower
38769,28011,Bolivar
38771,28133,Sunflower
38772,28011,Bolivar
38773,28011,Bolivar
38774,28011,Bolivar
38776,28151,Washington
38778,28133,Sunflower
38780,28151,Washington
38781,28011,Bolivar
38782,28151,Washington
38801,28081,Lee
38802,28081,Lee
38803,28081,Lee
38804,28081,Lee
38820,28115,Pontotoc
38821,28095,Monroe
38824,28117,Prentiss
38825,28095,Monroe
38826,28115,Pontotoc
38827,28141,Tishomingo
38828,28145,Union
38829,28117,Prentiss
38833,28141,Tishomingo
38834,28003,Alcorn
38835,28003,Alcorn
38838,28141,Tishomingo
38839,28013,Calhoun
38841,28115,Pontotoc
38843,28057,Itawamba
38844,28095,Monroe
38846,28003,Alcorn
38847,28057,Itawamba
38848,28095,Monroe
38849,28081,Lee
38850,28017,Chickasaw
38851,28017,Chickasaw
38852,28141,Tishomingo
38855,28057,Itawamba
38856,28057,Itawamba
38857,28081,Lee
38858,28057,Itawamba
38859,28117,Prentiss
38860,28017,Chickasaw
38862,28081,Lee
38863,28115,Pontotoc
38864,28115,Pontotoc
38865,28003,Alcorn
38866,28081,Lee
38868,28081,Lee
38869,28115,Pontotoc
38870,28095,Monroe
38871,28115,Pontotoc
38873,28141,Tishomingo
38874,28071,Lafayette
38875,28017,Chickasaw
38876,28057,Itawamba
38877,28017,Chickasaw
38878,28013,Calhoun
38879,28081,Lee
38880,28117,Prentiss
38901,28043,Grenada
38902,28043,Grenada
38913,28013,Calhoun
38914,28013,Calhoun
38915,28013,Calhoun
38916,28013,Calhoun
38917,28015,Carroll
38920,28135,Tallahatchie
38921,28135,Tallahatchie
38922,28161,Yalobusha
38923,28015,Carroll
38924,28051,Holmes
38925,28097,Montgomery
38926,28043,Grenada
38927,28135,Tallahatchie
38928,28135,Tallahatchie
38929,28043,Grenada
38930,28083,Leflore
38935,28083,Leflore
38940,28043,Grenada
38941,28083,Leflore
38943,28015,Carroll
38944,28083,Leflore
38945,28083,Leflore
38946,28083,Leflore
38947,28015,Carroll
38948,28161,Yalobusha
38949,28071,Lafayette
38950,28135,Tallahatchie
38951,28013,Calhoun
38952,28083,Leflore
38953,28135,Tallahatchie
38954,28083,Leflore
38955,28013,Calhoun
38957,28135,Tallahatchie
38958,28135,Tallahatchie
38959,28083,Leflore
38960,28043,Grenada
38961,28161,Yalobusha
38962,28135,Tallahatchie
38963,28135,Tallahatchie
38964,28119,Quitman
38965,28161,Yalobusha
38966,28135,Tallahatchie
38967,28097,Montgomery
39038,28053,Humphreys
39039,28163,Yazoo
39040,28163,Yazoo
39041,28049,Hinds
39042,28121,Rankin
39043,28121,Rankin
39044,28127,Simpson
39045,28089,Madison
39046,28089,Madison
39047,28121,Rankin
39051,28079,Leake
39054,28125,Sharkey
39056,28049,Hinds
39057,28101,Newton
39058,28049,Hinds
39059,28029,Copiah
39060,28049,Hinds
39061,28125,Sharkey
39062,28127,Simpson
39063,28051,Holmes
39066,28049,Hinds
39067,28007,Attala
39069,28063,Jefferson
39071,28089,Madison
39073,28121,Rankin
39074,28123,Scott
39077,28029,Copiah
39078,28029,Copiah
39079,28007,Attala
39080,28123,Scott
39081,28063,Jefferson
39082,28127,Simpson
39083,28029,Copiah
39086,28021,Claiborne
39087,28123,Scott
39088,28125,Sharkey
39090,28007,Attala
39092,28123,Scott
39094,28079,Leake
39095,28051,Holmes
39096,28063,Jefferson
39097,28053,Humphreys
39098,28123,Scott
39107,28007,Attala
39108,28007,Attala
39109,28079,Leake
39110,28089,Madison
39111,28127,Simpson
39113,28055,Issaquena
39114,28127,Simpson
39115,28053,Humphreys
39116,28129,Smith
39117,28123,Scott
39119,28031,Covington
39120,28001,Adams
39121,28001,Adams
39122,28001,Adams
39130,28089,Madison
39140,28065,Jefferson Davis
39144,28021,Claiborne
39145,28121,Rankin
39146,28089,Madison
39148,28121,Rankin
39149,28127,Simpson
39150,28021,Claiborne
39151,28121,Rankin
39152,28129,Smith
39153,28129,Smith
39154,28049,Hinds
39156,28149,Warren
39157,28089,Madison
39158,28089,Madison
39159,28125,Sharkey
39160,28007,Attala
39161,28121,Rankin
39162,28163,Yazoo
39163,28089,Madison
39165,28001,Adams
39166,28053,Humphreys
39167,28121,Rankin
39168,28129,Smith
39169,28051,Holmes
39170,28049,Hinds
39171,28079,Leake
39173,28163,Yazoo
39174,28089,Madison
39175,28049,Hinds
39176,28015,Carroll
39177,28055,Issaquena
39179,28163,Yazoo
39180,28149,Warren
39181,28149,Warren
39182,28149,Warren
39183,28149,Warren
39189,28079,Leake
39190,28001,Adams
39191,28029,Copiah
39192,28007,Attala
39193,28121,Rankin
39194,28163,Yazoo
39201,28049,Hinds
39202,28049,Hinds
39203,28049,Hinds
39204,28049,Hinds
39205,28049,Hinds
39206,28049,Hinds
39207,28049,Hinds
39208,28121,Rankin
39209,28049,Hinds
39210,28049,Hinds
39211,28049,Hinds
39212,28049,Hinds
39213,28049,Hinds
39215,28049,Hinds
39216,28049,Hinds
39217,28049,Hinds
39218,28121,Rankin
39225,28049,Hinds
39232,28121,Rankin
39236,28049,Hinds
39250,28049,Hinds
39269,28049,Hinds
39271,28049,Hinds
39272,28049,Hinds
39282,28049,Hinds
39283,28049,Hinds
39284,28049,Hinds
39286,28049,Hinds
39288,28121,Rankin
39289,28049,Hinds
39296,28049,Hinds
39298,28121,Rankin
39301,28075,Lauderdale
39302,28075,Lauderdale
39303,28075,Lauderdale
39304,28075,Lauderdale
39305,28075,Lauderdale
39307,28075,Lauderdale
39309,28075,Lauderdale
39320,28075,Lauderdale
39322,28153,Wayne
39323,28101,Newton
39324,28153,Wayne
39325,28075,Lauderdale
39326,28069,Kemper
39327,28101,Newton
39328,28069,Kemper
39330,28023,Clarke
39332,28101,Newton
39335,28075,Lauderdale
39336,28101,Newton
39337,28101,Newton
39338,28061,Jasper
39339,28159,Winston
39341,28103,Noxubee
39342,28075,Lauderdale
39345,28101,Newton
39346,28159,Winston
39347,28061,Jasper
39348,28061,Jasper
39350,28099,Neshoba
39352,28069,Kemper
39354,28069,Kemper
39355,28023,Clarke
39356,28061,Jasper
39358,28069,Kemper
39359,28123,Scott
39360,28023,Clarke
39361,28103,Noxubee
39362,28041,Greene
39363,28023,Clarke
39364,28075,Lauderdale
39365,28099,Neshoba
39366,28023,Clarke
39367,28153,Wayne
39401,28035,Forrest
39402,28073,Lamar
39403,28035,Forrest
39404,28035,Forrest
39406,28035,Forrest
39407,28035,Forrest
39421,28065,Jefferson Davis
39422,28061,Jasper
39423,28111,Perry
39425,28111,Perry
39426,28109,Pearl River
39427,28065,Jefferson Davis
39428,28031,Covington
39429,28091,Marion
39436,28067,Jones
39437,28067,Jones
39439,28061,Jasper
39440,28067,Jones
39441,28067,Jones
39442,28067,Jones
39443,28067,Jones
39451,28041,Greene
39452,28039,George
39455,28073,Lamar
39456,28041,Greene
39457,28109,Pearl River
39459,28067,Jones
39460,28061,Jasper
39461,28041,Greene
39462,28111,Perry
39463,28109,Pearl River
39464,28067,Jones
39465,28035,Forrest
39466,28109,Pearl River
39470,28109,Pearl River
39474,28065,Jefferson Davis
39475,28073,Lamar
39476,28111,Perry
39477,28067,Jones
39478,28091,Marion
39479,28031,Covington
39480,28067,Jones
39481,28061,Jasper
39482,28073,Lamar
39483,28091,Marion
39501,28047,Harrison
39502,28047,Harrison
39503,28047,Harrison
39505,28047,Harrison
39506,28047,Harrison
39507,28047,Harrison
39520,28045,Hancock
39521,28045,Hancock
39522,28045,Hancock
39525,28045,Hancock
39529,28045,Hancock
39530,28047,Harrison
39531,28047,Harrison
39532,28047,Harrison
39533,28047,Harrison
39534,28047,Harrison
39535,28047,Harrison
39540,28047,Harrison
39552,28059,Jackson
39553,28059,Jackson
39555,28059,Jackson
39556,28045,Hancock
39558,28045,Hancock
39560,28047,Harrison
39561,28131,Stone
39562,28059,Jackson
39563,28059,Jackson
39564,28059,Jackson
39565,28059,Jackson
39566,28059,Jackson
39567,28059,Jackson
39568,28059,Jackson
39569,28059,Jackson
39571,28047,Harrison
39572,28045,Hancock
39573,28131,Stone
39574,28047,Harrison
39576,28045,Hancock
39577,28131,Stone
39581,28059,Jackson
39595,28059,Jackson
39601,28085,Lincoln
39602,28085,Lincoln
39603,28085,Lincoln
39629,28085,Lincoln
39630,28037,Franklin
39631,28157,Wilkinson
39632,28113,Pike
39633,28157,Wilkinson
39635,28113,Pike
39638,28005,Amite
39641,28077,Lawrence
39643,28091,Marion
39645,28005,Amite
39647,28037,Franklin
39648,28113,Pike
39649,28113,Pike
39652,28113,Pike
39653,28037,Franklin
39654,28077,Lawrence
39656,28065,Jefferson Davis
39657,28113,Pike
39661,28037,Franklin
39662,28085,Lincoln
39663,28077,Lawrence
39664,28005,Amite
39665,28077,Lawrence
39666,28113,Pike
39667,28147,Walthall
39668,28063,Jefferson
39669,28157,Wilkinson
39701,28087,Lowndes
39702,28087,Lowndes
39703,28087,Lowndes
39704,28087,Lowndes
39705,28087,Lowndes
39710,28087,Lowndes
39730,28095,Monroe
39735,28019,Choctaw
39736,28087,Lowndes
39737,28155,Webster
39739,28103,Noxubee
39740,28087,Lowndes
39741,28025,Clay
39743,28087,Lowndes
39744,28155,Webster
39745,28007,Attala
39746,28095,Monroe
39747,28097,Montgomery
39750,28155,Webster
39751,28155,Webster
39752,28019,Choctaw
39753,28087,Lowndes
39754,28025,Clay
39755,28025,Clay
39756,28025,Clay
39759,28105,Oktibbeha
39760,28105,Oktibbeha
39762,28105,Oktibbeha
39766,28087,Lowndes
39767,28155,Webster
39769,28105,Oktibbeha
39771,28155,Webster
39772,28019,Choctaw
39773,28025,Clay
39776,28017,Chickasaw
39813,13037,Calhoun
39815,13087,Decatur
39817,13087,Decatur
39818,13087,Decatur
39819,13087,Decatur
39823,13099,Early
39824,13061,Clay
39825,13087,Decatur
39826,13273,Terrell
39827,13131,Grady
39828,13131,Grady
39829,13131,Grady
39832,13099,Early
39834,13087,Decatur
39836,13243,Randolph
39837,13201,Miller
39840,13243,Randolph
39841,13099,Early
39842,13273,Terrell
39845,13253,Seminole
39846,13037,Calhoun
39851,13061,Clay
39852,13087,Decatur
39854,13239,Quitman
39859,13253,Seminole
39861,13099,Early
39862,13037,Calhoun
39866,13037,Calhoun
39867,13239,Quitman
39870,13007,Baker
39877,13273,Terrell
39885,13273,Terrell
39886,13243,Randolph
39897,13131,Grady
39901,13089,DeKalb
40003,21211,Shelby
40004,21179,Nelson
40006,21223,Trimble
40007,21103,Henry
40008,21179,Nelson
40009,21155,Marion
40010,21185,Oldham
40011,21103,Henry
40012,21179,Nelson
40013,21179,Nelson
40014,21185,Oldham
40018,21111,Jefferson
40019,21103,Henry
40020,21179,Nelson
40022,21211,Shelby
40023,21111,Jefferson
40025,21111,Jefferson
40026,21185,Oldham
40027,21111,Jefferson
40031,21185,Oldham
40032,21185,Oldham
40033,21155,Marion
40036,21103,Henry
40037,21155,Marion
40040,21229,Washington
40041,21111,Jefferson
40045,21223,Trimble
40046,21215,Spencer
40047,21029,Bullitt
40048,21179,Nelson
40049,21155,Marion
40050,21103,Henry
40051,21179,Nelson
40052,21179,Nelson
40055,21223,Trimble
40056,21185,Oldham
40057,21103,Henry
40058,21103,Henry
40059,21185,Oldham
40060,21155,Marion
40061,21229,Washington
40062,21155,Marion
40063,21155,Marion
40065,21211,Shelby
40066,21211,Shelby
40067,21211,Shelby
40068,21103,Henry
40069,21229,Washington
40070,21103,Henry
40071,21215,Spencer
40075,21103,Henry
40076,21211,Shelby
40077,21185,Oldham
40078,21229,Washington
40104,21163,Meade
40107,21179,Nelson
40108,21163,Meade
40109,21029,Bullitt
40110,21029,Bullitt
40111,21027,Breckinridge
40115,21027,Breckinridge
40117,21163,Meade
40118,21111,Jefferson
40119,21027,Breckinridge
40121,21093,Hardin
40122,21093,Hardin
40129,21029,Bullitt
40140,21027,Breckinridge
40142,21163,Meade
40143,21027,Breckinridge
40144,21027,Breckinridge
40145,21027,Breckinridge
40146,21027,Breckinridge
40150,21029,Bullitt
40152,21027,Breckinridge
40153,21027,Breckinridge
40155,21163,Meade
40157,21163,Meade
40159,21093,Hardin
40160,21093,Hardin
40161,21163,Meade
40162,21093,Hardin
40165,21029,Bullitt
40166,21029,Bullitt
40170,21027,Breckinridge
40171,21027,Breckinridge
40175,21163,Meade
40176,21027,Breckinridge
40177,21029,Bullitt
40178,21027,Breckinridge
40201,21111,Jefferson
40202,21111,Jefferson
40203,21111,Jefferson
40204,21111,Jefferson
40205,21111,Jefferson
40206,21111,Jefferson
40207,21111,Jefferson
40208,21111,Jefferson
40209,21111,Jefferson
40210,21111,Jefferson
40211,21111,Jefferson
40212,21111,Jefferson
40213,21111,Jefferson
40214,21111,Jefferson
40215,21111,Jefferson
40216,21111,Jefferson
40217,21111,Jefferson
40218,21111,Jefferson
40219,21111,Jefferson
40220,21111,Jefferson
40221,21111,Jefferson
40222,21111,Jefferson
40223,21111,Jefferson
40224,21111,Jefferson
40225,21111,Jefferson
40228,21111,Jefferson
40229,21111,Jefferson
40231,21111,Jefferson
40232,21111,Jefferson
40233,21111,Jefferson
40241,21111,Jefferson
40242,21111,Jefferson
40243,21111,Jefferson
40245,21111,Jefferson
40250,21111,Jefferson
40251,21111,Jefferson
40252,21111,Jefferson
40253,21111,Jefferson
40255,21111,Jefferson
40256,21111,Jefferson
40257,21111,Jefferson
40258,21111,Jefferson
40259,21111,Jefferson
40261,21111,Jefferson
40266,21111,Jefferson
40268,21111,Jefferson
40269,21111,Jefferson
40270,21111,Jefferson
40272,21111,Jefferson
40280,21111,Jefferson
40281,21111,Jefferson
40282,21111,Jefferson
40283,21111,Jefferson
40285,21111,Jefferson
40287,21111,Jefferson
40289,21111,Jefferson
40290,21111,Jefferson
40291,21111,Jefferson
40292,21111,Jefferson
40293,21111,Jefferson
40294,21111,Jefferson
40295,21111,Jefferson
40296,21111,Jefferson
40297,21111,Jefferson
40298,21111,Jefferson
40299,21111,Jefferson
40310,21167,Mercer
40311,21181,Nicholas
40312,21197,Powell
40313,21205,Rowan
40316,21165,Menifee
40317,21205,Rowan
40319,21205,Rowan
40322,21165,Menifee
40324,21209,Scott
40328,21155,Marion
40330,21167,Mercer
40334,21011,Bath
40336,21065,Estill
40337,21173,Montgomery
40339,21113,Jessamine
40340,21113,Jessamine
40342,21005,Anderson
40346,21165,Menifee
40347,21239,Woodford
40348,21017,Bourbon
40350,21181,Nicholas
40351,21205,Rowan
40353,21173,Montgomery
40355,21187,Owen
40356,21113,Jessamine
40357,21017,Bourbon
40358,21011,Bath
40359,21187,Owen
40360,21011,Bath
40361,21017,Bourbon
40362,21017,Bourbon
40363,21187,Owen
40366,21011,Bath
40370,21209,Scott
40371,21011,Bath
40372,21167,Mercer
40374,21011,Bath
40376,21197,Powell
40379,21209,Scott
40380,21197,Powell
40383,21239,Woodford
40384,21239,Woodford
40385,21151,Madison
40387,21165,Menifee
40390,21113,Jessamine
40391,21049,Clark
40392,21049,Clark
40402,21109,Jackson
40403,21151,Madison
40404,21151,Madison
40405,21151,Madison
40409,21203,Rockcastle
40410,21079,Garrard
40419,21137,Lincoln
40422,21021,Boyle
40423,21021,Boyle
40434,21109,Jackson
40437,21045,Casey
40440,21021,Boyle
40442,21137,Lincoln
40444,21079,Garrard
40445,21203,Rockcastle
40447,21109,Jackson
40448,21137,Lincoln
40452,21021,Boyle
40456,21203,Rockcastle
40460,21203,Rockcastle
40461,21079,Garrard
40464,21021,Boyle
40468,21021,Boyle
40472,21065,Estill
40473,21203,Rockcastle
40475,21151,Madison
40476,21151,Madison
40481,21109,Jackson
40484,21137,Lincoln
40486,21109,Jackson
40488,21109,Jackson
40489,21137,Lincoln
40492,21203,Rockcastle
40502,21067,Fayette
40503,21067,Fayette
40504,21067,Fayette
40505,21067,Fayette
40506,21067,Fayette
40507,21067,Fayette
40508,21067,Fayette
40509,21067,Fayette
40510,21067,Fayette
40511,21067,Fayette
40512,21067,Fayette
40513,21067,Fayette
40514,21067,Fayette
40515,21067,Fayette
40516,21067,Fayette
40517,21067,Fayette
40522,21067,Fayette
40523,21067,Fayette
40524,21067,Fayette
40526,21067,Fayette
40533,21067,Fayette
40536,21067,Fayette
40544,21067,Fayette
40546,21067,Fayette
40550,21067,Fayette
40555,21067,Fayette
40574,21067,Fayette
40575,21067,Fayette
40576,21067,Fayette
40577,21067,Fayette
40578,21067,Fayette
40579,21067,Fayette
40580,21067,Fayette
40581,21067,Fayette
40582,21067,Fayette
40583,21067,Fayette
40588,21067,Fayette
40591,21067,Fayette
40598,21067,Fayette
40601,21073,Franklin
40602,21073,Franklin
40603,21073,Franklin
40604,21073,Franklin
40618,21073,Franklin
40619,21073,Franklin
40620,21073,Franklin
40621,21073,Franklin
40622,21073,Franklin
40701,21235,Whitley
40702,21235,Whitley
40724,21125,Laurel
40729,21125,Laurel
40730,21235,Whitley
40734,21121,Knox
40737,21125,Laurel
40740,21125,Laurel
40741,21125,Laurel
40742,21125,Laurel
40743,21125,Laurel
40744,21125,Laurel
40745,21125,Laurel
40750,21125,Laurel
40755,21125,Laurel
40759,21235,Whitley
40763,21235,Whitley
40769,21235,Whitley
40771,21121,Knox
40801,21095,Harlan
40803,21131,Leslie
40806,21095,Harlan
40807,21095,Harlan
40808,21131,Leslie
40810,21095,Harlan
40813,21013,Bell
40815,21095,Harlan
40816,21131,Leslie
40818,21095,Harlan
40819,21095,Harlan
40820,21095,Harlan
40823,21095,Harlan
40824,21095,Harlan
40826,21133,Letcher
40827,21131,Leslie
40828,21095,Harlan
40829,21095,Harlan
40830,21095,Harlan
40831,21095,Harlan
40840,21131,Leslie
40843,21095,Harlan
40844,21131,Leslie
40845,21013,Bell
40847,21095,Harlan
40849,21095,Harlan
40854,21095,Harlan
40855,21095,Harlan
40856,21013,Bell
40858,21131,Leslie
40862,21133,Letcher
40863,21095,Harlan
40865,21095,Harlan
40868,21131,Leslie
40870,21095,Harlan
40873,21095,Harlan
40874,21131,Leslie
40902,21013,Bell
40903,21121,Knox
40906,21121,Knox
40913,21013,Bell
40914,21051,Clay
40915,21121,Knox
40921,21121,Knox
40923,21121,Knox
40927,21095,Harlan
40930,21121,Knox
40932,21051,Clay
40935,21121,Knox
40939,21013,Bell
40940,21013,Bell
40941,21051,Clay
40943,21121,Knox
40944,21051,Clay
40946,21121,Knox
40949,21121,Knox
40951,21051,Clay
40953,21121,Knox
40955,21013,Bell
40958,21013,Bell
40962,21051,Clay
40964,21095,Harlan
40965,21013,Bell
40972,21051,Clay
40977,21013,Bell
40979,21131,Leslie
40981,21193,Perry
40982,21121,Knox
40983,21189,Owsley
40988,21013,Bell
40995,21121,Knox
40997,21121,Knox
41001,21037,Campbell
41002,21023,Bracken
41003,21097,Harrison
41004,21023,Bracken
41005,21015,Boone
41006,21191,Pendleton
41007,21037,Campbell
41008,21041,Carroll
41010,21081,Grant
41011,21117,Kenton
41012,21117,Kenton
41014,21117,Kenton
41015,21117,Kenton
41016,21117,Kenton
41017,21117,Kenton
41018,21117,Kenton
41019,21117,Kenton
41021,21015,Boone
41022,21015,Boone
41025,21117,Kenton
41030,21081,Grant
41031,21097,Harrison
41033,21191,Pendleton
41034,21161,Mason
41035,21081,Grant
41037,21069,Fleming
41039,21069,Fleming
41040,21191,Pendleton
41041,21069,Fleming
41042,21015,Boone
41043,21023,Bracken
41044,21161,Mason
41045,21041,Carroll
41046,21187,Owen
41048,21015,Boone
41049,21069,Fleming
41051,21117,Kenton
41052,21081,Grant
41053,21117,Kenton
41054,21081,Grant
41055,21161,Mason
41056,21161,Mason
41059,21037,Campbell
41061,21023,Bracken
41062,21161,Mason
41063,21117,Kenton
41064,21201,Robertson
41065,21069,Fleming
41071,21037,Campbell
41072,21037,Campbell
41073,21037,Campbell
41074,21037,Campbell
41075,21037,Campbell
41076,21037,Campbell
41080,21015,Boone
41081,21069,Fleming
41083,21041,Carroll
41085,21037,Campbell
41086,21077,Gallatin
41091,21015,Boone
41092,21015,Boone
41093,21069,Fleming
41094,21015,Boone
41095,21077,Gallatin
41096,21161,Mason
41097,21081,Grant
41098,21187,Owen
41099,21037,Campbell
41101,21019,Boyd
41102,21019,Boyd
41105,21019,Boyd
41114,21019,Boyd
41121,21089,Greenup
41124,21127,Lawrence
41128,21043,Carter
41129,21019,Boyd
41132,21043,Carter
41135,21135,Lewis
41139,21089,Greenup
41141,21135,Lewis
41142,21043,Carter
41143,21043,Carter
41144,21089,Greenup
41146,21043,Carter
41149,21063,Elliott
41159,21127,Lawrence
41160,21127,Lawrence
41164,21043,Carter
41166,21135,Lewis
41168,21019,Boyd
41169,21089,Greenup
41171,21063,Elliott
41173,21043,Carter
41174,21089,Greenup
41175,21089,Greenup
41179,21135,Lewis
41180,21127,Lawrence
41181,21043,Carter
41183,21089,Greenup
41189,21135,Lewis
41201,21127,Lawrence
41203,21159,Martin
41204,21115,Johnson
41214,21159,Martin
41216,21071,Floyd
41219,21115,Johnson
41222,21115,Johnson
41224,21159,Martin
41226,21115,Johnson
41230,21127,Lawrence
41231,21159,Martin
41232,21127,Lawrence
41234,21115,Johnson
41238,21115,Johnson
41240,21115,Johnson
41250,21159,Martin
41254,21115,Johnson
41255,21115,Johnson
41256,21115,Johnson
41257,21115,Johnson
41260,21115,Johnson
41262,21159,Martin
41263,21115,Johnson
41264,21127,Lawrence
41265,21115,Johnson
41267,21159,Martin
41268,21115,Johnson
41271,21115,Johnson
41274,21115,Johnson
41301,21237,Wolfe
41310,21025,Breathitt
41311,21129,Lee
41314,21189,Owsley
41317,21025,Breathitt
41332,21175,Morgan
41339,21025,Breathitt
41347,21129,Lee
41348,21025,Breathitt
41351,21189,Owsley
41352,21175,Morgan
41360,21237,Wolfe
41364,21189,Owsley
41365,21237,Wolfe
41366,21025,Breathitt
41367,21193,Perry
41368,21129,Lee
41385,21025,Breathitt
41386,21189,Owsley
41390,21025,Breathitt
41397,21129,Lee
41408,21175,Morgan
41413,21175,Morgan
41421,21175,Morgan
41425,21175,Morgan
41426,21153,Magoffin
41451,21175,Morgan
41464,21153,Magoffin
41465,21153,Magoffin
41472,21175,Morgan
41477,21175,Morgan
41501,21195,Pike
41502,21195,Pike
41503,21195,Pike
41512,21195,Pike
41513,21195,Pike
41514,21195,Pike
41517,21133,Letcher
41519,21195,Pike
41520,21195,Pike
41522,21195,Pike
41524,21195,Pike
41526,21195,Pike
41527,21195,Pike
41528,21195,Pike
41531,21195,Pike
41534,21195,Pike
41535,21195,Pike
41537,21133,Letcher
41538,21195,Pike
41539,21195,Pike
41540,21195,Pike
41542,21195,Pike
41543,21195,Pike
41544,21195,Pike
41547,21195,Pike
41548,21195,Pike
41549,21195,Pike
41553,21195,Pike
41554,21195,Pike
41555,21195,Pike
41557,21195,Pike
41558,21195,Pike
41559,21195,Pike
41560,21195,Pike
41561,21195,Pike
41562,21195,Pike
41563,21195,Pike
41564,21195,Pike
41566,21195,Pike
41567,21195,Pike
41568,21195,Pike
41571,21195,Pike
41572,21195,Pike
41601,21071,Floyd
41602,21071,Floyd
41603,21071,Floyd
41604,21071,Floyd
41605,21071,Floyd
41606,21071,Floyd
41607,21071,Floyd
41612,21071,Floyd
41615,21071,Floyd
41616,21071,Floyd
41619,21071,Floyd
41621,21071,Floyd
41622,21071,Floyd
41630,21071,Floyd
41631,21071,Floyd
41632,21153,Magoffin
41635,21071,Floyd
41636,21071,Floyd
41640,21119,Knott
41642,21071,Floyd
41643,21119,Knott
41645,21071,Floyd
41647,21071,Floyd
41649,21071,Floyd
41650,21071,Floyd
41651,21071,Floyd
41653,21071,Floyd
41655,21071,Floyd
41659,21195,Pike
41660,21071,Floyd
41663,21071,Floyd
41666,21071,Floyd
41667,21071,Floyd
41669,21071,Floyd
41701,21193,Perry
41702,21193,Perry
41712,21193,Perry
41713,21193,Perry
41714,21131,Leslie
41719,21193,Perry
41721,21193,Perry
41722,21119,Knott
41723,21193,Perry
41725,21119,Knott
41727,21193,Perry
41729,21193,Perry
41731,21193,Perry
41735,21193,Perry
41736,21193,Perry
41739,21193,Perry
41740,21119,Knott
41743,21119,Knott
41745,21193,Perry
41746,21193,Perry
41749,21131,Leslie
41751,21193,Perry
41754,21193,Perry
41759,21119,Knott
41760,21193,Perry
41762,21131,Leslie
41763,21193,Perry
41764,21131,Leslie
41766,21131,Leslie
41772,21119,Knott
41773,21119,Knott
41774,21193,Perry
41775,21131,Leslie
41776,21131,Leslie
41777,21131,Leslie
41778,21193,Perry
41804,21133,Letcher
41810,21133,Letcher
41812,21133,Letcher
41815,21133,Letcher
41817,21119,Knott
41819,21133,Letcher
41821,21133,Letcher
41822,21119,Knott
41824,21133,Letcher
41825,21133,Letcher
41826,21133,Letcher
41828,21119,Knott
41831,21119,Knott
41832,21133,Letcher
41833,21133,Letcher
41834,21119,Knott
41835,21133,Letcher
41836,21119,Knott
41837,21133,Letcher
41838,21133,Letcher
41839,21119,Knott
41840,21133,Letcher
41843,21119,Knott
41844,21119,Knott
41845,21133,Letcher
41847,21119,Knott
41848,21133,Letcher
41849,21133,Letcher
41855,21133,Letcher
41858,21133,Letcher
41859,21119,Knott
41861,21119,Knott
41862,21119,Knott
42001,21145,McCracken
42002,21145,McCracken
42003,21145,McCracken
42020,21035,Calloway
42021,21039,Carlisle
42022,21007,Ballard
42023,21039,Carlisle
42024,21007,Ballard
42025,21157,Marshall
42027,21083,Graves
42028,21139,Livingston
42029,21157,Marshall
42031,21105,Hickman
42032,21105,Hickman
42033,21055,Crittenden
42035,21039,Carlisle
42036,21035,Calloway
42037,21055,Crittenden
42038,21143,Lyon
42039,21083,Graves
42040,21083,Graves
42041,21075,Fulton
42044,21157,Marshall
42045,21139,Livingston
42047,21139,Livingston
42048,21157,Marshall
42049,21035,Calloway
42050,21075,Fulton
42051,21083,Graves
42053,21007,Ballard
42054,21035,Calloway
42055,21143,Lyon
42056,21007,Ballard
42058,21139,Livingston
42060,21007,Ballard
42061,21083,Graves
42063,21083,Graves
42064,21055,Crittenden
42066,21083,Graves
42069,21083,Graves
42070,21039,Carlisle
42071,21035,Calloway
42076,21035,Calloway
42078,21139,Livingston
42079,21083,Graves
42081,21139,Livingston
42082,21083,Graves
42083,21139,Livingston
42085,21083,Graves
42086,21145,McCracken
42087,21007,Ballard
42088,21083,Graves
42101,21227,Warren
42102,21227,Warren
42103,21227,Warren
42104,21227,Warren
42120,21003,Allen
42122,21227,Warren
42123,21009,Barren
42124,21169,Metcalfe
42127,21009,Barren
42128,21227,Warren
42129,21169,Metcalfe
42130,21009,Barren
42131,21009,Barren
42133,21171,Monroe
42134,21213,Simpson
42135,21213,Simpson
42140,21171,Monroe
42141,21009,Barren
42142,21009,Barren
42151,21171,Monroe
42152,21009,Barren
42153,21003,Allen
42154,21169,Metcalfe
42156,21009,Barren
42157,21171,Monroe
42159,21227,Warren
42160,21061,Edmonson
42163,21061,Edmonson
42164,21003,Allen
42166,21169,Metcalfe
42167,21171,Monroe
42170,21227,Warren
42171,21227,Warren
42201,21031,Butler
42202,21141,Logan
42204,21219,Todd
42206,21141,Logan
42207,21061,Edmonson
42210,21061,Edmonson
42211,21221,Trigg
42214,21169,Metcalfe
42215,21047,Christian
42216,21219,Todd
42217,21047,Christian
42219,21031,Butler
42220,21219,Todd
42221,21047,Christian
42223,47125,Montgomery
42232,21047,Christian
42234,21219,Todd
42236,21047,Christian
42240,21047,Christian
42241,21047,Christian
42252,21031,Butler
42254,21047,Christian
42256,21141,Logan
42259,21061,Edmonson
42261,21031,Butler
42262,21047,Christian
42265,21141,Logan
42266,21047,Christian
42273,21031,Butler
42274,21227,Warren
42275,21031,Butler
42276,21141,Logan
42280,21219,Todd
42285,21061,Edmonson
42286,21219,Todd
42288,21031,Butler
42301,21059,Daviess
42302,21059,Daviess
42303,21059,Daviess
42304,21059,Daviess
42320,21183,Ohio
42321,21177,Muhlenberg
42322,21149,McLean
42323,21177,Muhlenberg
42324,21177,Muhlenberg
42325,21177,Muhlenberg
42326,21177,Muhlenberg
42327,21149,McLean
42328,21183,Ohio
42330,21177,Muhlenberg
42332,21177,Muhlenberg
42333,21183,Ohio
42334,21059,Daviess
42337,21177,Muhlenberg
42338,21183,Ohio
42339,21177,Muhlenberg
42343,21183,Ohio
42344,21177,Muhlenberg
42345,21177,Muhlenberg
42347,21183,Ohio
42348,21091,Hancock
42349,21183,Ohio
42350,21149,McLean
42351,21091,Hancock
42352,21149,McLean
42354,21183,Ohio
42355,21059,Daviess
42356,21059,Daviess
42361,21183,Ohio
42364,21091,Hancock
42366,21059,Daviess
42367,21177,Muhlenberg
42368,21091,Hancock
42369,21183,Ohio
42370,21183,Ohio
42371,21149,McLean
42372,21149,McLean
42374,21177,Muhlenberg
42376,21059,Daviess
42377,21059,Daviess
42378,21183,Ohio
42402,21101,Henderson
42404,21233,Webster
42406,21101,Henderson
42408,21107,Hopkins
42409,21233,Webster
42410,21107,Hopkins
42411,21033,Caldwell
42413,21107,Hopkins
42419,21101,Henderson
42420,21101,Henderson
42431,21107,Hopkins
42436,21107,Hopkins
42437,21225,Union
42440,21107,Hopkins
42441,21107,Hopkins
42442,21107,Hopkins
42444,21233,Webster
42445,21033,Caldwell
42450,21233,Webster
42451,21101,Henderson
42452,21101,Henderson
42453,21107,Hopkins
42455,21233,Webster
42456,21233,Webster
42457,21101,Henderson
42458,21101,Henderson
42459,21225,Union
42460,21225,Union
42461,21225,Union
42462,21225,Union
42463,21233,Webster
42464,21107,Hopkins
42501,21199,Pulaski
42502,21199,Pulaski
42503,21199,Pulaski
42516,21045,Casey
42518,21231,Wayne
42519,21199,Pulaski
42528,21045,Casey
42533,21199,Pulaski
42539,21045,Casey
42541,21045,Casey
42544,21199,Pulaski
42553,21199,Pulaski
42558,21199,Pulaski
42564,21199,Pulaski
42565,21045,Casey
42566,21045,Casey
42567,21199,Pulaski
42602,21053,Clinton
42603,21231,Wayne
42629,21207,Russell
42631,21147,McCreary
42633,21231,Wayne
42634,21147,McCreary
42635,21147,McCreary
42638,21147,McCreary
42642,21207,Russell
42647,21147,McCreary
42649,21147,McCreary
42653,21147,McCreary
42701,21093,Hardin
42702,21093,Hardin
42712,21093,Hardin
42713,21099,Hart
42715,21001,Adair
42716,21123,Larue
42717,21057,Cumberland
42718,21217,Taylor
42719,21217,Taylor
42720,21001,Adair
42721,21085,Grayson
42722,21099,Hart
42724,21093,Hardin
42726,21085,Grayson
42728,21001,Adair
42729,21099,Hart
42732,21093,Hardin
42733,21217,Taylor
42740,21093,Hardin
42741,21001,Adair
42742,21001,Adair
42743,21087,Green
42746,21099,Hart
42748,21123,Larue
42749,21099,Hart
42753,21001,Adair
42754,21085,Grayson
42755,21085,Grayson
42757,21099,Hart
42758,21217,Taylor
42759,21057,Cumberland
42762,21085,Grayson
42764,21087,Green
42765,21099,Hart
42776,21093,Hardin
42782,21087,Green
42784,21099,Hart
42788,21093,Hardin
43001,39089,Licking
43002,39049,Franklin
43003,39117,Morrow
43004,39049,Franklin
43005,39083,Knox
43006,39031,Coshocton
43007,39159,Union
43008,39089,Licking
43009,39021,Champaign
43010,39023,Clark
43011,39083,Knox
43013,39089,Licking
43014,39083,Knox
43015,39041,Delaware
43016,39049,Franklin
43017,39049,Franklin
43018,39089,Licking
43019,39083,Knox
43021,39041,Delaware
43022,39083,Knox
43023,39089,Licking
43025,39089,Licking
43026,39049,Franklin
43027,39089,Licking
43028,39083,Knox
43029,39097,Madison
43030,39089,Licking
43031,39089,Licking
43032,39041,Delaware
43033,39089,Licking
43035,39041,Delaware
43036,39159,Union
43037,39083,Knox
43040,39159,Union
43041,39159,Union
43044,39021,Champaign
43045,39159,Union
43046,39045,Fairfield
43047,39021,Champaign
43048,39083,Knox
43050,39083,Knox
43054,39049,Franklin
43055,39089,Licking
43056,39089,Licking
43058,39089,Licking
43060,39021,Champaign
43061,39041,Delaware
43062,39089,Licking
43064,39097,Madison
43065,39041,Delaware
43066,39041,Delaware
43067,39159,Union
43068,39049,Franklin
43069,39049,Franklin
43070,39021,Champaign
43071,39089,Licking
43072,39021,Champaign
43073,39089,Licking
43074,39041,Delaware
43076,39127,Perry
43077,39159,Union
43078,39021,Champaign
43080,39089,Licking
43081,39049,Franklin
43082,39041,Delaware
43083,39021,Champaign
43084,39021,Champaign
43085,39049,Franklin
43086,39049,Franklin
43093,39089,Licking
43101,39141,Ross
43102,39045,Fairfield
43103,39129,Pickaway
43105,39045,Fairfield
43106,39047,Fayette
43107,39045,Fairfield
43109,39049,Franklin
43110,39045,Fairfield
43111,39073,Hocking
43112,39045,Fairfield
43113,39129,Pickaway
43115,39141,Ross
43116,39129,Pickaway
43117,39129,Pickaway
43119,39049,Franklin
43123,39049,Franklin
43125,39049,Franklin
43126,39049,Franklin
43127,39073,Hocking
43128,39047,Fayette
43130,39045,Fairfield
43135,39073,Hocking
43136,39045,Fairfield
43137,39129,Pickaway
43138,39073,Hocking
43140,39097,Madison
43142,39047,Fayette
43143,39097,Madison
43144,39073,Hocking
43145,39129,Pickaway
43146,39129,Pickaway
43147,39045,Fairfield
43148,39045,Fairfield
43149,39073,Hocking
43150,39045,Fairfield
43151,39097,Madison
43152,39073,Hocking
43153,39097,Madison
43154,39045,Fairfield
43155,39045,Fairfield
43156,39129,Pickaway
43157,39045,Fairfield
43158,39073,Hocking
43160,39047,Fayette
43162,39097,Madison
43164,39129,Pickaway
43194,39049,Franklin
43195,39049,Franklin
43199,39049,Franklin
43201,39049,Franklin
43202,39049,Franklin
43203,39049,Franklin
43204,39049,Franklin
43205,39049,Franklin
43206,39049,Franklin
43207,39049,Franklin
43209,39049,Franklin
43210,39049,Franklin
43211,39049,Franklin
43212,39049,Franklin
43213,39049,Franklin
43214,39049,Franklin
43215,39049,Franklin
43216,39049,Franklin
43217,39049,Franklin
43218,39049,Franklin
43219,39049,Franklin
43220,39049,Franklin
43221,39049,Franklin
43222,39049,Franklin
43223,39049,Franklin
43224,39049,Franklin
43226,39049,Franklin
43227,39049,Franklin
43228,39049,Franklin
43229,39049,Franklin
43230,39049,Franklin
43231,39049,Franklin
43232,39049,Franklin
43234,39049,Franklin
43235,39049,Franklin
43236,39049,Franklin
43240,39041,Delaware
43251,39049,Franklin
43260,39049,Franklin
43266,39049,Franklin
43268,39049,Franklin
43270,39049,Franklin
43271,39049,Franklin
43272,39049,Franklin
43279,39049,Franklin
43287,39049,Franklin
43291,39049,Franklin
43301,39101,Marion
43302,39101,Marion
43310,39065,Hardin
43311,39091,Logan
43314,39101,Marion
43315,39117,Morrow
43316,39175,Wyandot
43317,39117,Morrow
43318,39091,Logan
43319,39091,Logan
43320,39117,Morrow
43321,39117,Morrow
43322,39101,Marion
43323,39175,Wyandot
43324,39091,Logan
43325,39117,Morrow
43326,39065,Hardin
43330,39175,Wyandot
43331,39091,Logan
43332,39101,Marion
43333,39091,Logan
43334,39117,Morrow
43335,39101,Marion
43336,39091,Logan
43337,39101,Marion
43338,39117,Morrow
43340,39065,Hardin
43341,39101,Marion
43342,39101,Marion
43343,39091,Logan
43344,39159,Union
43345,39091,Logan
43346,39065,Hardin
43347,39091,Logan
43348,39091,Logan
43349,39117,Morrow
43350,39117,Morrow
43351,39175,Wyandot
43356,39101,Marion
43357,39091,Logan
43358,39159,Union
43359,39175,Wyandot
43360,39091,Logan
43402,39173,Wood
43403,39173,Wood
43405,39095,Lucas
43406,39173,Wood
43407,39143,Sandusky
43408,39123,Ottawa
43410,39143,Sandusky
43412,39095,Lucas
43413,39173,Wood
43414,39173,Wood
43416,39123,Ottawa
43420,39143,Sandusky
43430,39123,Ottawa
43431,39143,Sandusky
43432,39123,Ottawa
43433,39123,Ottawa
43434,39095,Lucas
43435,39143,Sandusky
43436,39123,Ottawa
43437,39173,Wood
43438,39043,Erie
43439,39123,Ottawa
43440,39123,Ottawa
43441,39173,Wood
43442,39143,Sandusky
43443,39173,Wood
43445,39123,Ottawa
43446,39123,Ottawa
43447,39173,Wood
43449,39123,Ottawa
43450,39173,Wood
43451,39173,Wood
43452,39123,Ottawa
43456,39123,Ottawa
43457,39173,Wood
43458,39123,Ottawa
43460,39173,Wood
43462,39173,Wood
43463,39173,Wood
43464,39143,Sandusky
43465,39173,Wood
43466,39173,Wood
43467,39173,Wood
43468,39123,Ottawa
43469,39143,Sandusky
43501,39171,Williams
43502,39051,Fulton
43504,39095,Lucas
43505,39171,Williams
43506,39171,Williams
43510,39069,Henry
43511,39173,Wood
43512,39039,Defiance
43515,39051,Fulton
43516,39069,Henry
43517,39171,Williams
43518,39171,Williams
43519,39039,Defiance
43520,39039,Defiance
43521,39051,Fulton
43522,39173,Wood
43523,39069,Henry
43524,39069,Henry
43525,39173,Wood
43526,39039,Defiance
43527,39069,Henry
43528,39095,Lucas
43529,39173,Wood
43530,39039,Defiance
43531,39171,Williams
43532,39069,Henry
43533,39051,Fulton
43534,39069,Henry
43535,39069,Henry
43536,39039,Defiance
43537,39095,Lucas
43540,39051,Fulton
43541,39173,Wood
43542,39095,Lucas
43543,39171,Williams
43545,39069,Henry
43547,39095,Lucas
43548,39069,Henry
43549,39039,Defiance
43550,39069,Henry
43551,39173,Wood
43552,39173,Wood
43553,39051,Fulton
43554,39171,Williams
43555,39069,Henry
43556,39039,Defiance
43557,39171,Williams
43558,39051,Fulton
43560,39095,Lucas
43565,39173,Wood
43566,39095,Lucas
43567,39051,Fulton
43569,39173,Wood
43570,39171,Williams
43571,39095,Lucas
43601,39095,Lucas
43603,39095,Lucas
43604,39095,Lucas
43605,39095,Lucas
43606,39095,Lucas
43607,39095,Lucas
43608,39095,Lucas
43609,39095,Lucas
43610,39095,Lucas
43611,39095,Lucas
43612,39095,Lucas
43613,39095,Lucas
43614,39095,Lucas
43615,39095,Lucas
43616,39095,Lucas
43617,39095,Lucas
43619,39173,Wood
43620,39095,Lucas
43623,39095,Lucas
43635,39095,Lucas
43652,39095,Lucas
43654,39095,Lucas
43656,39095,Lucas
43657,39095,Lucas
43659,39095,Lucas
43660,39095,Lucas
43661,39095,Lucas
43666,39095,Lucas
43667,39095,Lucas
43681,39095,Lucas
43682,39095,Lucas
43697,39095,Lucas
43699,39095,Lucas
43701,39119,Muskingum
43702,39119,Muskingum
43711,39121,Noble
43713,39013,Belmont
43716,39111,Monroe
43717,39121,Noble
43718,39013,Belmont
43719,39013,Belmont
43720,39119,Muskingum
43721,39089,Licking
43722,39059,Guernsey
43723,39059,Guernsey
43724,39121,Noble
43725,39059,Guernsey
43727,39119,Muskingum
43728,39115,Morgan
43730,39127,Perry
43731,39127,Perry
43732,39059,Guernsey
43733,39059,Guernsey
43734,39119,Muskingum
43735,39119,Muskingum
43736,39059,Guernsey
43738,39119,Muskingum
43739,39127,Perry
43740,39089,Licking
43746,39119,Muskingum
43747,39111,Monroe
43748,39127,Perry
43749,39059,Guernsey
43750,39059,Guernsey
43752,39111,Monroe
43754,39111,Monroe
43755,39059,Guernsey
43756,39115,Morgan
43757,39111,Monroe
43758,39115,Morgan
43759,39013,Belmont
43760,39127,Perry
43761,39127,Perry
43762,39119,Muskingum
43764,39127,Perry
43766,39127,Perry
43767,39119,Muskingum
43768,39059,Guernsey
43771,39119,Muskingum
43772,39121,Noble
43773,39059,Guernsey
43777,39119,Muskingum
43778,39059,Guernsey
43779,39121,Noble
43780,39059,Guernsey
43782,39127,Perry
43783,39127,Perry
43786,39111,Monroe
43787,39115,Morgan
43788,39121,Noble
43791,39119,Muskingum
43793,39111,Monroe
43802,39119,Muskingum
43803,39031,Coshocton
43804,39075,Holmes
43805,39031,Coshocton
43811,39031,Coshocton
43812,39031,Coshocton
43821,39119,Muskingum
43822,39119,Muskingum
43824,39031,Coshocton
43828,39031,Coshocton
43830,39119,Muskingum
43832,39157,Tuscarawas
43836,39031,Coshocton
43837,39157,Tuscarawas
43840,39157,Tuscarawas
43842,39119,Muskingum
43843,39031,Coshocton
43844,39031,Coshocton
43845,39031,Coshocton
43901,39081,Jefferson
43902,39013,Belmont
43903,39019,Carroll
43905,39013,Belmont
43906,39013,Belmont
43907,39067,Harrison
43908,39081,Jefferson
43909,39013,Belmont
43910,39081,Jefferson
43912,39013,Belmont
43913,39081,Jefferson
43914,39111,Monroe
43915,39111,Monroe
43916,39013,Belmont
43917,39081,Jefferson
43920,39029,Columbiana
43925,39081,Jefferson
43926,39081,Jefferson
43927,39013,Belmont
43928,39013,Belmont
43930,39081,Jefferson
43931,39111,Monroe
43932,39081,Jefferson
43933,39013,Belmont
43934,39013,Belmont
43935,39013,Belmont
43937,39013,Belmont
43938,39081,Jefferson
43939,39081,Jefferson
43940,39013,Belmont
43941,39081,Jefferson
43942,39013,Belmont
43943,39081,Jefferson
43944,39081,Jefferson
43945,39029,Columbiana
43946,39111,Monroe
43947,39013,Belmont
43948,39081,Jefferson
43950,39013,Belmont
43951,39013,Belmont
43952,39081,Jefferson
43953,39081,Jefferson
43961,39081,Jefferson
43962,39029,Columbiana
43963,39081,Jefferson
43964,39081,Jefferson
43967,39013,Belmont
43968,39029,Columbiana
43970,39081,Jefferson
43971,39081,Jefferson
43972,39013,Belmont
43973,39067,Harrison
43974,39067,Harrison
43976,39067,Harrison
43977,39013,Belmont
43981,39067,Harrison
43983,39013,Belmont
43984,39067,Harrison
43985,39013,Belmont
43986,39067,Harrison
43988,39067,Harrison
44001,39093,Lorain
44003,39007,Ashtabula
44004,39007,Ashtabula
44005,39007,Ashtabula
44010,39007,Ashtabula
44011,39093,Lorain
44012,39093,Lorain
44017,39035,Cuyahoga
44021,39055,Geauga
44022,39035,Cuyahoga
44023,39055,Geauga
44024,39055,Geauga
44026,39055,Geauga
44028,39093,Lorain
44030,39007,Ashtabula
44032,39007,Ashtabula
44033,39055,Geauga
44035,39093,Lorain
44036,39093,Lorain
44039,39093,Lorain
44040,39035,Cuyahoga
44041,39007,Ashtabula
44044,39093,Lorain
44045,39085,Lake
44046,39055,Geauga
44047,39007,Ashtabula
44048,39007,Ashtabula
44049,39093,Lorain
44050,39093,Lorain
44052,39093,Lorain
44053,39093,Lorain
44054,39093,Lorain
44055,39093,Lorain
44056,39153,Summit
44057,39085,Lake
44060,39085,Lake
44061,39085,Lake
44062,39055,Geauga
44064,39055,Geauga
44065,39055,Geauga
44067,39153,Summit
44068,39007,Ashtabula
44070,39035,Cuyahoga
44072,39055,Geauga
44073,39055,Geauga
44074,39093,Lorain
44076,39007,Ashtabula
44077,39085,Lake
44080,39055,Geauga
44081,39085,Lake
44082,39007,Ashtabula
44084,39007,Ashtabula
44085,39007,Ashtabula
44086,39055,Geauga
44087,39153,Summit
44088,39007,Ashtabula
44089,39043,Erie
44090,39093,Lorain
44092,39085,Lake
44093,39007,Ashtabula
44094,39085,Lake
44095,39085,Lake
44096,39085,Lake
44097,39085,Lake
44099,39007,Ashtabula
44101,39035,Cuyahoga
44102,39035,Cuyahoga
44103,39035,Cuyahoga
44104,39035,Cuyahoga
44105,39035,Cuyahoga
44106,39035,Cuyahoga
44107,39035,Cuyahoga
44108,39035,Cuyahoga
44109,39035,Cuyahoga
44110,39035,Cuyahoga
44111,39035,Cuyahoga
44112,39035,Cuyahoga
44113,39035,Cuyahoga
44114,39035,Cuyahoga
44115,39035,Cuyahoga
44116,39035,Cuyahoga
44117,39035,Cuyahoga
44118,39035,Cuyahoga
44119,39035,Cuyahoga
44120,39035,Cuyahoga
44121,39035,Cuyahoga
44122,39035,Cuyahoga
44123,39035,Cuyahoga
44124,39035,Cuyahoga
44125,39035,Cuyahoga
44126,39035,Cuyahoga
44127,39035,Cuyahoga
44128,39035,Cuyahoga
44129,39035,Cuyahoga
44130,39035,Cuyahoga
44131,39035,Cuyahoga
44132,39035,Cuyahoga
44133,39035,Cuyahoga
44134,39035,Cuyahoga
44135,39035,Cuyahoga
44136,39035,Cuyahoga
44137,39035,Cuyahoga
44138,39035,Cuyahoga
44139,39035,Cuyahoga
44140,39035,Cuyahoga
44141,39035,Cuyahoga
44142,39035,Cuyahoga
44143,39035,Cuyahoga
44144,39035,Cuyahoga
44145,39035,Cuyahoga
44146,39035,Cuyahoga
44147,39035,Cuyahoga
44149,39035,Cuyahoga
44181,39035,Cuyahoga
44188,39035,Cuyahoga
44190,39035,Cuyahoga
44191,39035,Cuyahoga
44192,39035,Cuyahoga
44193,39035,Cuyahoga
44194,39035,Cuyahoga
44195,39035,Cuyahoga
44197,39035,Cuyahoga
44198,39035,Cuyahoga
44199,39035,Cuyahoga
44201,39133,Portage
44202,39133,Portage
44203,39153,Summit
44210,39153,Summit
44211,39133,Portage
44212,39103,Medina
44214,39169,Wayne
44215,39103,Medina
44216,39153,Summit
44217,39169,Wayne
44221,39153,Summit
44222,39153,Summit
44223,39153,Summit
44224,39153,Summit
44230,39169,Wayne
44231,39133,Portage
44232,39153,Summit
44233,39103,Medina
44234,39133,Portage
44235,39103,Medina
44236,39153,Summit
44237,39153,Summit
44240,39133,Portage
44241,39133,Portage
44242,39133,Portage
44243,39133,Portage
44250,39153,Summit
44251,39103,Medina
44253,39103,Medina
44254,39103,Medina
44255,39133,Portage
44256,39103,Medina
44258,39103,Medina
44260,39133,Portage
44262,39153,Summit
44264,39153,Summit
44265,39133,Portage
44266,39133,Portage
44270,39169,Wayne
44272,39133,Portage
44273,39103,Medina
44274,39103,Medina
44275,39103,Medina
44276,39169,Wayne
44278,39153,Summit
44280,39103,Medina
44281,39103,Medina
44282,39103,Medina
44285,39133,Portage
44286,39153,Summit
44287,39169,Wayne
44288,39133,Portage
44301,39153,Summit
44302,39153,Summit
44303,39153,Summit
44304,39153,Summit
44305,39153,Summit
44306,39153,Summit
44307,39153,Summit
44308,39153,Summit
44309,39153,Summit
44310,39153,Summit
44311,39153,Summit
44312,39153,Summit
44313,39153,Summit
44314,39153,Summit
44315,39153,Summit
44316,39153,Summit
44317,39153,Summit
44319,39153,Summit
44320,39153,Summit
44321,39153,Summit
44325,39153,Summit
44326,39153,Summit
44328,39153,Summit
44333,39153,Summit
44334,39153,Summit
44372,39153,Summit
44396,39153,Summit
44398,39153,Summit
44401,39099,Mahoning
44402,39155,Trumbull
44403,39155,Trumbull
44404,39155,Trumbull
44405,39099,Mahoning
44406,39099,Mahoning
44408,39029,Columbiana
44410,39155,Trumbull
44411,39133,Portage
44412,39133,Portage
44413,39029,Columbiana
44415,39029,Columbiana
44416,39099,Mahoning
44417,39155,Trumbull
44418,39155,Trumbull
44420,39155,Trumbull
44422,39099,Mahoning
44423,39029,Columbiana
44424,39155,Trumbull
44425,39155,Trumbull
44427,39019,Carroll
44428,39155,Trumbull
44429,39099,Mahoning
44430,39155,Trumbull
44431,39029,Columbiana
44432,39029,Columbiana
44436,39099,Mahoning
44437,39155,Trumbull
44438,39155,Trumbull
44439,39155,Trumbull
44440,39155,Trumbull
44441,39029,Columbiana
44442,39099,Mahoning
44443,39099,Mahoning
44444,39155,Trumbull
44445,39029,Columbiana
44446,39155,Trumbull
44449,39099,Mahoning
44450,39155,Trumbull
44451,39099,Mahoning
44452,39099,Mahoning
44453,39155,Trumbull
44454,39099,Mahoning
44455,39029,Columbiana
44460,39029,Columbiana
44470,39155,Trumbull
44471,39099,Mahoning
44473,39155,Trumbull
44481,39155,Trumbull
44482,39155,Trumbull
44483,39155,Trumbull
44484,39155,Trumbull
44485,39155,Trumbull
44486,39155,Trumbull
44490,39029,Columbiana
44491,39155,Trumbull
44492,39029,Columbiana
44493,39029,Columbiana
44501,39099,Mahoning
44502,39099,Mahoning
44503,39099,Mahoning
44504,39099,Mahoning
44505,39099,Mahoning
44506,39099,Mahoning
44507,39099,Mahoning
44509,39099,Mahoning
44510,39099,Mahoning
44511,39099,Mahoning
44512,39099,Mahoning
44513,39099,Mahoning
44514,39099,Mahoning
44515,39099,Mahoning
44555,39099,Mahoning
44601,39151,Stark
44606,39169,Wayne
44607,39019,Carroll
44608,39151,Stark
44609,39099,Mahoning
44610,39075,Holmes
44611,39075,Holmes
44612,39157,Tuscarawas
44613,39151,Stark
44614,39151,Stark
44615,39019,Carroll
44617,39075,Holmes
44618,39169,Wayne
44619,39099,Mahoning
44620,39019,Carroll
44621,39157,Tuscarawas
44622,39157,Tuscarawas
44624,39075,Holmes
44625,39029,Columbiana
44626,39151,Stark
44627,39075,Holmes
44628,39075,Holmes
44629,39157,Tuscarawas
44630,39151,Stark
44632,39151,Stark
44633,39075,Holmes
44634,39029,Columbiana
44636,39169,Wayne
44637,39075,Holmes
44638,39075,Holmes
44639,39019,Carroll
44640,39151,Stark
44641,39151,Stark
44643,39019,Carroll
44644,39019,Carroll
44645,39169,Wayne
44646,39151,Stark
44647,39151,Stark
44648,39151,Stark
44650,39151,Stark
44651,39019,Carroll
44652,39151,Stark
44653,39157,Tuscarawas
44654,39075,Holmes
44656,39157,Tuscarawas
44657,39019,Carroll
44659,39169,Wayne
44660,39075,Holmes
44661,39075,Holmes
44662,39151,Stark
44663,39157,Tuscarawas
44665,39029,Columbiana
44666,39151,Stark
44667,39169,Wayne
44669,39151,Stark
44670,39151,Stark
44671,39157,Tuscarawas
44672,39099,Mahoning
44675,39019,Carroll
44676,39169,Wayne
44677,39169,Wayne
44678,39157,Tuscarawas
44679,39157,Tuscarawas
44680,39157,Tuscarawas
44681,39157,Tuscarawas
44682,39157,Tuscarawas
44683,39157,Tuscarawas
44685,39153,Summit
44687,39075,Holmes
44688,39151,Stark
44689,39075,Holmes
44690,39075,Holmes
44691,39169,Wayne
44693,39067,Harrison
44695,39019,Carroll
44697,39157,Tuscarawas
44699,39067,Harrison
44701,39151,Stark
44702,39151,Stark
44703,39151,Stark
44704,39151,Stark
44705,39151,Stark
44706,39151,Stark
44707,39151,Stark
44708,39151,Stark
44709,39151,Stark
44710,39151,Stark
44711,39151,Stark
44714,39151,Stark
44718,39151,Stark
44720,39151,Stark
44721,39151,Stark
44730,39151,Stark
44735,39151,Stark
44750,39151,Stark
44767,39151,Stark
44799,39151,Stark
44802,39147,Seneca
44804,39063,Hancock
44805,39005,Ashland
44807,39147,Seneca
44809,39147,Seneca
44811,39077,Huron
44813,39139,Richland
44814,39043,Erie
44815,39147,Seneca
44816,39043,Erie
44817,39173,Wood
44818,39147,Seneca
44820,39033,Crawford
44822,39139,Richland
44824,39043,Erie
44825,39033,Crawford
44826,39077,Huron
44827,39033,Crawford
44828,39147,Seneca
44830,39147,Seneca
44833,39117,Morrow
44836,39147,Seneca
44837,39077,Huron
44838,39005,Ashland
44839,39043,Erie
44840,39005,Ashland
44841,39147,Seneca
44842,39005,Ashland
44843,39139,Richland
44844,39147,Seneca
44845,39147,Seneca
44846,39043,Erie
44847,39077,Huron
44848,39005,Ashland
44849,39175,Wyandot
44850,39077,Huron
44851,39077,Huron
44853,39147,Seneca
44854,39033,Crawford
44855,39077,Huron
44856,39033,Crawford
44857,39077,Huron
44859,39005,Ashland
44860,39033,Crawford
44861,39147,Seneca
44862,39139,Richland
44864,39005,Ashland
44865,39077,Huron
44866,39005,Ashland
44867,39147,Seneca
44870,39043,Erie
44871,39043,Erie
44874,39005,Ashland
44875,39139,Richland
44878,39139,Richland
44880,39005,Ashland
44881,39033,Crawford
44882,39175,Wyandot
44883,39147,Seneca
44887,39033,Crawford
44888,39077,Huron
44889,39077,Huron
44890,39077,Huron
44901,39139,Richland
44902,39139,Richland
44903,39139,Richland
44904,39139,Richland
44905,39139,Richland
44906,39139,Richland
44907,39139,Richland
45001,39061,Hamilton
45002,39061,Hamilton
45003,39135,Preble
45004,39017,Butler
45005,39165,Warren
45011,39017,Butler
45012,39017,Butler
45013,39017,Butler
45014,39017,Butler
45015,39017,Butler
45018,39017,Butler
45030,39061,Hamilton
45032,39165,Warren
45033,39061,Hamilton
45034,39165,Warren
45036,39165,Warren
45039,39165,Warren
45040,39165,Warren
45041,39061,Hamilton
45042,39017,Butler
45044,39017,Butler
45050,39017,Butler
45051,39061,Hamilton
45052,39061,Hamilton
45053,39017,Butler
45054,39165,Warren
45055,39017,Butler
45056,39017,Butler
45061,39017,Butler
45062,39017,Butler
45063,39017,Butler
45064,39017,Butler
45065,39165,Warren
45066,39165,Warren
45067,39017,Butler
45068,39165,Warren
45069,39017,Butler
45070,39135,Preble
45071,39017,Butler
45101,39015,Brown
45102,39025,Clermont
45103,39025,Clermont
45105,39001,Adams
45106,39025,Clermont
45107,39027,Clinton
45111,39061,Hamilton
45112,39025,Clermont
45113,39027,Clinton
45114,39027,Clinton
45115,39015,Brown
45118,39015,Brown
45119,39015,Brown
45120,39025,Clermont
45121,39015,Brown
45122,39025,Clermont
45123,39071,Highland
45130,39015,Brown
45131,39015,Brown
45132,39071,Highland
45133,39071,Highland
45135,39071,Highland
45140,39025,Clermont
45142,39071,Highland
45144,39001,Adams
45146,39027,Clinton
45147,39025,Clermont
45148,39027,Clinton
45150,39025,Clermont
45152,39165,Warren
45153,39025,Clermont
45154,39015,Brown
45155,39071,Highland
45156,39025,Clermont
45157,39025,Clermont
45158,39025,Clermont
45159,39027,Clinton
45160,39025,Clermont
45162,39165,Warren
45164,39027,Clinton
45166,39027,Clinton
45167,39015,Brown
45168,39015,Brown
45169,39027,Clinton
45171,39015,Brown
45172,39071,Highland
45174,39061,Hamilton
45176,39025,Clermont
45177,39027,Clinton
45201,39061,Hamilton
45202,39061,Hamilton
45203,39061,Hamilton
45204,39061,Hamilton
45205,39061,Hamilton
45206,39061,Hamilton
45207,39061,Hamilton
45208,39061,Hamilton
45209,39061,Hamilton
45211,39061,Hamilton
45212,39061,Hamilton
45213,39061,Hamilton
45214,39061,Hamilton
45215,39061,Hamilton
45216,39061,Hamilton
45217,39061,Hamilton
45218,39061,Hamilton
45219,39061,Hamilton
45220,39061,Hamilton
45221,39061,Hamilton
45222,39061,Hamilton
45223,39061,Hamilton
45224,39061,Hamilton
45225,39061,Hamilton
45226,39061,Hamilton
45227,39061,Hamilton
45229,39061,Hamilton
45230,39061,Hamilton
45231,39061,Hamilton
45232,39061,Hamilton
45233,39061,Hamilton
45234,39061,Hamilton
45235,39061,Hamilton
45236,39061,Hamilton
45237,39061,Hamilton
45238,39061,Hamilton
45239,39061,Hamilton
45240,39061,Hamilton
45241,39061,Hamilton
45242,39061,Hamilton
45243,39061,Hamilton
45244,39061,Hamilton
45245,39025,Clermont
45246,39061,Hamilton
45247,39061,Hamilton
45248,39061,Hamilton
45249,39061,Hamilton
45250,39061,Hamilton
45251,39061,Hamilton
45252,39061,Hamilton
45253,39061,Hamilton
45254,39061,Hamilton
45255,39061,Hamilton
45258,39061,Hamilton
45262,39061,Hamilton
45263,39061,Hamilton
45264,39061,Hamilton
45267,39061,Hamilton
45268,39061,Hamilton
45269,39061,Hamilton
45270,39061,Hamilton
45271,39061,Hamilton
45273,39061,Hamilton
45274,39061,Hamilton
45275,39015,Brown
45277,39061,Hamilton
45280,39061,Hamilton
45296,39061,Hamilton
45298,39061,Hamilton
45299,39061,Hamilton
45301,39057,Greene
45302,39149,Shelby
45303,39037,Darke
45304,39037,Darke
45305,39057,Greene
45306,39149,Shelby
45307,39057,Greene
45308,39037,Darke
45309,39113,Montgomery
45310,39107,Mercer
45311,39135,Preble
45312,39109,Miami
45314,39057,Greene
45315,39113,Montgomery
45316,39023,Clark
45317,39021,Champaign
45318,39109,Miami
45319,39023,Clark
45320,39135,Preble
45321,39135,Preble
45322,39113,Montgomery
45323,39023,Clark
45324,39057,Greene
45325,39113,Montgomery
45326,39109,Miami
45327,39113,Montgomery
45328,39037,Darke
45330,39135,Preble
45331,39037,Darke
45332,39037,Darke
45333,39149,Shelby
45334,39149,Shelby
45335,39057,Greene
45336,39149,Shelby
45337,39109,Miami
45338,39135,Preble
45339,39109,Miami
45340,39149,Shelby
45341,39023,Clark
45342,39113,Montgomery
45343,39113,Montgomery
45344,39023,Clark
45345,39113,Montgomery
45346,39037,Darke
45347,39135,Preble
45348,39037,Darke
45349,39023,Clark
45350,39037,Darke
45351,39037,Darke
45352,39037,Darke
45353,39149,Shelby
45354,39113,Montgomery
45356,39109,Miami
45358,39037,Darke
45359,39109,Miami
45360,39149,Shelby
45361,39109,Miami
45362,39037,Darke
45363,39149,Shelby
45365,39149,Shelby
45367,39149,Shelby
45368,39023,Clark
45369,39023,Clark
45370,39057,Greene
45371,39109,Miami
45372,39023,Clark
45373,39109,Miami
45374,39109,Miami
45377,39113,Montgomery
45378,39135,Preble
45380,39037,Darke
45381,39135,Preble
45382,39135,Preble
45383,39109,Miami
45384,39057,Greene
45385,39057,Greene
45387,39057,Greene
45388,39037,Darke
45389,39021,Champaign
45390,39037,Darke
45401,39113,Montgomery
45402,39113,Montgomery
45403,39113,Montgomery
45404,39113,Montgomery
45405,39113,Montgomery
45406,39113,Montgomery
45409,39113,Montgomery
45410,39113,Montgomery
45412,39113,Montgomery
45413,39113,Montgomery
45414,39113,Montgomery
45415,39113,Montgomery
45416,39113,Montgomery
45417,39113,Montgomery
45419,39113,Montgomery
45420,39113,Montgomery
45422,39113,Montgomery
45423,39113,Montgomery
45424,39113,Montgomery
45426,39113,Montgomery
45428,39113,Montgomery
45429,39113,Montgomery
45430,39057,Greene
45431,39057,Greene
45432,39057,Greene
45433,39057,Greene
45434,39057,Greene
45435,39057,Greene
45437,39113,Montgomery
45439,39113,Montgomery
45440,39057,Greene
45441,39113,Montgomery
45448,39113,Montgomery
45449,39113,Montgomery
45458,39113,Montgomery
45459,39113,Montgomery
45469,39113,Montgomery
45470,39113,Montgomery
45475,39113,Montgomery
45479,39113,Montgomery
45481,39113,Montgomery
45482,39113,Montgomery
45490,39113,Montgomery
45501,39023,Clark
45502,39023,Clark
45503,39023,Clark
45504,39023,Clark
45505,39023,Clark
45506,39023,Clark
45601,39141,Ross
45612,39141,Ross
45613,39131,Pike
45614,39053,Gallia
45616,39001,Adams
45617,39141,Ross
45618,39001,Adams
45619,39087,Lawrence
45620,39053,Gallia
45621,39079,Jackson
45622,39163,Vinton
45623,39053,Gallia
45624,39131,Pike
45628,39141,Ross
45629,39145,Scioto
45630,39145,Scioto
45631,39053,Gallia
45633,39141,Ross
45634,39163,Vinton
45636,39145,Scioto
45638,39087,Lawrence
45640,39079,Jackson
45642,39131,Pike
45643,39053,Gallia
45644,39141,Ross
45645,39087,Lawrence
45646,39131,Pike
45647,39163,Vinton
45648,39145,Scioto
45650,39001,Adams
45651,39163,Vinton
45652,39145,Scioto
45653,39145,Scioto
45654,39163,Vinton
45656,39079,Jackson
45657,39145,Scioto
45658,39053,Gallia
45659,39087,Lawrence
45660,39001,Adams
45661,39131,Pike
45662,39145,Scioto
45663,39145,Scioto
45669,39087,Lawrence
45671,39145,Scioto
45672,39163,Vinton
45673,39141,Ross
45674,39053,Gallia
45675,39087,Lawrence
45677,39145,Scioto
45678,39087,Lawrence
45679,39001,Adams
45680,39087,Lawrence
45681,39141,Ross
45682,39145,Scioto
45683,39131,Pike
45684,39001,Adams
45685,39079,Jackson
45686,39053,Gallia
45687,39131,Pike
45688,39087,Lawrence
45690,39131,Pike
45692,39079,Jackson
45693,39001,Adams
45694,39145,Scioto
45695,39163,Vinton
45696,39087,Lawrence
45697,39001,Adams
45698,39163,Vinton
45699,39145,Scioto
45701,39009,Athens
45710,39105,Meigs
45711,39009,Athens
45712,39167,Washington
45713,39167,Washington
45714,39167,Washington
45715,39115,Morgan
45716,39009,Athens
45717,39009,Athens
45719,39009,Athens
45720,39105,Meigs
45721,39167,Washington
45723,39009,Athens
45724,39167,Washington
45727,39121,Noble
45729,39167,Washington
45732,39009,Athens
45734,39111,Monroe
45735,39009,Athens
45739,39009,Athens
45740,39009,Athens
45741,39105,Meigs
45742,39167,Washington
45743,39105,Meigs
45744,39167,Washington
45745,39121,Noble
45746,39167,Washington
45750,39167,Washington
45760,39105,Meigs
45761,39009,Athens
45764,39073,Hocking
45766,39009,Athens
45767,39167,Washington
45768,39167,Washington
45769,39105,Meigs
45770,39105,Meigs
45771,39105,Meigs
45772,39105,Meigs
45773,39167,Washington
45775,39105,Meigs
45776,39105,Meigs
45777,39009,Athens
45778,39009,Athens
45779,39105,Meigs
45780,39009,Athens
45782,39009,Athens
45783,39105,Meigs
45784,39167,Washington
45786,39167,Washington
45787,39167,Washington
45788,39167,Washington
45789,39167,Washington
45801,39003,Allen
45802,39003,Allen
45804,39003,Allen
45805,39003,Allen
45806,39003,Allen
45807,39003,Allen
45808,39003,Allen
45809,39003,Allen
45810,39065,Hardin
45812,39065,Hardin
45813,39125,Paulding
45814,39063,Hancock
45815,39137,Putnam
45816,39063,Hancock
45817,39003,Allen
45819,39011,Auglaize
45820,39003,Allen
45821,39125,Paulding
45822,39107,Mercer
45826,39107,Mercer
45827,39137,Putnam
45828,39107,Mercer
45830,39137,Putnam
45831,39137,Putnam
45832,39161,Van Wert
45833,39003,Allen
45835,39065,Hardin
45836,39065,Hardin
45837,39137,Putnam
45838,39161,Van Wert
45839,39063,Hancock
45840,39063,Hancock
45841,39063,Hancock
45843,39065,Hardin
45844,39137,Putnam
45845,39149,Shelby
45846,39107,Mercer
45848,39137,Putnam
45849,39125,Paulding
45850,39003,Allen
45851,39125,Paulding
45853,39137,Putnam
45854,39003,Allen
45855,39125,Paulding
45856,39137,Putnam
45858,39063,Hancock
45859,39065,Hardin
45860,39107,Mercer
45861,39125,Paulding
45862,39107,Mercer
45863,39161,Van Wert
45864,39137,Putnam
45865,39011,Auglaize
45866,39107,Mercer
45867,39063,Hancock
45868,39063,Hancock
45869,39011,Auglaize
45870,39011,Auglaize
45871,39011,Auglaize
45872,39173,Wood
45873,39125,Paulding
45874,39161,Van Wert
45875,39137,Putnam
45876,39137,Putnam
45877,39137,Putnam
45879,39125,Paulding
45880,39125,Paulding
45881,39063,Hancock
45882,39107,Mercer
45883,39107,Mercer
45884,39011,Auglaize
45885,39011,Auglaize
45886,39125,Paulding
45887,39003,Allen
45888,39011,Auglaize
45889,39063,Hancock
45890,39063,Hancock
45891,39161,Van Wert
45893,39137,Putnam
45894,39161,Van Wert
45895,39011,Auglaize
45896,39011,Auglaize
45897,39063,Hancock
45898,39161,Van Wert
45899,39161,Van Wert
45999,39061,Hamilton
46001,18095,Madison
46011,18095,Madison
46012,18095,Madison
46013,18095,Madison
46014,18095,Madison
46015,18095,Madison
46016,18095,Madison
46017,18095,Madison
46018,18095,Madison
46030,18057,Hamilton
46031,18057,Hamilton
46032,18057,Hamilton
46033,18057,Hamilton
46034,18057,Hamilton
46035,18023,Clinton
46036,18095,Madison
46037,18057,Hamilton
46038,18057,Hamilton
46039,18023,Clinton
46040,18059,Hancock
46041,18023,Clinton
46044,18095,Madison
46045,18159,Tipton
46047,18159,Tipton
46048,18095,Madison
46049,18159,Tipton
46050,18023,Clinton
46051,18095,Madison
46052,18011,Boone
46055,18059,Hancock
46056,18095,Madison
46057,18023,Clinton
46058,18023,Clinton
46060,18057,Hamilton
46061,18057,Hamilton
46062,18057,Hamilton
46063,18095,Madison
46064,18095,Madison
46065,18023,Clinton
46067,18023,Clinton
46068,18159,Tipton
46069,18057,Hamilton
46070,18095,Madison
46071,18011,Boone
46072,18159,Tipton
46074,18057,Hamilton
46075,18011,Boone
46076,18159,Tipton
46077,18011,Boone
46082,18057,Hamilton
46085,18057,Hamilton
46102,18011,Boone
46103,18063,Hendricks
46104,18139,Rush
46105,18133,Putnam
46106,18081,Johnson
46107,18097,Marion
46110,18145,Shelby
46111,18109,Morgan
46112,18063,Hendricks
46113,18109,Morgan
46115,18139,Rush
46117,18059,Hancock
46118,18063,Hendricks
46120,18133,Putnam
46121,18063,Hendricks
46122,18063,Hendricks
46123,18063,Hendricks
46124,18145,Shelby
46125,18109,Morgan
46126,18145,Shelby
46127,18139,Rush
46128,18133,Putnam
46129,18059,Hancock
46130,18145,Shelby
46131,18081,Johnson
46133,18139,Rush
46135,18133,Putnam
46140,18059,Hancock
46142,18081,Johnson
46143,18081,Johnson
46144,18145,Shelby
46146,18139,Rush
46147,18011,Boone
46148,18065,Henry
46149,18063,Hendricks
46150,18139,Rush
46151,18109,Morgan
46154,18059,Hancock
46155,18139,Rush
46156,18139,Rush
46157,18109,Morgan
46158,18109,Morgan
46160,18013,Brown
46161,18145,Shelby
46162,18081,Johnson
46163,18059,Hancock
46164,18013,Brown
46165,18063,Hendricks
46166,18109,Morgan
46167,18063,Hendricks
46168,18063,Hendricks
46170,18133,Putnam
46171,18133,Putnam
46172,18133,Putnam
46173,18139,Rush
46175,18133,Putnam
46176,18145,Shelby
46180,18109,Morgan
46181,18081,Johnson
46182,18145,Shelby
46183,18097,Marion
46184,18081,Johnson
46186,18059,Hancock
46201,18097,Marion
46202,18097,Marion
46203,18097,Marion
46204,18097,Marion
46205,18097,Marion
46206,18097,Marion
46207,18097,Marion
46208,18097,Marion
46209,18097,Marion
46211,18097,Marion
46213,18097,Marion
46214,18097,Marion
46216,18097,Marion
46217,18097,Marion
46218,18097,Marion
46219,18097,Marion
46220,18097,Marion
46221,18097,Marion
46222,18097,Marion
46224,18097,Marion
46225,18097,Marion
46226,18097,Marion
46227,18097,Marion
46228,18097,Marion
46229,18097,Marion
46230,18097,Marion
46231,18063,Hendricks
46234,18063,Hendricks
46235,18097,Marion
46236,18097,Marion
46237,18097,Marion
46239,18097,Marion
46240,18097,Marion
46241,18097,Marion
46242,18097,Marion
46244,18097,Marion
46247,18097,Marion
46249,18097,Marion
46250,18097,Marion
46251,18097,Marion
46253,18097,Marion
46254,18097,Marion
46255,18097,Marion
46256,18097,Marion
46259,18097,Marion
46260,18097,Marion
46262,18057,Hamilton
46266,18097,Marion
46268,18097,Marion
46274,18097,Marion
46275,18097,Marion
46277,18097,Marion
46278,18097,Marion
46280,18057,Hamilton
46282,18097,Marion
46283,18097,Marion
46285,18097,Marion
46288,18057,Hamilton
46290,18057,Hamilton
46291,18097,Marion
46295,18097,Marion
46296,18097,Marion
46298,18097,Marion
46301,18127,Porter
46302,18127,Porter
46303,18089,Lake
46304,18127,Porter
46307,18089,Lake
46308,18089,Lake
46310,18073,Jasper
46311,18089,Lake
46312,18089,Lake
46319,18089,Lake
46320,18089,Lake
46321,18089,Lake
46322,18089,Lake
46323,18089,Lake
46324,18089,Lake
46325,18089,Lake
46327,18089,Lake
46340,18091,LaPorte
46341,18127,Porter
46342,18089,Lake
46345,18091,LaPorte
46346,18091,LaPorte
46347,18127,Porter
46348,18091,LaPorte
46349,18111,Newton
46350,18091,LaPorte
46352,18091,LaPorte
46355,18089,Lake
46356,18089,Lake
46360,18091,LaPorte
46361,18091,LaPorte
46365,18091,LaPorte
46366,18149,Starke
46368,18127,Porter
46371,18091,LaPorte
46372,18111,Newton
46373,18089,Lake
46374,18149,Starke
46375,18089,Lake
46376,18089,Lake
46377,18089,Lake
46379,18111,Newton
46380,18073,Jasper
46381,18111,Newton
46382,18091,LaPorte
46383,18127,Porter
46384,18127,Porter
46385,18127,Porter
46390,18091,LaPorte
46391,18091,LaPorte
46392,18073,Jasper
46393,18127,Porter
46394,18089,Lake
46401,18089,Lake
46402,18089,Lake
46403,18089,Lake
46404,18089,Lake
46405,18089,Lake
46406,18089,Lake
46407,18089,Lake
46408,18089,Lake
46409,18089,Lake
46410,18089,Lake
46411,18089,Lake
46501,18099,Marshall
46502,18085,Kosciusko
46504,18099,Marshall
46506,18099,Marshall
46507,18039,Elkhart
46508,18085,Kosciusko
46510,18085,Kosciusko
46511,18099,Marshall
46513,18099,Marshall
46514,18039,Elkhart
46515,18039,Elkhart
46516,18039,Elkhart
46517,18039,Elkhart
46524,18085,Kosciusko
46526,18039,Elkhart
46527,18039,Elkhart
46528,18039,Elkhart
46530,18141,St. Joseph
46531,18149,Starke
46532,18149,Starke
46534,18149,Starke
46536,18141,St. Joseph
46537,18099,Marshall
46538,18085,Kosciusko
46539,18085,Kosciusko
46540,18039,Elkhart
46542,18085,Kosciusko
46543,18039,Elkhart
46544,18141,St. Joseph
46545,18141,St. Joseph
46546,18141,St. Joseph
46550,18039,Elkhart
46552,18141,St. Joseph
46553,18039,Elkhart
46554,18141,St. Joseph
46555,18085,Kosciusko
46556,18141,St. Joseph
46561,18141,St. Joseph
46562,18085,Kosciusko
46563,18099,Marshall
46565,18087,LaGrange
46567,18085,Kosciusko
46570,18099,Marshall
46571,18087,LaGrange
46572,18099,Marshall
46573,18039,Elkhart
46574,18091,LaPorte
46580,18085,Kosciusko
46581,18085,Kosciusko
46582,18085,Kosciusko
46590,18085,Kosciusko
46595,18141,St. Joseph
46601,18141,St. Joseph
46613,18141,St. Joseph
46614,18141,St. Joseph
46615,18141,St. Joseph
46616,18141,St. Joseph
46617,18141,St. Joseph
46619,18141,St. Joseph
46624,18141,St. Joseph
46626,18141,St. Joseph
46628,18141,St. Joseph
46634,18141,St. Joseph
46635,18141,St. Joseph
46637,18141,St. Joseph
46660,18141,St. Joseph
46680,18141,St. Joseph
46699,18141,St. Joseph
46701,18113,Noble
46702,18069,Huntington
46703,18151,Steuben
46704,18003,Allen
46705,18033,DeKalb
46706,18033,DeKalb
46710,18113,Noble
46711,18001,Adams
46713,18069,Huntington
46714,18179,Wells
46721,18033,DeKalb
46723,18183,Whitley
46725,18183,Whitley
46730,18033,DeKalb
46731,18179,Wells
46732,18113,Noble
46733,18001,Adams
46737,18151,Steuben
46738,18033,DeKalb
46740,18001,Adams
46741,18003,Allen
46742,18151,Steuben
46743,18003,Allen
46745,18003,Allen
46746,18087,LaGrange
46747,18151,Steuben
46748,18003,Allen
46750,18069,Huntington
46755,18113,Noble
46759,18179,Wells
46760,18113,Noble
46761,18087,LaGrange
46763,18113,Noble
46764,18183,Whitley
46765,18003,Allen
46766,18179,Wells
46767,18113,Noble
46769,18001,Adams
46770,18179,Wells
46771,18087,LaGrange
46772,18001,Adams
46773,18003,Allen
46774,18003,Allen
46776,18151,Steuben
46777,18179,Wells
46778,18179,Wells
46779,18151,Steuben
46780,18001,Adams
46781,18179,Wells
46782,18001,Adams
46783,18069,Huntington
46784,18113,Noble
46785,18033,DeKalb
46786,18087,LaGrange
46787,18183,Whitley
46788,18033,DeKalb
46789,18087,LaGrange
46791,18179,Wells
46792,18069,Huntington
46793,18033,DeKalb
46794,18113,Noble
46795,18087,LaGrange
46796,18113,Noble
46797,18003,Allen
46798,18003,Allen
46799,18179,Wells
46801,18003,Allen
46802,18003,Allen
46803,18003,Allen
46804,18003,Allen
46805,18003,Allen
46806,18003,Allen
46807,18003,Allen
46808,18003,Allen
46809,18003,Allen
46814,18003,Allen
46815,18003,Allen
46816,18003,Allen
46818,18003,Allen
46819,18003,Allen
46825,18003,Allen
46835,18003,Allen
46845,18003,Allen
46850,18003,Allen
46851,18003,Allen
46852,18003,Allen
46853,18003,Allen
46854,18003,Allen
46855,18003,Allen
46856,18003,Allen
46857,18003,Allen
46858,18003,Allen
46859,18003,Allen
46860,18003,Allen
46861,18003,Allen
46862,18003,Allen
46863,18003,Allen
46864,18003,Allen
46865,18003,Allen
46866,18003,Allen
46867,18003,Allen
46868,18003,Allen
46869,18003,Allen
46885,18003,Allen
46895,18003,Allen
46896,18003,Allen
46897,18003,Allen
46898,18003,Allen
46899,18003,Allen
46901,18067,Howard
46902,18067,Howard
46903,18067,Howard
46904,18067,Howard
46910,18049,Fulton
46911,18103,Miami
46912,18049,Fulton
46913,18015,Carroll
46914,18103,Miami
46915,18015,Carroll
46916,18015,Carroll
46917,18015,Carroll
46919,18053,Grant
46920,18015,Carroll
46921,18103,Miami
46922,18049,Fulton
46923,18015,Carroll
46926,18103,Miami
46928,18053,Grant
46929,18015,Carroll
46930,18053,Grant
46931,18049,Fulton
46932,18017,Cass
46933,18053,Grant
46935,18049,Fulton
46936,18067,Howard
46937,18067,Howard
46938,18053,Grant
46939,18049,Fulton
46940,18169,Wabash
46941,18169,Wabash
46942,18017,Cass
46943,18169,Wabash
46945,18049,Fulton
46946,18169,Wabash
46947,18017,Cass
46950,18017,Cass
46951,18103,Miami
46952,18053,Grant
46953,18053,Grant
46957,18053,Grant
46958,18103,Miami
46959,18103,Miami
46960,18131,Pulaski
46961,18017,Cass
46962,18169,Wabash
46965,18067,Howard
46967,18017,Cass
46968,18131,Pulaski
46970,18103,Miami
46971,18103,Miami
46974,18169,Wabash
46975,18049,Fulton
46977,18015,Carroll
46978,18017,Cass
46979,18067,Howard
46980,18169,Wabash
46982,18085,Kosciusko
46984,18169,Wabash
46985,18131,Pulaski
46986,18053,Grant
46987,18053,Grant
46988,18017,Cass
46989,18053,Grant
46990,18169,Wabash
46991,18053,Grant
46992,18169,Wabash
46994,18017,Cass
46995,18067,Howard
46996,18131,Pulaski
46998,18017,Cass
47001,18029,Dearborn
47003,18161,Union
47006,18137,Ripley
47010,18047,Franklin
47011,18155,Switzerland
47012,18047,Franklin
47016,18047,Franklin
47017,18137,Ripley
47018,18029,Dearborn
47019,18155,Switzerland
47020,18155,Switzerland
47021,18137,Ripley
47022,18029,Dearborn
47023,18137,Ripley
47024,18047,Franklin
47025,18029,Dearborn
47030,18047,Franklin
47031,18137,Ripley
47032,18029,Dearborn
47033,18137,Ripley
47034,18137,Ripley
47035,18047,Franklin
47036,18047,Franklin
47037,18137,Ripley
47038,18155,Switzerland
47039,18137,Ripley
47040,18115,Ohio
47041,18029,Dearborn
47042,18137,Ripley
47043,18155,Switzerland
47060,18029,Dearborn
47102,18143,Scott
47104,18019,Clark
47106,18019,Clark
47107,18061,Harrison
47108,18175,Washington
47110,18061,Harrison
47111,18019,Clark
47112,18061,Harrison
47114,18061,Harrison
47115,18061,Harrison
47116,18025,Crawford
47117,18061,Harrison
47118,18025,Crawford
47119,18043,Floyd
47120,18175,Washington
47122,18043,Floyd
47123,18025,Crawford
47124,18043,Floyd
47125,18175,Washington
47126,18019,Clark
47129,18019,Clark
47130,18019,Clark
47131,18019,Clark
47132,18019,Clark
47133,18019,Clark
47134,18019,Clark
47135,18061,Harrison
47136,18061,Harrison
47137,18025,Crawford
47138,18077,Jefferson
47140,18025,Crawford
47141,18019,Clark
47142,18061,Harrison
47143,18019,Clark
47144,18019,Clark
47145,18025,Crawford
47146,18043,Floyd
47147,18019,Clark
47150,18043,Floyd
47151,18043,Floyd
47160,18061,Harrison
47161,18061,Harrison
47162,18019,Clark
47163,18019,Clark
47164,18061,Harrison
47165,18175,Washington
47166,18061,Harrison
47167,18175,Washington
47170,18143,Scott
47172,18019,Clark
47174,18025,Crawford
47175,18025,Crawford
47177,18143,Scott
47190,18019,Clark
47199,18019,Clark
47201,18005,Bartholomew
47202,18005,Bartholomew
47203,18005,Bartholomew
47220,18071,Jackson
47223,18079,Jennings
47224,18077,Jefferson
47225,18031,Decatur
47226,18005,Bartholomew
47227,18079,Jennings
47228,18071,Jackson
47229,18071,Jackson
47230,18077,Jefferson
47231,18077,Jefferson
47232,18005,Bartholomew
47234,18145,Shelby
47235,18071,Jackson
47236,18005,Bartholomew
47240,18031,Decatur
47243,18077,Jefferson
47244,18005,Bartholomew
47245,18079,Jennings
47246,18005,Bartholomew
47247,18005,Bartholomew
47249,18071,Jackson
47250,18077,Jefferson
47260,18071,Jackson
47261,18031,Decatur
47263,18031,Decatur
47264,18071,Jackson
47265,18079,Jennings
47270,18079,Jennings
47272,18031,Decatur
47273,18079,Jennings
47274,18071,Jackson
47280,18005,Bartholomew
47281,18071,Jackson
47282,18079,Jennings
47283,18031,Decatur
47302,18035,Delaware
47303,18035,Delaware
47304,18035,Delaware
47305,18035,Delaware
47306,18035,Delaware
47307,18035,Delaware
47308,18035,Delaware
47320,18035,Delaware
47322,18041,Fayette
47324,18177,Wayne
47325,18161,Union
47326,18075,Jay
47327,18177,Wayne
47330,18177,Wayne
47331,18041,Fayette
47334,18035,Delaware
47335,18177,Wayne
47336,18075,Jay
47337,18065,Henry
47338,18035,Delaware
47339,18177,Wayne
47340,18135,Randolph
47341,18177,Wayne
47342,18035,Delaware
47344,18065,Henry
47345,18177,Wayne
47346,18177,Wayne
47348,18009,Blackford
47351,18065,Henry
47352,18065,Henry
47353,18161,Union
47354,18135,Randolph
47355,18135,Randolph
47356,18065,Henry
47357,18177,Wayne
47358,18135,Randolph
47359,18009,Blackford
47360,18065,Henry
47361,18065,Henry
47362,18065,Henry
47366,18065,Henry
47367,18035,Delaware
47368,18135,Randolph
47369,18075,Jay
47370,18177,Wayne
47371,18075,Jay
47373,18075,Jay
47374,18177,Wayne
47375,18177,Wayne
47380,18135,Randolph
47381,18075,Jay
47382,18135,Randolph
47383,18035,Delaware
47384,18065,Henry
47385,18065,Henry
47386,18065,Henry
47387,18065,Henry
47388,18065,Henry
47390,18135,Randolph
47392,18177,Wayne
47393,18177,Wayne
47394,18135,Randolph
47396,18035,Delaware
47401,18105,Monroe
47402,18105,Monroe
47403,18105,Monroe
47404,18105,Monroe
47405,18105,Monroe
47406,18105,Monroe
47407,18105,Monroe
47408,18105,Monroe
47420,18093,Lawrence
47421,18093,Lawrence
47424,18055,Greene
47426,18105,Monroe
47427,18119,Owen
47429,18105,Monroe
47431,18119,Owen
47432,18117,Orange
47433,18119,Owen
47434,18105,Monroe
47435,18013,Brown
47436,18093,Lawrence
47437,18093,Lawrence
47438,18055,Greene
47439,18055,Greene
47441,18055,Greene
47443,18055,Greene
47445,18055,Greene
47446,18093,Lawrence
47448,18013,Brown
47449,18055,Greene
47451,18093,Lawrence
47452,18117,Orange
47453,18055,Greene
47454,18117,Orange
47455,18119,Owen
47456,18119,Owen
47457,18055,Greene
47458,18105,Monroe
47459,18055,Greene
47460,18119,Owen
47462,18093,Lawrence
47463,18105,Monroe
47464,18105,Monroe
47465,18055,Greene
47467,18093,Lawrence
47468,18105,Monroe
47469,18117,Orange
47470,18093,Lawrence
47471,18055,Greene
47501,18027,Daviess
47512,18083,Knox
47513,18037,Dubois
47514,18123,Perry
47515,18123,Perry
47516,18083,Knox
47519,18027,Daviess
47520,18123,Perry
47521,18037,Dubois
47522,18101,Martin
47523,18173,Warrick
47524,18083,Knox
47525,18123,Perry
47527,18037,Dubois
47528,18083,Knox
47529,18027,Daviess
47531,18147,Spencer
47532,18037,Dubois
47535,18083,Knox
47536,18147,Spencer
47537,18147,Spencer
47541,18037,Dubois
47542,18037,Dubois
47545,18037,Dubois
47546,18037,Dubois
47547,18037,Dubois
47549,18037,Dubois
47550,18147,Spencer
47551,18123,Perry
47552,18147,Spencer
47553,18101,Martin
47556,18147,Spencer
47557,18083,Knox
47558,18027,Daviess
47561,18083,Knox
47562,18027,Daviess
47564,18125,Pike
47567,18125,Pike
47568,18027,Daviess
47573,18083,Knox
47574,18123,Perry
47575,18037,Dubois
47576,18123,Perry
47577,18147,Spencer
47578,18083,Knox
47579,18147,Spencer
47580,18037,Dubois
47581,18101,Martin
47584,18125,Pike
47585,18125,Pike
47586,18123,Perry
47588,18147,Spencer
47590,18125,Pike
47591,18083,Knox
47596,18083,Knox
47597,18083,Knox
47598,18125,Pike
47601,18173,Warrick
47610,18173,Warrick
47611,18147,Spencer
47612,18051,Gibson
47613,18173,Warrick
47615,18147,Spencer
47616,18051,Gibson
47617,18147,Spencer
47618,18163,Vanderburgh
47619,18173,Warrick
47620,18129,Posey
47629,18173,Warrick
47630,18173,Warrick
47631,18129,Posey
47633,18129,Posey
47634,18147,Spencer
47635,18147,Spencer
47637,18173,Warrick
47638,18129,Posey
47639,18051,Gibson
47640,18051,Gibson
47647,18051,Gibson
47648,18051,Gibson
47649,18051,Gibson
47654,18051,Gibson
47660,18051,Gibson
47665,18051,Gibson
47666,18051,Gibson
47670,18051,Gibson
47683,18051,Gibson
47701,18163,Vanderburgh
47702,18163,Vanderburgh
47703,18163,Vanderburgh
47704,18163,Vanderburgh
47705,18163,Vanderburgh
47706,18163,Vanderburgh
47708,18163,Vanderburgh
47710,18163,Vanderburgh
47711,18163,Vanderburgh
47712,18163,Vanderburgh
47713,18163,Vanderburgh
47714,18163,Vanderburgh
47715,18163,Vanderburgh
47716,18163,Vanderburgh
47719,18163,Vanderburgh
47720,18163,Vanderburgh
47721,18163,Vanderburgh
47722,18163,Vanderburgh
47724,18163,Vanderburgh
47725,18163,Vanderburgh
47728,18163,Vanderburgh
47730,18163,Vanderburgh
47731,18163,Vanderburgh
47732,18163,Vanderburgh
47733,18163,Vanderburgh
47734,18163,Vanderburgh
47735,18163,Vanderburgh
47736,18163,Vanderburgh
47737,18163,Vanderburgh
47740,18163,Vanderburgh
47747,18163,Vanderburgh
47750,18163,Vanderburgh
47801,18167,Vigo
47802,18167,Vigo
47803,18167,Vigo
47804,18167,Vigo
47805,18167,Vigo
47807,18167,Vigo
47808,18167,Vigo
47809,18167,Vigo
47830,18121,Parke
47831,18165,Vermillion
47832,18121,Parke
47833,18021,Clay
47834,18021,Clay
47836,18121,Parke
47837,18121,Parke
47838,18153,Sullivan
47840,18021,Clay
47841,18021,Clay
47842,18165,Vermillion
47845,18021,Clay
47846,18021,Clay
47847,18165,Vermillion
47848,18153,Sullivan
47849,18153,Sullivan
47850,18153,Sullivan
47851,18167,Vigo
47852,18153,Sullivan
47853,18021,Clay
47854,18165,Vermillion
47855,18153,Sullivan
47857,18021,Clay
47858,18021,Clay
47859,18121,Parke
47860,18121,Parke
47861,18153,Sullivan
47862,18121,Parke
47863,18167,Vigo
47865,18153,Sullivan
47866,18167,Vigo
47868,18119,Owen
47869,18167,Vigo
47870,18167,Vigo
47871,18167,Vigo
47872,18121,Parke
47874,18121,Parke
47875,18165,Vermillion
47876,18167,Vigo
47878,18167,Vigo
47879,18153,Sullivan
47880,18167,Vigo
47881,18021,Clay
47882,18153,Sullivan
47884,18165,Vermillion
47885,18167,Vigo
47901,18157,Tippecanoe
47902,18157,Tippecanoe
47903,18157,Tippecanoe
47904,18157,Tippecanoe
47905,18157,Tippecanoe
47906,18157,Tippecanoe
47907,18157,Tippecanoe
47909,18157,Tippecanoe
47916,18107,Montgomery
47917,18171,Warren
47918,18045,Fountain
47920,18157,Tippecanoe
47921,18007,Benton
47922,18111,Newton
47923,18181,White
47924,18157,Tippecanoe
47925,18181,White
47926,18181,White
47928,18165,Vermillion
47929,18181,White
47930,18157,Tippecanoe
47932,18045,Fountain
47933,18107,Montgomery
47940,18107,Montgomery
47941,18157,Tippecanoe
47942,18007,Benton
47943,18111,Newton
47944,18007,Benton
47946,18131,Pulaski
47948,18111,Newton
47949,18045,Fountain
47950,18181,White
47951,18111,Newton
47952,18045,Fountain
47954,18107,Montgomery
47955,18107,Montgomery
47957,18131,Pulaski
47958,18045,Fountain
47959,18181,White
47960,18181,White
47962,18157,Tippecanoe
47963,18111,Newton
47964,18111,Newton
47965,18107,Montgomery
47966,18165,Vermillion
47967,18107,Montgomery
47968,18107,Montgomery
47969,18045,Fountain
47970,18171,Warren
47971,18007,Benton
47974,18165,Vermillion
47975,18171,Warren
47977,18073,Jasper
47978,18073,Jasper
47980,18181,White
47981,18157,Tippecanoe
47982,18171,Warren
47983,18157,Tippecanoe
47984,18007,Benton
47986,18007,Benton
47987,18045,Fountain
47988,18045,Fountain
47989,18107,Montgomery
47990,18107,Montgomery
47991,18171,Warren
47992,18157,Tippecanoe
47993,18171,Warren
47994,18107,Montgomery
47995,18181,White
47996,18157,Tippecanoe
47997,18015,Carroll
48001,26147,St. Clair
48002,26147,St. Clair
48003,26087,Lapeer
48004,26147,St. Clair
48005,26099,Macomb
48006,26147,St. Clair
48007,26125,Oakland
48009,26125,Oakland
48012,26125,Oakland
48014,26147,St. Clair
48015,26099,Macomb
48017,26125,Oakland
48021,26099,Macomb
48022,26147,St. Clair
48023,26147,St. Clair
48025,26125,Oakland
48026,26099,Macomb
48027,26147,St. Clair
48028,26147,St. Clair
48030,26125,Oakland
48032,26147,St. Clair
48033,26125,Oakland
48034,26125,Oakland
48035,26099,Macomb
48036,26099,Macomb
48037,26125,Oakland
48038,26099,Macomb
48039,26147,St. Clair
48040,26147,St. Clair
48041,26147,St. Clair
48042,26099,Macomb
48043,26099,Macomb
48044,26099,Macomb
48045,26099,Macomb
48046,26099,Macomb
48047,26099,Macomb
48048,26099,Macomb
48049,26147,St. Clair
48050,26099,Macomb
48051,26099,Macomb
48054,26147,St. Clair
48059,26147,St. Clair
48060,26147,St. Clair
48061,26147,St. Clair
48062,26099,Macomb
48063,26147,St. Clair
48064,26147,St. Clair
48065,26099,Macomb
48066,26099,Macomb
48067,26125,Oakland
48068,26125,Oakland
48069,26125,Oakland
48070,26125,Oakland
48071,26125,Oakland
48072,26125,Oakland
48073,26125,Oakland
48074,26147,St. Clair
48075,26125,Oakland
48076,26125,Oakland
48079,26147,St. Clair
48080,26099,Macomb
48081,26099,Macomb
48082,26099,Macomb
48083,26125,Oakland
48084,26125,Oakland
48085,26125,Oakland
48086,26125,Oakland
48088,26099,Macomb
48089,26099,Macomb
48090,26099,Macomb
48091,26099,Macomb
48092,26099,Macomb
48093,26099,Macomb
48094,26099,Macomb
48095,26099,Macomb
48096,26099,Macomb
48097,26147,St. Clair
48098,26125,Oakland
48099,26125,Oakland
48101,26163,Wayne
48103,26161,Washtenaw
48104,26161,Washtenaw
48105,26161,Washtenaw
48106,26161,Washtenaw
48107,26161,Washtenaw
48108,26161,Washtenaw
48109,26161,Washtenaw
48110,26115,Monroe
48111,26163,Wayne
48112,26163,Wayne
48113,26161,Washtenaw
48114,26093,Livingston
48115,26161,Washtenaw
48116,26093,Livingston
48117,26115,Monroe
48118,26161,Washtenaw
48120,26163,Wayne
48121,26163,Wayne
48122,26163,Wayne
48123,26163,Wayne
48124,26163,Wayne
48125,26163,Wayne
48126,26163,Wayne
48127,26163,Wayne
48128,26163,Wayne
48130,26161,Washtenaw
48131,26115,Monroe
48133,26115,Monroe
48134,26163,Wayne
48135,26163,Wayne
48136,26163,Wayne
48137,26093,Livingston
48138,26163,Wayne
48139,26093,Livingston
48140,26115,Monroe
48141,26163,Wayne
48143,26093,Livingston
48144,26115,Monroe
48145,26115,Monroe
48146,26163,Wayne
48150,26163,Wayne
48151,26163,Wayne
48152,26163,Wayne
48153,26163,Wayne
48154,26163,Wayne
48157,26115,Monroe
48158,26161,Washtenaw
48159,26115,Monroe
48160,26115,Monroe
48161,26115,Monroe
48162,26115,Monroe
48164,26163,Wayne
48165,26125,Oakland
48166,26115,Monroe
48167,26125,Oakland
48168,26163,Wayne
48169,26093,Livingston
48170,26163,Wayne
48173,26163,Wayne
48174,26163,Wayne
48175,26161,Washtenaw
48176,26161,Washtenaw
48177,26115,Monroe
48178,26125,Oakland
48179,26115,Monroe
48180,26163,Wayne
48182,26115,Monroe
48183,26163,Wayne
48184,26163,Wayne
48185,26163,Wayne
48186,26163,Wayne
48187,26163,Wayne
48188,26163,Wayne
48189,26161,Washtenaw
48190,26161,Washtenaw
48191,26161,Washtenaw
48192,26163,Wayne
48193,26163,Wayne
48195,26163,Wayne
48197,26161,Washtenaw
48198,26161,Washtenaw
48201,26163,Wayne
48202,26163,Wayne
48203,26163,Wayne
48204,26163,Wayne
48205,26163,Wayne
48206,26163,Wayne
48207,26163,Wayne
48208,26163,Wayne
48209,26163,Wayne
48210,26163,Wayne
48211,26163,Wayne
48212,26163,Wayne
48213,26163,Wayne
48214,26163,Wayne
48215,26163,Wayne
48216,26163,Wayne
48217,26163,Wayne
48218,26163,Wayne
48219,26163,Wayne
48220,26125,Oakland
48221,26163,Wayne
48222,26163,Wayne
48223,26163,Wayne
48224,26163,Wayne
48225,26163,Wayne
48226,26163,Wayne
48227,26163,Wayne
48228,26163,Wayne
48229,26163,Wayne
48230,26163,Wayne
48231,26163,Wayne
48232,26163,Wayne
48233,26163,Wayne
48234,26163,Wayne
48235,26163,Wayne
48236,26163,Wayne
48237,26125,Oakland
48238,26163,Wayne
48239,26163,Wayne
48240,26163,Wayne
48242,26163,Wayne
48243,26163,Wayne
48244,26163,Wayne
48255,26163,Wayne
48260,26163,Wayne
48264,26163,Wayne
48265,26163,Wayne
48266,26163,Wayne
48267,26163,Wayne
48268,26163,Wayne
48269,26163,Wayne
48272,26163,Wayne
48275,26163,Wayne
48277,26163,Wayne
48278,26163,Wayne
48279,26163,Wayne
48288,26163,Wayne
48301,26125,Oakland
48302,26125,Oakland
48303,26125,Oakland
48304,26125,Oakland
48306,26125,Oakland
48307,26125,Oakland
48308,26125,Oakland
48309,26125,Oakland
48310,26099,Macomb
48311,26099,Macomb
48312,26099,Macomb
48313,26099,Macomb
48314,26099,Macomb
48315,26099,Macomb
48316,26099,Macomb
48317,26099,Macomb
48318,26099,Macomb
48320,26125,Oakland
48321,26125,Oakland
48322,26125,Oakland
48323,26125,Oakland
48324,26125,Oakland
48325,26125,Oakland
48326,26125,Oakland
48327,26125,Oakland
48328,26125,Oakland
48329,26125,Oakland
48330,26125,Oakland
48331,26125,Oakland
48332,26125,Oakland
48333,26125,Oakland
48334,26125,Oakland
48335,26125,Oakland
48336,26125,Oakland
48340,26125,Oakland
48341,26125,Oakland
48342,26125,Oakland
48343,26125,Oakland
48346,26125,Oakland
48347,26125,Oakland
48348,26125,Oakland
48350,26125,Oakland
48353,26093,Livingston
48356,26125,Oakland
48357,26125,Oakland
48359,26125,Oakland
48360,26125,Oakland
48361,26125,Oakland
48362,26125,Oakland
48363,26125,Oakland
48366,26125,Oakland
48367,26125,Oakland
48370,26125,Oakland
48371,26125,Oakland
48374,26125,Oakland
48375,26125,Oakland
48376,26125,Oakland
48377,26125,Oakland
48380,26125,Oakland
48381,26125,Oakland
48382,26125,Oakland
48383,26125,Oakland
48386,26125,Oakland
48387,26125,Oakland
48390,26125,Oakland
48391,26125,Oakland
48393,26125,Oakland
48397,26099,Macomb
48401,26151,Sanilac
48410,26151,Sanilac
48411,26049,Genesee
48412,26087,Lapeer
48413,26063,Huron
48414,26155,Shiawassee
48415,26145,Saginaw
48416,26151,Sanilac
48417,26145,Saginaw
48418,26155,Shiawassee
48419,26151,Sanilac
48420,26049,Genesee
48421,26087,Lapeer
48422,26151,Sanilac
48423,26049,Genesee
48426,26151,Sanilac
48427,26151,Sanilac
48428,26087,Lapeer
48429,26155,Shiawassee
48430,26093,Livingston
48432,26063,Huron
48433,26049,Genesee
48434,26151,Sanilac
48435,26157,Tuscola
48436,26049,Genesee
48437,26049,Genesee
48438,26049,Genesee
48439,26049,Genesee
48440,26087,Lapeer
48441,26063,Huron
48442,26125,Oakland
48444,26087,Lapeer
48445,26063,Huron
48446,26087,Lapeer
48449,26155,Shiawassee
48450,26151,Sanilac
48451,26049,Genesee
48453,26151,Sanilac
48454,26151,Sanilac
48455,26087,Lapeer
48456,26151,Sanilac
48457,26049,Genesee
48458,26049,Genesee
48460,26155,Shiawassee
48461,26087,Lapeer
48462,26125,Oakland
48463,26049,Genesee
48464,26087,Lapeer
48465,26151,Sanilac
48466,26151,Sanilac
48467,26063,Huron
48468,26063,Huron
48469,26151,Sanilac
48470,26063,Huron
48471,26151,Sanilac
48472,26151,Sanilac
48473,26049,Genesee
48475,26151,Sanilac
48476,26155,Shiawassee
48480,26049,Genesee
48501,26049,Genesee
48502,26049,Genesee
48503,26049,Genesee
48504,26049,Genesee
48505,26049,Genesee
48506,26049,Genesee
48507,26049,Genesee
48509,26049,Genesee
48519,26049,Genesee
48529,26049,Genesee
48531,26049,Genesee
48532,26049,Genesee
48550,26049,Genesee
48551,26049,Genesee
48552,26049,Genesee
48553,26049,Genesee
48554,26049,Genesee
48555,26049,Genesee
48556,26049,Genesee
48557,26049,Genesee
48601,26145,Saginaw
48602,26145,Saginaw
48603,26145,Saginaw
48604,26145,Saginaw
48605,26145,Saginaw
48606,26145,Saginaw
48607,26145,Saginaw
48608,26145,Saginaw
48609,26145,Saginaw
48610,26051,Gladwin
48611,26017,Bay
48612,26051,Gladwin
48613,26017,Bay
48614,26145,Saginaw
48615,26057,Gratiot
48616,26145,Saginaw
48617,26035,Clare
48618,26111,Midland
48619,26135,Oscoda
48620,26111,Midland
48621,26135,Oscoda
48622,26035,Clare
48623,26145,Saginaw
48624,26051,Gladwin
48625,26035,Clare
48626,26145,Saginaw
48627,26143,Roscommon
48628,26111,Midland
48629,26143,Roscommon
48630,26143,Roscommon
48631,26017,Bay
48632,26035,Clare
48633,26035,Clare
48634,26017,Bay
48635,26129,Ogemaw
48636,26135,Oscoda
48637,26145,Saginaw
48638,26145,Saginaw
48640,26111,Midland
48641,26111,Midland
48642,26111,Midland
48647,26135,Oscoda
48649,26145,Saginaw
48650,26017,Bay
48651,26143,Roscommon
48652,26051,Gladwin
48653,26143,Roscommon
48654,26129,Ogemaw
48655,26145,Saginaw
48656,26143,Roscommon
48657,26111,Midland
48658,26011,Arenac
48659,26011,Arenac
48661,26129,Ogemaw
48662,26057,Gratiot
48663,26145,Saginaw
48667,26111,Midland
48670,26111,Midland
48674,26111,Midland
48686,26111,Midland
48701,26157,Tuscola
48703,26011,Arenac
48705,26001,Alcona
48706,26017,Bay
48707,26017,Bay
48708,26017,Bay
48710,26017,Bay
48720,26063,Huron
48721,26001,Alcona
48722,26145,Saginaw
48723,26157,Tuscola
48724,26145,Saginaw
48725,26063,Huron
48726,26157,Tuscola
48727,26087,Lapeer
48728,26001,Alcona
48729,26157,Tuscola
48730,26069,Iosco
48731,26063,Huron
48732,26017,Bay
48733,26157,Tuscola
48734,26145,Saginaw
48735,26157,Tuscola
48737,26001,Alcona
48738,26001,Alcona
48739,26069,Iosco
48740,26001,Alcona
48741,26157,Tuscola
48742,26001,Alcona
48743,26069,Iosco
48744,26157,Tuscola
48745,26001,Alcona
48746,26157,Tuscola
48747,26017,Bay
48748,26069,Iosco
48749,26011,Arenac
48750,26069,Iosco
48754,26063,Huron
48755,26063,Huron
48756,26129,Ogemaw
48757,26157,Tuscola
48758,26157,Tuscola
48759,26063,Huron
48760,26087,Lapeer
48761,26129,Ogemaw
48762,26001,Alcona
48763,26069,Iosco
48764,26069,Iosco
48765,26011,Arenac
48766,26011,Arenac
48767,26157,Tuscola
48768,26157,Tuscola
48770,26069,Iosco
48787,26145,Saginaw
48801,26057,Gratiot
48804,26073,Isabella
48805,26065,Ingham
48806,26057,Gratiot
48807,26057,Gratiot
48808,26037,Clinton
48809,26067,Ionia
48811,26117,Montcalm
48812,26117,Montcalm
48813,26045,Eaton
48815,26067,Ionia
48816,26093,Livingston
48817,26155,Shiawassee
48818,26117,Montcalm
48819,26065,Ingham
48820,26037,Clinton
48821,26045,Eaton
48822,26037,Clinton
48823,26065,Ingham
48824,26065,Ingham
48825,26065,Ingham
48826,26065,Ingham
48827,26045,Eaton
48829,26117,Montcalm
48830,26057,Gratiot
48831,26037,Clinton
48832,26057,Gratiot
48833,26037,Clinton
48834,26117,Montcalm
48835,26037,Clinton
48836,26093,Livingston
48837,26045,Eaton
48838,26117,Montcalm
48840,26065,Ingham
48841,26155,Shiawassee
48842,26065,Ingham
48843,26093,Livingston
48844,26093,Livingston
48845,26067,Ionia
48846,26067,Ionia
48847,26057,Gratiot
48848,26155,Shiawassee
48849,26067,Ionia
48850,26117,Montcalm
48851,26067,Ionia
48852,26117,Montcalm
48853,26037,Clinton
48854,26065,Ingham
48855,26093,Livingston
48856,26057,Gratiot
48857,26155,Shiawassee
48858,26073,Isabella
48859,26073,Isabella
48860,26067,Ionia
48861,26045,Eaton
48862,26057,Gratiot
48864,26065,Ingham
48865,26067,Ionia
48866,26037,Clinton
48867,26155,Shiawassee
48870,26067,Ionia
48871,26057,Gratiot
48872,26155,Shiawassee
48873,26067,Ionia
48874,26057,Gratiot
48875,26067,Ionia
48876,26045,Eaton
48877,26057,Gratiot
48878,26073,Isabella
48879,26037,Clinton
48880,26057,Gratiot
48881,26067,Ionia
48882,26155,Shiawassee
48883,26073,Isabella
48884,26117,Montcalm
48885,26117,Montcalm
48886,26117,Montcalm
48887,26067,Ionia
48888,26117,Montcalm
48889,26057,Gratiot
48890,26045,Eaton
48891,26117,Montcalm
48892,26065,Ingham
48893,26073,Isabella
48894,26037,Clinton
48895,26065,Ingham
48896,26073,Isabella
48897,26015,Barry
48901,26065,Ingham
48906,26037,Clinton
48908,26045,Eaton
48909,26065,Ingham
48910,26065,Ingham
48911,26065,Ingham
48912,26065,Ingham
48913,26065,Ingham
48915,26065,Ingham
48916,26065,Ingham
48917,26045,Eaton
48918,26065,Ingham
48919,26065,Ingham
48922,26065,Ingham
48924,26065,Ingham
48929,26065,Ingham
48930,26065,Ingham
48933,26065,Ingham
48937,26065,Ingham
48951,26065,Ingham
48956,26065,Ingham
48980,26065,Ingham
49001,26077,Kalamazoo
49002,26077,Kalamazoo
49003,26077,Kalamazoo
49004,26077,Kalamazoo
49005,26077,Kalamazoo
49006,26077,Kalamazoo
49007,26077,Kalamazoo
49008,26077,Kalamazoo
49009,26077,Kalamazoo
49010,26005,Allegan
49011,26025,Calhoun
49012,26077,Kalamazoo
49013,26159,Van Buren
49014,26025,Calhoun
49015,26025,Calhoun
49016,26025,Calhoun
49017,26025,Calhoun
49018,26025,Calhoun
49019,26077,Kalamazoo
49020,26025,Calhoun
49021,26045,Eaton
49022,26021,Berrien
49023,26021,Berrien
49024,26077,Kalamazoo
49026,26159,Van Buren
49027,26159,Van Buren
49028,26023,Branch
49029,26025,Calhoun
49030,26149,St. Joseph
49031,26027,Cass
49032,26149,St. Joseph
49033,26025,Calhoun
49034,26077,Kalamazoo
49035,26015,Barry
49036,26023,Branch
49037,26025,Calhoun
49038,26021,Berrien
49039,26021,Berrien
49040,26149,St. Joseph
49041,26077,Kalamazoo
49042,26149,St. Joseph
49043,26159,Van Buren
49045,26159,Van Buren
49046,26015,Barry
49047,26027,Cass
49048,26077,Kalamazoo
49050,26015,Barry
49051,26025,Calhoun
49052,26077,Kalamazoo
49053,26077,Kalamazoo
49055,26159,Van Buren
49056,26159,Van Buren
49057,26159,Van Buren
49058,26015,Barry
49060,26015,Barry
49061,26027,Cass
49062,26159,Van Buren
49063,26159,Van Buren
49064,26159,Van Buren
49065,26159,Van Buren
49066,26149,St. Joseph
49067,26027,Cass
49068,26025,Calhoun
49070,26005,Allegan
49071,26159,Van Buren
49072,26149,St. Joseph
49073,26015,Barry
49074,26077,Kalamazoo
49075,26149,St. Joseph
49076,26045,Eaton
49077,26077,Kalamazoo
49078,26005,Allegan
49079,26159,Van Buren
49080,26005,Allegan
49081,26077,Kalamazoo
49082,26023,Branch
49083,26077,Kalamazoo
49084,26021,Berrien
49085,26021,Berrien
49087,26077,Kalamazoo
49088,26077,Kalamazoo
49089,26023,Branch
49090,26159,Van Buren
49091,26149,St. Joseph
49092,26025,Calhoun
49093,26149,St. Joseph
49094,26023,Branch
49095,26027,Cass
49096,26045,Eaton
49097,26077,Kalamazoo
49098,26021,Berrien
49099,26149,St. Joseph
49101,26021,Berrien
49102,26021,Berrien
49103,26021,Berrien
49104,26021,Berrien
49106,26021,Berrien
49107,26021,Berrien
49111,26021,Berrien
49112,26027,Cass
49113,26021,Berrien
49115,26021,Berrien
49116,26021,Berrien
49117,26021,Berrien
49119,26021,Berrien
49120,26021,Berrien
49125,26021,Berrien
49126,26021,Berrien
49127,26021,Berrien
49128,26021,Berrien
49129,26021,Berrien
49130,26027,Cass
49201,26075,Jackson
49202,26075,Jackson
49203,26075,Jackson
49204,26075,Jackson
49220,26091,Lenawee
49221,26091,Lenawee
49224,26025,Calhoun
49227,26059,Hillsdale
49228,26091,Lenawee
49229,26091,Lenawee
49230,26075,Jackson
49232,26059,Hillsdale
49233,26075,Jackson
49234,26075,Jackson
49235,26091,Lenawee
49236,26091,Lenawee
49237,26075,Jackson
49238,26091,Lenawee
49239,26059,Hillsdale
49240,26075,Jackson
49241,26075,Jackson
49242,26059,Hillsdale
49245,26025,Calhoun
49246,26075,Jackson
49247,26091,Lenawee
49248,26091,Lenawee
49249,26059,Hillsdale
49250,26059,Hillsdale
49251,26065,Ingham
49252,26059,Hillsdale
49253,26091,Lenawee
49254,26075,Jackson
49255,26023,Branch
49256,26091,Lenawee
49257,26059,Hillsdale
49258,26059,Hillsdale
49259,26075,Jackson
49261,26075,Jackson
49262,26059,Hillsdale
49263,26075,Jackson
49264,26065,Ingham
49265,26091,Lenawee
49266,26059,Hillsdale
49267,26115,Monroe
49268,26091,Lenawee
49269,26075,Jackson
49270,26115,Monroe
49271,26059,Hillsdale
49272,26075,Jackson
49274,26059,Hillsdale
49276,26091,Lenawee
49277,26075,Jackson
49279,26091,Lenawee
49281,26059,Hillsdale
49282,26059,Hillsdale
49283,26075,Jackson
49284,26075,Jackson
49285,26065,Ingham
49286,26091,Lenawee
49287,26091,Lenawee
49288,26059,Hillsdale
49289,26091,Lenawee
49301,26081,Kent
49302,26081,Kent
49303,26121,Muskegon
49304,26085,Lake
49305,26107,Mecosta
49306,26081,Kent
49307,26107,Mecosta
49309,26123,Newaygo
49310,26073,Isabella
49311,26005,Allegan
49312,26123,Newaygo
49314,26005,Allegan
49315,26081,Kent
49316,26081,Kent
49317,26081,Kent
49318,26121,Muskegon
49319,26081,Kent
49320,26107,Mecosta
49321,26081,Kent
49322,26117,Montcalm
49323,26005,Allegan
49325,26015,Barry
49326,26081,Kent
49327,26123,Newaygo
49328,26005,Allegan
49329,26117,Montcalm
49330,26081,Kent
49331,26081,Kent
49332,26107,Mecosta
49333,26015,Barry
49335,26005,Allegan
49336,26107,Mecosta
49337,26123,Newaygo
49338,26123,Newaygo
49339,26117,Montcalm
49340,26107,Mecosta
49341,26081,Kent
49342,26107,Mecosta
49343,26081,Kent
49344,26005,Allegan
49345,26081,Kent
49346,26107,Mecosta
49347,26117,Montcalm
49348,26005,Allegan
49349,26123,Newaygo
49351,26081,Kent
49355,26081,Kent
49356,26081,Kent
49357,26081,Kent
49401,26139,Ottawa
49402,26085,Lake
49403,26139,Ottawa
49404,26139,Ottawa
49405,26105,Mason
49406,26005,Allegan
49408,26005,Allegan
49409,26139,Ottawa
49410,26105,Mason
49411,26105,Mason
49412,26123,Newaygo
49413,26123,Newaygo
49415,26121,Muskegon
49416,26005,Allegan
49417,26139,Ottawa
49418,26081,Kent
49419,26005,Allegan
49420,26127,Oceana
49421,26127,Oceana
49422,26139,Ottawa
49423,26005,Allegan
49424,26139,Ottawa
49425,26121,Muskegon
49426,26139,Ottawa
49427,26139,Ottawa
49428,26139,Ottawa
49429,26139,Ottawa
49430,26139,Ottawa
49431,26105,Mason
49434,26139,Ottawa
49435,26139,Ottawa
49436,26127,Oceana
49437,26121,Muskegon
49440,26121,Muskegon
49441,26121,Muskegon
49442,26121,Muskegon
49443,26121,Muskegon
49444,26121,Muskegon
49445,26121,Muskegon
49446,26127,Oceana
49448,26139,Ottawa
49449,26127,Oceana
49450,26005,Allegan
49451,26121,Muskegon
49452,26127,Oceana
49453,26005,Allegan
49454,26105,Mason
49455,26127,Oceana
49456,26139,Ottawa
49457,26121,Muskegon
49458,26105,Mason
49459,26127,Oceana
49460,26139,Ottawa
49461,26121,Muskegon
49463,26121,Muskegon
49464,26139,Ottawa
49468,26081,Kent
49501,26081,Kent
49502,26081,Kent
49503,26081,Kent
49504,26081,Kent
49505,26081,Kent
49506,26081,Kent
49507,26081,Kent
49508,26081,Kent
49509,26081,Kent
49510,26081,Kent
49512,26081,Kent
49514,26081,Kent
49515,26081,Kent
49516,26081,Kent
49518,26081,Kent
49519,26081,Kent
49523,26081,Kent
49525,26081,Kent
49528,26081,Kent
49530,26081,Kent
49534,26139,Ottawa
49544,26081,Kent
49546,26081,Kent
49548,26081,Kent
49555,26081,Kent
49560,26081,Kent
49588,26081,Kent
49599,26081,Kent
49601,26165,Wexford
49610,26055,Grand Traverse
49611,26009,Antrim
49612,26009,Antrim
49613,26101,Manistee
49614,26101,Manistee
49615,26009,Antrim
49616,26019,Benzie
49617,26019,Benzie
49618,26165,Wexford
49619,26101,Manistee
49620,26055,Grand Traverse
49621,26089,Leelanau
49622,26009,Antrim
49623,26085,Lake
49625,26101,Manistee
49626,26101,Manistee
49627,26009,Antrim
49628,26019,Benzie
49629,26009,Antrim
49630,26089,Leelanau
49631,26133,Osceola
49632,26113,Missaukee
49633,26079,Kalkaska
49634,26101,Manistee
49635,26019,Benzie
49636,26089,Leelanau
49637,26055,Grand Traverse
49638,26165,Wexford
49639,26133,Osceola
49640,26019,Benzie
49642,26085,Lake
49643,26019,Benzie
49644,26085,Lake
49645,26101,Manistee
49646,26079,Kalkaska
49648,26009,Antrim
49649,26055,Grand Traverse
49650,26019,Benzie
49651,26113,Missaukee
49653,26089,Leelanau
49654,26089,Leelanau
49655,26133,Osceola
49656,26085,Lake
49657,26113,Missaukee
49659,26009,Antrim
49660,26101,Manistee
49663,26165,Wexford
49664,26089,Leelanau
49665,26133,Osceola
49666,26055,Grand Traverse
49667,26113,Missaukee
49668,26165,Wexford
49670,26089,Leelanau
49673,26055,Grand Traverse
49674,26089,Leelanau
49675,26101,Manistee
49676,26079,Kalkaska
49677,26133,Osceola
49679,26133,Osceola
49680,26079,Kalkaska
49682,26089,Leelanau
49683,26019,Benzie
49684,26089,Leelanau
49685,26055,Grand Traverse
49686,26055,Grand Traverse
49688,26133,Osceola
49689,26101,Manistee
49690,26055,Grand Traverse
49696,26055,Grand Traverse
49701,26047,Emmet
49705,26031,Cheboygan
49706,26047,Emmet
49707,26007,Alpena
49709,26119,Montmorency
49710,26033,Chippewa
49711,26029,Charlevoix
49712,26029,Charlevoix
49713,26029,Charlevoix
49715,26033,Chippewa
49716,26047,Emmet
49717,26031,Cheboygan
49718,26047,Emmet
49719,26097,Mackinac
49720,26029,Charlevoix
49721,26031,Cheboygan
49722,26047,Emmet
49723,26047,Emmet
49724,26033,Chippewa
49725,26033,Chippewa
49726,26033,Chippewa
49727,26009,Antrim
49728,26033,Chippewa
49729,26009,Antrim
49730,26009,Antrim
49733,26039,Crawford
49734,26137,Otsego
49735,26137,Otsego
49736,26033,Chippewa
49737,26047,Emmet
49738,26039,Crawford
49739,26039,Crawford
49740,26047,Emmet
49743,26141,Presque Isle
49744,26007,Alpena
49745,26097,Mackinac
49746,26119,Montmorency
49747,26001,Alcona
49748,26033,Chippewa
49749,26031,Cheboygan
49751,26137,Otsego
49752,26033,Chippewa
49753,26007,Alpena
49755,26047,Emmet
49756,26135,Oscoda
49757,26097,Mackinac
49759,26141,Presque Isle
49760,26097,Mackinac
49761,26031,Cheboygan
49762,26097,Mackinac
49764,26047,Emmet
49765,26141,Presque Isle
49766,26007,Alpena
49768,26033,Chippewa
49769,26047,Emmet
49770,26047,Emmet
49774,26033,Chippewa
49775,26097,Mackinac
49776,26141,Presque Isle
49777,26141,Presque Isle
49779,26141,Presque Isle
49780,26033,Chippewa
49781,26097,Mackinac
49782,26029,Charlevoix
49783,26033,Chippewa
49784,26033,Chippewa
49785,26033,Chippewa
49786,26033,Chippewa
49788,26033,Chippewa
49791,26031,Cheboygan
49792,26031,Cheboygan
49793,26033,Chippewa
49795,26137,Otsego
49796,26029,Charlevoix
49797,26137,Otsego
49799,26031,Cheboygan
49801,26043,Dickinson
49802,26043,Dickinson
49805,26083,Keweenaw
49806,26003,Alger
49807,26041,Delta
49808,26103,Marquette
49812,26109,Menominee
49814,26103,Marquette
49815,26043,Dickinson
49816,26003,Alger
49817,26041,Delta
49818,26103,Marquette
49819,26103,Marquette
49820,26097,Mackinac
49821,26109,Menominee
49822,26003,Alger
49825,26003,Alger
49826,26003,Alger
49827,26097,Mackinac
49829,26041,Delta
49831,26043,Dickinson
49833,26103,Marquette
49834,26043,Dickinson
49835,26041,Delta
49836,26153,Schoolcraft
49837,26041,Delta
49838,26097,Mackinac
49839,26003,Alger
49840,26153,Schoolcraft
49841,26103,Marquette
49845,26109,Menominee
49847,26109,Menominee
49848,26109,Menominee
49849,26103,Marquette
49852,26043,Dickinson
49853,26095,Luce
49854,26153,Schoolcraft
49855,26103,Marquette
49858,26109,Menominee
49861,26013,Baraga
49862,26003,Alger
49863,26109,Menominee
49864,26041,Delta
49865,26103,Marquette
49866,26103,Marquette
49868,26095,Luce
49870,26043,Dickinson
49871,26103,Marquette
49872,26041,Delta
49873,26109,Menominee
49874,26109,Menominee
49876,26043,Dickinson
49877,26043,Dickinson
49878,26041,Delta
49879,26103,Marquette
49880,26103,Marquette
49881,26043,Dickinson
49883,26153,Schoolcraft
49884,26003,Alger
49885,26103,Marquette
49886,26109,Menominee
49887,26109,Menominee
49891,26003,Alger
49892,26043,Dickinson
49893,26109,Menominee
49894,26041,Delta
49895,26041,Delta
49896,26109,Menominee
49901,26083,Keweenaw
49902,26071,Iron
49903,26071,Iron
49905,26061,Houghton
49908,26013,Baraga
49910,26131,Ontonagon
49911,26053,Gogebic
49912,26131,Ontonagon
49913,26061,Houghton
49915,26071,Iron
49916,26061,Houghton
49917,26061,Houghton
49918,26083,Keweenaw
49919,26013,Baraga
49920,26071,Iron
49921,26061,Houghton
49922,26061,Houghton
49925,26131,Ontonagon
49927,26071,Iron
49929,26131,Ontonagon
49930,26061,Houghton
49931,26061,Houghton
49934,26061,Houghton
49935,26071,Iron
49938,26053,Gogebic
49942,26061,Houghton
49945,26061,Houghton
49946,26013,Baraga
49947,26053,Gogebic
49948,26131,Ontonagon
49950,26083,Keweenaw
49952,26061,Houghton
49953,26131,Ontonagon
49955,26061,Houghton
49958,26061,Houghton
49959,26053,Gogebic
49960,26131,Ontonagon
49961,26061,Houghton
49962,26013,Baraga
49963,26061,Houghton
49964,26071,Iron
49965,26061,Houghton
49967,26061,Houghton
49968,26053,Gogebic
49969,26053,Gogebic
49970,26013,Baraga
49971,26131,Ontonagon
50001,19181,Warren
50002,19077,Guthrie
50003,19049,Dallas
50005,19127,Marshall
50006,19083,Hardin
50007,19153,Polk
50008,19185,Wayne
50009,19153,Polk
50010,19169,Story
50011,19169,Story
50012,19169,Story
50013,19169,Story
50014,19169,Story
50020,19029,Cass
50021,19153,Polk
50022,19029,Cass
50023,19153,Polk
50025,19009,Audubon
50026,19077,Guthrie
50027,19123,Mahaska
50028,19099,Jasper
50029,19077,Guthrie
50031,19015,Boone
50032,19153,Polk
50033,19121,Madison
50034,19079,Hamilton
50035,19153,Polk
50036,19015,Boone
50037,19015,Boone
50038,19049,Dallas
50039,19049,Dallas
50040,19015,Boone
50041,19069,Franklin
50042,19009,Audubon
50043,19083,Hardin
50044,19125,Marion
50046,19169,Story
50047,19181,Warren
50048,19077,Guthrie
50049,19117,Lucas
50050,19073,Greene
50051,19127,Marshall
50052,19185,Wayne
50054,19099,Jasper
50055,19169,Story
50056,19169,Story
50057,19125,Marion
50058,19077,Guthrie
50059,19073,Greene
50060,19185,Wayne
50061,19121,Madison
50062,19125,Marion
50063,19049,Dallas
50064,19073,Greene
50065,19053,Decatur
50066,19049,Dallas
50067,19053,Decatur
50068,19117,Lucas
50069,19049,Dallas
50070,19121,Madison
50071,19197,Wright
50072,19121,Madison
50073,19153,Polk
50074,19159,Ringgold
50075,19079,Hamilton
50076,19009,Audubon
50078,19127,Marshall
50099,19015,Boone
50101,19197,Wright
50102,19083,Hardin
50103,19053,Decatur
50104,19107,Keokuk
50105,19169,Story
50106,19127,Marshall
50107,19073,Greene
50108,19053,Decatur
50109,19153,Polk
50110,19009,Audubon
50111,19153,Polk
50112,19157,Poweshiek
50115,19077,Guthrie
50116,19125,Marion
50117,19009,Audubon
50118,19181,Warren
50119,19125,Marion
50120,19127,Marshall
50122,19083,Hardin
50123,19185,Wayne
50124,19169,Story
50125,19181,Warren
50126,19083,Hardin
50127,19099,Jasper
50128,19077,Guthrie
50129,19073,Greene
50130,19079,Hamilton
50131,19153,Polk
50132,19079,Hamilton
50133,19159,Ringgold
50134,19169,Story
50135,19099,Jasper
50136,19107,Keokuk
50137,19099,Jasper
50138,19125,Marion
50139,19181,Warren
50140,19053,Decatur
50141,19127,Marshall
50142,19127,Marshall
50143,19123,Mahaska
50144,19053,Decatur
50145,19181,Warren
50146,19049,Dallas
50147,19185,Wayne
50148,19127,Marshall
50149,19121,Madison
50150,19135,Monroe
50151,19117,Lucas
50152,19015,Boone
50153,19099,Jasper
50154,19169,Story
50155,19121,Madison
50156,19015,Boone
50157,19157,Poweshiek
50158,19127,Marshall
50160,19181,Warren
50161,19153,Polk
50162,19127,Marshall
50163,19125,Marion
50164,19077,Guthrie
50165,19185,Wayne
50166,19181,Warren
50167,19049,Dallas
50168,19099,Jasper
50169,19153,Polk
50170,19099,Jasper
50171,19157,Poweshiek
50173,19171,Tama
50174,19039,Clarke
50201,19169,Story
50206,19083,Hardin
50207,19123,Mahaska
50208,19099,Jasper
50210,19181,Warren
50211,19181,Warren
50212,19015,Boone
50213,19039,Clarke
50214,19125,Marion
50216,19077,Guthrie
50217,19073,Greene
50218,19121,Madison
50219,19125,Marion
50220,19049,Dallas
50222,19121,Madison
50223,19015,Boone
50225,19125,Marion
50226,19153,Polk
50227,19069,Franklin
50228,19099,Jasper
50229,19181,Warren
50230,19083,Hardin
50231,19079,Hamilton
50232,19099,Jasper
50233,19049,Dallas
50234,19127,Marshall
50235,19073,Greene
50236,19169,Story
50237,19153,Polk
50238,19117,Lucas
50239,19127,Marshall
50240,19121,Madison
50241,19181,Warren
50242,19157,Poweshiek
50243,19153,Polk
50244,19153,Polk
50246,19079,Hamilton
50247,19127,Marshall
50248,19169,Story
50249,19079,Hamilton
50250,19001,Adair
50251,19099,Jasper
50252,19125,Marion
50254,19175,Union
50255,19107,Keokuk
50256,19125,Marion
50257,19121,Madison
50258,19083,Hardin
50259,19083,Hardin
50261,19121,Madison
50262,19053,Decatur
50263,19049,Dallas
50264,19039,Clarke
50265,19153,Polk
50266,19049,Dallas
50268,19107,Keokuk
50269,19083,Hardin
50271,19079,Hamilton
50272,19117,Lucas
50273,19121,Madison
50274,19029,Cass
50275,19039,Clarke
50276,19015,Boone
50277,19077,Guthrie
50278,19169,Story
50301,19153,Polk
50302,19153,Polk
50303,19153,Polk
50304,19153,Polk
50305,19153,Polk
50306,19153,Polk
50307,19153,Polk
50308,19153,Polk
50309,19153,Polk
50310,19153,Polk
50311,19153,Polk
50312,19153,Polk
50313,19153,Polk
50314,19153,Polk
50315,19153,Polk
50316,19153,Polk
50317,19153,Polk
50318,19153,Polk
50319,19153,Polk
50320,19153,Polk
50321,19153,Polk
50322,19153,Polk
50323,19049,Dallas
50324,19153,Polk
50325,19153,Polk
50327,19153,Polk
50328,19153,Polk
50329,19153,Polk
50330,19153,Polk
50331,19153,Polk
50332,19153,Polk
50333,19153,Polk
50334,19153,Polk
50335,19153,Polk
50336,19153,Polk
50339,19153,Polk
50340,19153,Polk
50359,19153,Polk
50360,19153,Polk
50361,19153,Polk
50362,19153,Polk
50363,19153,Polk
50364,19153,Polk
50367,19153,Polk
50368,19153,Polk
50369,19153,Polk
50380,19153,Polk
50381,19153,Polk
50391,19153,Polk
50392,19153,Polk
50393,19153,Polk
50394,19153,Polk
50395,19153,Polk
50396,19153,Polk
50398,19153,Polk
50401,19033,Cerro Gordo
50402,19033,Cerro Gordo
50420,19069,Franklin
50421,19197,Wright
50423,19081,Hancock
50424,19189,Winnebago
50426,19131,Mitchell
50427,19069,Franklin
50428,19033,Cerro Gordo
50430,19081,Hancock
50431,19069,Franklin
50432,19081,Hancock
50433,19033,Cerro Gordo
50434,19195,Worth
50435,19067,Floyd
50436,19189,Winnebago
50438,19081,Hancock
50439,19081,Hancock
50440,19195,Worth
50441,19069,Franklin
50444,19195,Worth
50446,19195,Worth
50447,19081,Hancock
50448,19195,Worth
50449,19081,Hancock
50450,19189,Winnebago
50451,19109,Kossuth
50452,19069,Franklin
50453,19189,Winnebago
50454,19131,Mitchell
50455,19131,Mitchell
50456,19195,Worth
50457,19081,Hancock
50458,19067,Floyd
50459,19195,Worth
50460,19131,Mitchell
50461,19131,Mitchell
50464,19033,Cerro Gordo
50465,19189,Winnebago
50466,19089,Howard
50467,19033,Cerro Gordo
50468,19067,Floyd
50469,19033,Cerro Gordo
50470,19197,Wright
50471,19067,Floyd
50472,19131,Mitchell
50473,19189,Winnebago
50475,19069,Franklin
50476,19131,Mitchell
50477,19033,Cerro Gordo
50478,19189,Winnebago
50479,19033,Cerro Gordo
50480,19109,Kossuth
50481,19131,Mitchell
50482,19033,Cerro Gordo
50483,19109,Kossuth
50484,19081,Hancock
50501,19187,Webster
50510,19021,Buena Vista
50511,19109,Kossuth
50514,19063,Emmet
50515,19147,Palo Alto
50516,19187,Webster
50517,19109,Kossuth
50518,19187,Webster
50519,19091,Humboldt
50520,19091,Humboldt
50521,19187,Webster
50522,19109,Kossuth
50523,19187,Webster
50524,19187,Webster
50525,19197,Wright
50526,19197,Wright
50527,19147,Palo Alto
50528,19147,Palo Alto
50529,19091,Humboldt
50530,19187,Webster
50531,19063,Emmet
50532,19187,Webster
50533,19197,Wright
50535,19161,Sac
50536,19147,Palo Alto
50538,19025,Calhoun
50539,19109,Kossuth
50540,19151,Pocahontas
50541,19151,Pocahontas
50542,19197,Wright
50543,19187,Webster
50544,19187,Webster
50545,19091,Humboldt
50546,19151,Pocahontas
50548,19091,Humboldt
50551,19025,Calhoun
50552,19025,Calhoun
50554,19151,Pocahontas
50556,19109,Kossuth
50557,19187,Webster
50558,19091,Humboldt
50559,19109,Kossuth
50560,19109,Kossuth
50561,19025,Calhoun
50562,19147,Palo Alto
50563,19025,Calhoun
50565,19021,Buena Vista
50566,19187,Webster
50567,19161,Sac
50568,19021,Buena Vista
50569,19187,Webster
50570,19091,Humboldt
50571,19151,Pocahontas
50573,19151,Pocahontas
50574,19151,Pocahontas
50575,19025,Calhoun
50576,19021,Buena Vista
50577,19091,Humboldt
50578,19063,Emmet
50579,19025,Calhoun
50581,19151,Pocahontas
50582,19091,Humboldt
50583,19161,Sac
50585,19021,Buena Vista
50586,19025,Calhoun
50588,19021,Buena Vista
50590,19109,Kossuth
50591,19091,Humboldt
50592,19021,Buena Vista
50593,19151,Pocahontas
50594,19187,Webster
50595,19079,Hamilton
50597,19147,Palo Alto
50598,19109,Kossuth
50599,19197,Wright
50601,19069,Franklin
50602,19023,Butler
50603,19037,Chickasaw
50604,19023,Butler
50605,19069,Franklin
50606,19065,Fayette
50607,19019,Buchanan
50608,19023,Butler
50609,19075,Grundy
50611,19023,Butler
50612,19171,Tama
50613,19013,Black Hawk
50614,19013,Black Hawk
50616,19067,Floyd
50619,19023,Butler
50620,19067,Floyd
50621,19075,Grundy
50622,19017,Bremer
50623,19013,Black Hawk
50624,19075,Grundy
50625,19023,Butler
50626,19013,Black Hawk
50627,19083,Hardin
50628,19089,Howard
50629,19019,Buchanan
50630,19037,Chickasaw
50631,19017,Bremer
50632,19171,Tama
50633,19069,Franklin
50634,19013,Black Hawk
50635,19171,Tama
50636,19023,Butler
50638,19075,Grundy
50641,19019,Buchanan
50642,19075,Grundy
50643,19013,Black Hawk
50644,19019,Buchanan
50645,19037,Chickasaw
50647,19017,Bremer
50648,19013,Black Hawk
50649,19023,Butler
50650,19019,Buchanan
50651,19013,Black Hawk
50652,19171,Tama
50653,19067,Floyd
50654,19019,Buchanan
50655,19065,Fayette
50657,19075,Grundy
50658,19037,Chickasaw
50659,19037,Chickasaw
50660,19023,Butler
50661,19037,Chickasaw
50662,19065,Fayette
50664,19065,Fayette
50665,19023,Butler
50666,19017,Bremer
50667,19013,Black Hawk
50668,19017,Bremer
50669,19075,Grundy
50670,19023,Butler
50671,19065,Fayette
50672,19083,Hardin
50673,19075,Grundy
50674,19017,Bremer
50675,19171,Tama
50676,19017,Bremer
50677,19017,Bremer
50680,19075,Grundy
50681,19065,Fayette
50682,19019,Buchanan
50701,19013,Black Hawk
50702,19013,Black Hawk
50703,19013,Black Hawk
50704,19013,Black Hawk
50707,19013,Black Hawk
50801,19175,Union
50830,19175,Union
50831,19175,Union
50833,19173,Taylor
50835,19159,Ringgold
50836,19173,Taylor
50837,19001,Adair
50839,19003,Adams
50840,19173,Taylor
50841,19003,Adams
50842,19175,Union
50843,19029,Cass
50845,19159,Ringgold
50846,19001,Adair
50847,19137,Montgomery
50848,19173,Taylor
50849,19001,Adair
50851,19173,Taylor
50853,19029,Cass
50854,19159,Ringgold
50857,19003,Adams
50858,19001,Adair
50859,19003,Adams
50860,19159,Ringgold
50861,19175,Union
50862,19173,Taylor
50863,19159,Ringgold
50864,19137,Montgomery
50936,19153,Polk
50940,19153,Polk
50947,19153,Polk
50950,19153,Polk
50980,19153,Polk
50981,19153,Polk
50982,19153,Polk
50983,19153,Polk
51001,19149,Plymouth
51002,19021,Buena Vista
51003,19167,Sioux
51004,19193,Woodbury
51005,19035,Cherokee
51006,19093,Ida
51007,19193,Woodbury
51008,19149,Plymouth
51009,19141,O'Brien
51010,19133,Monona
51011,19167,Sioux
51012,19035,Cherokee
51014,19035,Cherokee
51015,19193,Woodbury
51016,19193,Woodbury
51018,19093,Ida
51019,19193,Woodbury
51020,19093,Ida
51022,19141,O'Brien
51023,19167,Sioux
51024,19149,Plymouth
51025,19093,Ida
51026,19193,Woodbury
51027,19167,Sioux
51028,19149,Plymouth
51029,19035,Cherokee
51030,19193,Woodbury
51031,19149,Plymouth
51033,19041,Clay
51034,19133,Monona
51035,19035,Cherokee
51036,19167,Sioux
51037,19035,Cherokee
51038,19149,Plymouth
51039,19193,Woodbury
51040,19133,Monona
51041,19167,Sioux
51044,19193,Woodbury
51045,19149,Plymouth
51046,19141,O'Brien
51047,19041,Clay
51048,19193,Woodbury
51049,19035,Cherokee
51050,19149,Plymouth
51051,19133,Monona
51052,19193,Woodbury
51053,19161,Sac
51054,19193,Woodbury
51055,19193,Woodbury
51056,19193,Woodbury
51058,19141,O'Brien
51060,19133,Monona
51061,19035,Cherokee
51062,19149,Plymouth
51063,19133,Monona
51101,19193,Woodbury
51102,19193,Woodbury
51103,19193,Woodbury
51104,19193,Woodbury
51105,19193,Woodbury
51106,19193,Woodbury
51108,19149,Plymouth
51109,19149,Plymouth
51111,19193,Woodbury
51201,19167,Sioux
51230,19119,Lyon
51231,19141,O'Brien
51232,19143,Osceola
51234,19167,Sioux
51235,19119,Lyon
51237,19119,Lyon
51238,19167,Sioux
51239,19167,Sioux
51240,19119,Lyon
51241,19119,Lyon
51242,19119,Lyon
51243,19119,Lyon
51244,19167,Sioux
51245,19141,O'Brien
51246,19119,Lyon
51247,19167,Sioux
51248,19141,O'Brien
51249,19143,Osceola
51250,19167,Sioux
51301,19041,Clay
51331,19059,Dickinson
51333,19041,Clay
51334,19063,Emmet
51338,19041,Clay
51340,19041,Clay
51341,19041,Clay
51342,19147,Palo Alto
51343,19041,Clay
51345,19143,Osceola
51346,19141,O'Brien
51347,19059,Dickinson
51350,19143,Osceola
51351,19059,Dickinson
51354,19143,Osceola
51355,19059,Dickinson
51357,19041,Clay
51358,19147,Palo Alto
51360,19059,Dickinson
51363,19059,Dickinson
51364,19059,Dickinson
51365,19063,Emmet
51366,19041,Clay
51401,19027,Carroll
51430,19027,Carroll
51431,19093,Ida
51432,19047,Crawford
51433,19161,Sac
51436,19027,Carroll
51439,19047,Crawford
51440,19027,Carroll
51441,19047,Crawford
51442,19047,Crawford
51443,19027,Carroll
51444,19027,Carroll
51445,19093,Ida
51446,19165,Shelby
51447,19165,Shelby
51448,19047,Crawford
51449,19025,Calhoun
51450,19161,Sac
51451,19027,Carroll
51452,19027,Carroll
51453,19025,Calhoun
51454,19047,Crawford
51455,19027,Carroll
51458,19161,Sac
51459,19027,Carroll
51460,19047,Crawford
51461,19047,Crawford
51462,19073,Greene
51463,19027,Carroll
51465,19047,Crawford
51466,19161,Sac
51467,19047,Crawford
51501,19155,Pottawattamie
51502,19155,Pottawattamie
51503,19155,Pottawattamie
51510,19155,Pottawattamie
51520,19047,Crawford
51521,19155,Pottawattamie
51523,19133,Monona
51525,19155,Pottawattamie
51526,19155,Pottawattamie
51527,19165,Shelby
51528,19047,Crawford
51529,19085,Harrison
51530,19165,Shelby
51531,19165,Shelby
51532,19137,Montgomery
51533,19137,Montgomery
51534,19129,Mills
51535,19029,Cass
51536,19155,Pottawattamie
51537,19165,Shelby
51540,19129,Mills
51541,19129,Mills
51542,19155,Pottawattamie
51543,19009,Audubon
51544,19029,Cass
51545,19085,Harrison
51546,19085,Harrison
51548,19155,Pottawattamie
51549,19155,Pottawattamie
51550,19085,Harrison
51551,19129,Mills
51552,19029,Cass
51553,19155,Pottawattamie
51554,19129,Mills
51555,19085,Harrison
51556,19085,Harrison
51557,19085,Harrison
51558,19133,Monona
51559,19155,Pottawattamie
51560,19155,Pottawattamie
51561,19129,Mills
51562,19165,Shelby
51563,19085,Harrison
51564,19085,Harrison
51565,19165,Shelby
51566,19137,Montgomery
51570,19165,Shelby
51571,19129,Mills
51572,19133,Monona
51573,19137,Montgomery
51575,19155,Pottawattamie
51576,19155,Pottawattamie
51577,19155,Pottawattamie
51578,19165,Shelby
51579,19085,Harrison
51591,19137,Montgomery
51593,19155,Pottawattamie
51601,19145,Page
51603,19145,Page
51630,19145,Page
51631,19145,Page
51632,19145,Page
51636,19145,Page
51637,19145,Page
51638,19145,Page
51639,19071,Fremont
51640,19071,Fremont
51645,19071,Fremont
51646,19173,Taylor
51647,19145,Page
51648,19071,Fremont
51649,19071,Fremont
51650,19071,Fremont
51651,19145,Page
51652,19071,Fremont
51653,19071,Fremont
51654,19071,Fremont
51656,19145,Page
52001,19061,Dubuque
52002,19061,Dubuque
52003,19061,Dubuque
52004,19061,Dubuque
52030,19097,Jackson
52031,19097,Jackson
52032,19061,Dubuque
52033,19105,Jones
52035,19043,Clayton
52036,19055,Delaware
52037,19045,Clinton
52038,19055,Delaware
52039,19061,Dubuque
52040,19055,Delaware
52041,19055,Delaware
52042,19043,Clayton
52043,19043,Clayton
52044,19043,Clayton
52045,19061,Dubuque
52046,19061,Dubuque
52047,19043,Clayton
52048,19043,Clayton
52049,19043,Clayton
52050,19055,Delaware
52052,19043,Clayton
52053,19061,Dubuque
52054,19097,Jackson
52056,19061,Dubuque
52057,19055,Delaware
52060,19097,Jackson
52064,19097,Jackson
52065,19061,Dubuque
52066,19043,Clayton
52068,19061,Dubuque
52069,19097,Jackson
52070,19097,Jackson
52071,19097,Jackson
52072,19043,Clayton
52073,19061,Dubuque
52074,19097,Jackson
52075,19097,Jackson
52076,19043,Clayton
52077,19043,Clayton
52078,19061,Dubuque
52079,19097,Jackson
52099,19061,Dubuque
52101,19191,Winneshiek
52132,19191,Winneshiek
52133,19191,Winneshiek
52134,19089,Howard
52135,19065,Fayette
52136,19089,Howard
52140,19005,Allamakee
52141,19065,Fayette
52142,19065,Fayette
52144,19191,Winneshiek
52146,19005,Allamakee
52147,19065,Fayette
52149,19191,Winneshiek
52151,19005,Allamakee
52154,19037,Chickasaw
52155,19089,Howard
52156,19043,Clayton
52157,19043,Clayton
52158,19043,Clayton
52159,19005,Allamakee
52160,19005,Allamakee
52161,19191,Winneshiek
52162,19005,Allamakee
52163,19089,Howard
52164,19065,Fayette
52165,19191,Winneshiek
52166,19065,Fayette
52168,19191,Winneshiek
52169,19065,Fayette
52170,19005,Allamakee
52171,19065,Fayette
52172,19005,Allamakee
52175,19065,Fayette
52201,19183,Washington
52202,19113,Linn
52203,19095,Iowa
52204,19095,Iowa
52205,19105,Jones
52206,19011,Benton
52207,19097,Jackson
52208,19011,Benton
52209,19011,Benton
52210,19019,Buchanan
52211,19157,Poweshiek
52212,19105,Jones
52213,19113,Linn
52214,19113,Linn
52215,19171,Tama
52216,19031,Cedar
52217,19171,Tama
52218,19113,Linn
52219,19113,Linn
52220,19095,Iowa
52221,19157,Poweshiek
52222,19157,Poweshiek
52223,19055,Delaware
52224,19011,Benton
52225,19171,Tama
52227,19113,Linn
52228,19113,Linn
52229,19011,Benton
52231,19107,Keokuk
52232,19157,Poweshiek
52233,19113,Linn
52235,19103,Johnson
52236,19095,Iowa
52237,19055,Delaware
52240,19103,Johnson
52241,19103,Johnson
52242,19103,Johnson
52243,19103,Johnson
52244,19103,Johnson
52245,19103,Johnson
52246,19103,Johnson
52247,19103,Johnson
52248,19183,Washington
52249,19011,Benton
52251,19095,Iowa
52252,19105,Jones
52253,19031,Cedar
52254,19045,Clinton
52255,19031,Cedar
52257,19011,Benton
52301,19095,Iowa
52302,19113,Linn
52305,19105,Jones
52306,19031,Cedar
52307,19095,Iowa
52308,19095,Iowa
52309,19097,Jackson
52310,19105,Jones
52312,19105,Jones
52313,19011,Benton
52314,19113,Linn
52315,19011,Benton
52316,19095,Iowa
52317,19103,Johnson
52318,19011,Benton
52320,19105,Jones
52321,19105,Jones
52322,19103,Johnson
52323,19105,Jones
52324,19113,Linn
52325,19095,Iowa
52326,19019,Buchanan
52327,19183,Washington
52328,19113,Linn
52329,19019,Buchanan
52330,19055,Delaware
52332,19011,Benton
52333,19103,Johnson
52334,19095,Iowa
52335,19107,Keokuk
52336,19113,Linn
52337,19031,Cedar
52338,19103,Johnson
52339,19171,Tama
52340,19103,Johnson
52341,19113,Linn
52342,19171,Tama
52344,19113,Linn
52345,19011,Benton
52346,19011,Benton
52347,19095,Iowa
52348,19171,Tama
52349,19011,Benton
52351,19011,Benton
52352,19113,Linn
52353,19183,Washington
52354,19011,Benton
52355,19107,Keokuk
52356,19183,Washington
52358,19031,Cedar
52359,19183,Washington
52361,19095,Iowa
52362,19105,Jones
52401,19113,Linn
52402,19113,Linn
52403,19113,Linn
52404,19113,Linn
52405,19113,Linn
52406,19113,Linn
52407,19113,Linn
52408,19113,Linn
52409,19113,Linn
52410,19113,Linn
52411,19113,Linn
52497,19113,Linn
52498,19113,Linn
52499,19113,Linn
52501,19179,Wapello
52530,19179,Wapello
52531,19135,Monroe
52533,19101,Jefferson
52534,19123,Mahaska
52535,19177,Van Buren
52536,19179,Wapello
52537,19051,Davis
52540,19101,Jefferson
52542,19177,Van Buren
52543,19123,Mahaska
52544,19007,Appanoose
52548,19179,Wapello
52549,19007,Appanoose
52550,19107,Keokuk
52551,19177,Van Buren
52552,19051,Davis
52553,19179,Wapello
52554,19179,Wapello
52555,19007,Appanoose
52556,19101,Jefferson
52557,19101,Jefferson
52560,19051,Davis
52561,19123,Mahaska
52562,19107,Keokuk
52563,19107,Keokuk
52565,19177,Van Buren
52566,19179,Wapello
52567,19101,Jefferson
52568,19107,Keokuk
52569,19135,Monroe
52570,19177,Van Buren
52571,19007,Appanoose
52572,19007,Appanoose
52573,19177,Van Buren
52574,19007,Appanoose
52576,19107,Keokuk
52577,19123,Mahaska
52580,19101,Jefferson
52581,19007,Appanoose
52583,19185,Wayne
52584,19051,Davis
52585,19107,Keokuk
52586,19123,Mahaska
52588,19177,Van Buren
52590,19185,Wayne
52591,19107,Keokuk
52593,19007,Appanoose
52594,19007,Appanoose
52595,19123,Mahaska
52601,19057,Des Moines
52619,19111,Lee
52620,19177,Van Buren
52621,19183,Washington
52623,19057,Des Moines
52624,19111,Lee
52625,19111,Lee
52626,19111,Lee
52627,19111,Lee
52630,19111,Lee
52631,19111,Lee
52632,19111,Lee
52635,19101,Jefferson
52637,19057,Des Moines
52638,19057,Des Moines
52639,19111,Lee
52640,19115,Louisa
52641,19087,Henry
52642,19087,Henry
52644,19087,Henry
52645,19087,Henry
52646,19057,Des Moines
52647,19087,Henry
52648,19111,Lee
52649,19087,Henry
52650,19057,Des Moines
52651,19177,Van Buren
52652,19087,Henry
52653,19115,Louisa
52654,19087,Henry
52655,19057,Des Moines
52656,19111,Lee
52657,19111,Lee
52658,19111,Lee
52659,19087,Henry
52660,19057,Des Moines
52701,19045,Clinton
52720,19139,Muscatine
52721,19031,Cedar
52722,19163,Scott
52726,19163,Scott
52727,19045,Clinton
52728,19163,Scott
52729,19045,Clinton
52730,19045,Clinton
52731,19045,Clinton
52732,19045,Clinton
52733,19045,Clinton
52734,19045,Clinton
52736,19045,Clinton
52737,19115,Louisa
52738,19115,Louisa
52739,19115,Louisa
52742,19045,Clinton
52745,19163,Scott
52746,19163,Scott
52747,19139,Muscatine
52748,19163,Scott
52749,19139,Muscatine
52750,19045,Clinton
52751,19045,Clinton
52752,19115,Louisa
52753,19163,Scott
52754,19139,Muscatine
52755,19103,Johnson
52756,19163,Scott
52757,19045,Clinton
52758,19163,Scott
52759,19139,Muscatine
52760,19139,Muscatine
52761,19139,Muscatine
52765,19163,Scott
52766,19139,Muscatine
52767,19163,Scott
52768,19163,Scott
52769,19163,Scott
52771,19045,Clinton
52772,19031,Cedar
52773,19163,Scott
52774,19045,Clinton
52776,19139,Muscatine
52777,19045,Clinton
52778,19031,Cedar
52801,19163,Scott
52802,19163,Scott
52803,19163,Scott
52804,19163,Scott
52805,19163,Scott
52806,19163,Scott
52807,19163,Scott
52808,19163,Scott
52809,19163,Scott
53001,55117,Sheboygan
53002,55131,Washington
53003,55027,Dodge
53004,55089,Ozaukee
53005,55133,Waukesha
53006,55027,Dodge
53007,55133,Waukesha
53008,55133,Waukesha
53010,55039,Fond du Lac
53011,55117,Sheboygan
53012,55089,Ozaukee
53013,55117,Sheboygan
53014,55015,Calumet
53015,55071,Manitowoc
53016,55027,Dodge
53017,55131,Washington
53018,55133,Waukesha
53019,55039,Fond du Lac
53020,55117,Sheboygan
53021,55089,Ozaukee
53022,55131,Washington
53023,55117,Sheboygan
53024,55089,Ozaukee
53026,55117,Sheboygan
53027,55131,Washington
53029,55133,Waukesha
53031,55117,Sheboygan
53032,55027,Dodge
53033,55131,Washington
53034,55027,Dodge
53035,55027,Dodge
53036,55055,Jefferson
53037,55131,Washington
53038,55055,Jefferson
53039,55027,Dodge
53040,55131,Washington
53042,55071,Manitowoc
53044,55117,Sheboygan
53045,55133,Waukesha
53046,55133,Waukesha
53047,55027,Dodge
53048,55027,Dodge
53049,55039,Fond du Lac
53050,55027,Dodge
53051,55133,Waukesha
53052,55133,Waukesha
53056,55133,Waukesha
53057,55039,Fond du Lac
53058,55133,Waukesha
53059,55027,Dodge
53060,55131,Washington
53061,55015,Calumet
53062,55015,Calumet
53063,55071,Manitowoc
53064,55133,Waukesha
53065,55039,Fond du Lac
53066,55133,Waukesha
53069,55133,Waukesha
53070,55117,Sheboygan
53072,55133,Waukesha
53073,55117,Sheboygan
53074,55089,Ozaukee
53075,55117,Sheboygan
53076,55131,Washington
53078,55027,Dodge
53079,55039,Fond du Lac
53080,55089,Ozaukee
53081,55117,Sheboygan
53082,55117,Sheboygan
53083,55117,Sheboygan
53085,55117,Sheboygan
53086,55131,Washington
53088,55015,Calumet
53089,55133,Waukesha
53090,55131,Washington
53091,55027,Dodge
53092,55089,Ozaukee
53093,55117,Sheboygan
53094,55055,Jefferson
53095,55131,Washington
53097,55089,Ozaukee
53098,55027,Dodge
53099,55027,Dodge
53101,55059,Kenosha
53102,55059,Kenosha
53103,55133,Waukesha
53104,55059,Kenosha
53105,55101,Racine
53108,55101,Racine
53109,55059,Kenosha
53110,55079,Milwaukee
53114,55127,Walworth
53115,55127,Walworth
53118,55133,Waukesha
53119,55133,Waukesha
53120,55127,Walworth
53121,55127,Walworth
53122,55133,Waukesha
53125,55127,Walworth
53126,55101,Racine
53127,55133,Waukesha
53128,55127,Walworth
53129,55079,Milwaukee
53130,55079,Milwaukee
53132,55079,Milwaukee
53137,55055,Jefferson
53138,55127,Walworth
53139,55101,Racine
53140,55059,Kenosha
53141,55059,Kenosha
53142,55059,Kenosha
53143,55059,Kenosha
53144,55059,Kenosha
53146,55133,Waukesha
53147,55127,Walworth
53148,55127,Walworth
53149,55133,Waukesha
53150,55133,Waukesha
53151,55133,Waukesha
53152,55059,Kenosha
53153,55133,Waukesha
53154,55079,Milwaukee
53156,55055,Jefferson
53157,55127,Walworth
53158,55059,Kenosha
53159,55059,Kenosha
53167,55101,Racine
53168,55059,Kenosha
53170,55059,Kenosha
53171,55059,Kenosha
53172,55079,Milwaukee
53176,55127,Walworth
53177,55101,Racine
53178,55055,Jefferson
53179,55059,Kenosha
53181,55059,Kenosha
53182,55101,Racine
53183,55133,Waukesha
53184,55127,Walworth
53185,55101,Racine
53186,55133,Waukesha
53187,55133,Waukesha
53188,55133,Waukesha
53189,55133,Waukesha
53190,55127,Walworth
53191,55127,Walworth
53192,55059,Kenosha
53194,55059,Kenosha
53195,55127,Walworth
53201,55079,Milwaukee
53202,55079,Milwaukee
53203,55079,Milwaukee
53204,55079,Milwaukee
53205,55079,Milwaukee
53206,55079,Milwaukee
53207,55079,Milwaukee
53208,55079,Milwaukee
53209,55079,Milwaukee
53210,55079,Milwaukee
53211,55079,Milwaukee
53212,55079,Milwaukee
53213,55079,Milwaukee
53214,55079,Milwaukee
53215,55079,Milwaukee
53216,55079,Milwaukee
53217,55079,Milwaukee
53218,55079,Milwaukee
53219,55079,Milwaukee
53220,55079,Milwaukee
53221,55079,Milwaukee
53222,55079,Milwaukee
53223,55079,Milwaukee
53224,55079,Milwaukee
53225,55079,Milwaukee
53226,55079,Milwaukee
53227,55079,Milwaukee
53228,55079,Milwaukee
53233,55079,Milwaukee
53234,55079,Milwaukee
53235,55079,Milwaukee
53237,55079,Milwaukee
53259,55079,Milwaukee
53263,55079,Milwaukee
53267,55079,Milwaukee
53268,55079,Milwaukee
53274,55079,Milwaukee
53278,55079,Milwaukee
53288,55079,Milwaukee
53290,55079,Milwaukee
53293,55079,Milwaukee
53295,55079,Milwaukee
53401,55101,Racine
53402,55101,Racine
53403,55101,Racine
53404,55101,Racine
53405,55101,Racine
53406,55101,Racine
53407,55101,Racine
53408,55101,Racine
53501,55105,Rock
53502,55045,Green
53503,55049,Iowa
53504,55065,Lafayette
53505,55105,Rock
53506,55049,Iowa
53507,55049,Iowa
53508,55025,Dane
53510,55065,Lafayette
53511,55105,Rock
53512,55105,Rock
53515,55025,Dane
53516,55065,Lafayette
53517,55025,Dane
53518,55103,Richland
53520,55105,Rock
53521,55045,Green
53522,55045,Green
53523,55025,Dane
53525,55105,Rock
53526,55049,Iowa
53527,55025,Dane
53528,55025,Dane
53529,55025,Dane
53530,55065,Lafayette
53531,55025,Dane
53532,55025,Dane
53533,55049,Iowa
53534,55105,Rock
53535,55049,Iowa
53536,55105,Rock
53537,55105,Rock
53538,55055,Jefferson
53540,55103,Richland
53541,55065,Lafayette
53542,55105,Rock
53543,55049,Iowa
53544,55049,Iowa
53545,55105,Rock
53546,55105,Rock
53547,55105,Rock
53548,55105,Rock
53549,55055,Jefferson
53550,55045,Green
53551,55055,Jefferson
53553,55049,Iowa
53554,55043,Grant
53555,55021,Columbia
53556,55103,Richland
53557,55027,Dodge
53558,55025,Dane
53559,55025,Dane
53560,55025,Dane
53561,55111,Sauk
53562,55025,Dane
53563,55105,Rock
53565,55049,Iowa
53566,55045,Green
53569,55043,Grant
53570,55045,Green
53571,55025,Dane
53572,55025,Dane
53573,55043,Grant
53574,55045,Green
53575,55025,Dane
53576,55105,Rock
53577,55111,Sauk
53578,55111,Sauk
53579,55027,Dodge
53580,55049,Iowa
53581,55103,Richland
53582,55049,Iowa
53583,55111,Sauk
53584,55103,Richland
53585,55127,Walworth
53586,55065,Lafayette
53587,55065,Lafayette
53588,55111,Sauk
53589,55025,Dane
53590,55025,Dane
53593,55025,Dane
53594,55055,Jefferson
53595,55049,Iowa
53596,55025,Dane
53597,55025,Dane
53598,55025,Dane
53599,55065,Lafayette
53701,55025,Dane
53702,55025,Dane
53703,55025,Dane
53704,55025,Dane
53705,55025,Dane
53706,55025,Dane
53707,55025,Dane
53708,55025,Dane
53711,55025,Dane
53713,55025,Dane
53714,55025,Dane
53715,55025,Dane
53716,55025,Dane
53717,55025,Dane
53718,55025,Dane
53719,55025,Dane
53725,55025,Dane
53726,55025,Dane
53744,55025,Dane
53774,55025,Dane
53777,55025,Dane
53778,55025,Dane
53779,55025,Dane
53782,55025,Dane
53783,55025,Dane
53784,55025,Dane
53785,55025,Dane
53786,55025,Dane
53788,55025,Dane
53789,55025,Dane
53790,55025,Dane
53791,55025,Dane
53792,55025,Dane
53793,55025,Dane
53794,55025,Dane
53801,55043,Grant
53802,55043,Grant
53803,55065,Lafayette
53804,55043,Grant
53805,55043,Grant
53806,55043,Grant
53807,55043,Grant
53808,55043,Grant
53809,55043,Grant
53810,55043,Grant
53811,55043,Grant
53812,55043,Grant
53813,55043,Grant
53816,55043,Grant
53817,55043,Grant
53818,55043,Grant
53820,55043,Grant
53821,55023,Crawford
53824,55043,Grant
53825,55043,Grant
53826,55023,Crawford
53827,55043,Grant
53901,55021,Columbia
53910,55001,Adams
53911,55021,Columbia
53913,55111,Sauk
53916,55027,Dodge
53919,55039,Fond du Lac
53920,55077,Marquette
53922,55027,Dodge
53923,55021,Columbia
53924,55103,Richland
53925,55021,Columbia
53926,55047,Green Lake
53927,55001,Adams
53928,55021,Columbia
53929,55057,Juneau
53930,55077,Marquette
53931,55039,Fond du Lac
53932,55021,Columbia
53933,55027,Dodge
53934,55001,Adams
53935,55021,Columbia
53936,55001,Adams
53937,55111,Sauk
53939,55047,Green Lake
53940,55111,Sauk
53941,55111,Sauk
53942,55111,Sauk
53943,55111,Sauk
53944,55057,Juneau
53946,55047,Green Lake
53947,55047,Green Lake
53948,55057,Juneau
53949,55077,Marquette
53950,55057,Juneau
53951,55111,Sauk
53952,55077,Marquette
53953,55077,Marquette
53954,55021,Columbia
53955,55021,Columbia
53956,55021,Columbia
53957,55021,Columbia
53958,55111,Sauk
53959,55111,Sauk
53960,55021,Columbia
53961,55111,Sauk
53962,55057,Juneau
53963,55039,Fond du Lac
53964,55077,Marquette
53965,55001,Adams
53968,55057,Juneau
53969,55021,Columbia
54001,55095,Polk
54002,55109,St. Croix
54003,55093,Pierce
54004,55005,Barron
54005,55095,Polk
54006,55095,Polk
54007,55109,St. Croix
54009,55095,Polk
54010,55093,Pierce
54011,55093,Pierce
54013,55109,St. Croix
54014,55093,Pierce
54015,55109,St. Croix
54016,55109,St. Croix
54017,55109,St. Croix
54020,55095,Polk
54021,55093,Pierce
54022,55093,Pierce
54023,55109,St. Croix
54024,55095,Polk
54025,55109,St. Croix
54026,55095,Polk
54027,55109,St. Croix
54028,55109,St. Croix
54082,55109,St. Croix
54101,55083,Oconto
54102,55075,Marinette
54103,55041,Forest
54104,55075,Marinette
54106,55087,Outagamie
54107,55115,Shawano
54110,55015,Calumet
54111,55115,Shawano
54112,55075,Marinette
54113,55087,Outagamie
54114,55075,Marinette
54115,55009,Brown
54119,55075,Marinette
54120,55037,Florence
54121,55037,Florence
54123,55015,Calumet
54124,55083,Oconto
54125,55075,Marinette
54126,55009,Brown
54127,55115,Shawano
54128,55115,Shawano
54129,55015,Calumet
54130,55087,Outagamie
54131,55087,Outagamie
54135,55078,Menominee
54136,55087,Outagamie
54137,55115,Shawano
54138,55083,Oconto
54139,55083,Oconto
54140,55087,Outagamie
54141,55083,Oconto
54143,55075,Marinette
54149,55083,Oconto
54150,55078,Menominee
54151,55075,Marinette
54152,55087,Outagamie
54153,55083,Oconto
54154,55083,Oconto
54155,55009,Brown
54156,55075,Marinette
54157,55075,Marinette
54159,55075,Marinette
54160,55015,Calumet
54161,55083,Oconto
54162,55115,Shawano
54165,55087,Outagamie
54166,55115,Shawano
54169,55015,Calumet
54170,55087,Outagamie
54171,55083,Oconto
54173,55009,Brown
54174,55083,Oconto
54175,55083,Oconto
54177,55075,Marinette
54180,55009,Brown
54182,55115,Shawano
54201,55061,Kewaunee
54202,55029,Door
54204,55029,Door
54205,55061,Kewaunee
54207,55071,Manitowoc
54208,55009,Brown
54209,55029,Door
54210,55029,Door
54211,55029,Door
54212,55029,Door
54213,55029,Door
54214,55071,Manitowoc
54215,55071,Manitowoc
54216,55061,Kewaunee
54217,55061,Kewaunee
54220,55071,Manitowoc
54221,55071,Manitowoc
54226,55029,Door
54227,55071,Manitowoc
54228,55071,Manitowoc
54229,55009,Brown
54230,55071,Manitowoc
54232,55071,Manitowoc
54234,55029,Door
54235,55029,Door
54240,55071,Manitowoc
54241,55071,Manitowoc
54245,55071,Manitowoc
54246,55029,Door
54247,55071,Manitowoc
54301,55009,Brown
54302,55009,Brown
54303,55009,Brown
54304,55009,Brown
54305,55009,Brown
54306,55009,Brown
54307,55009,Brown
54308,55009,Brown
54311,55009,Brown
54313,55009,Brown
54324,55009,Brown
54344,55009,Brown
54401,55073,Marathon
54402,55073,Marathon
54403,55073,Marathon
54404,55141,Wood
54405,55073,Marathon
54406,55097,Portage
54407,55097,Portage
54408,55073,Marathon
54409,55067,Langlade
54410,55141,Wood
54411,55073,Marathon
54412,55141,Wood
54413,55141,Wood
54414,55115,Shawano
54415,55141,Wood
54416,55115,Shawano
54417,55073,Marathon
54418,55067,Langlade
54420,55019,Clark
54421,55073,Marathon
54422,55019,Clark
54423,55097,Portage
54424,55067,Langlade
54425,55019,Clark
54426,55073,Marathon
54427,55073,Marathon
54428,55067,Langlade
54429,55073,Marathon
54430,55067,Langlade
54432,55073,Marathon
54433,55119,Taylor
54434,55119,Taylor
54435,55069,Lincoln
54436,55019,Clark
54437,55019,Clark
54439,55119,Taylor
54440,55073,Marathon
54441,55141,Wood
54442,55069,Lincoln
54443,55097,Portage
54446,55019,Clark
54447,55119,Taylor
54448,55073,Marathon
54449,55141,Wood
54450,55115,Shawano
54451,55119,Taylor
54452,55069,Lincoln
54454,55141,Wood
54455,55073,Marathon
54456,55019,Clark
54457,55001,Adams
54458,55097,Portage
54459,55099,Price
54460,55019,Clark
54462,55067,Langlade
54463,55085,Oneida
54464,55067,Langlade
54465,55041,Forest
54466,55141,Wood
54467,55097,Portage
54469,55141,Wood
54470,55119,Taylor
54471,55073,Marathon
54472,55141,Wood
54473,55097,Portage
54474,55073,Marathon
54475,55141,Wood
54476,55073,Marathon
54479,55019,Clark
54480,55119,Taylor
54481,55097,Portage
54482,55097,Portage
54484,55073,Marathon
54485,55067,Langlade
54486,55115,Shawano
54487,55069,Lincoln
54488,55019,Clark
54489,55141,Wood
54490,55119,Taylor
54491,55067,Langlade
54492,55097,Portage
54493,55019,Clark
54494,55141,Wood
54495,55141,Wood
54498,55019,Clark
54499,55115,Shawano
54501,55085,Oneida
54511,55041,Forest
54512,55125,Vilas
54513,55099,Price
54514,55003,Ashland
54515,55099,Price
54517,55003,Ashland
54519,55125,Vilas
54520,55041,Forest
54521,55125,Vilas
54524,55099,Price
54525,55051,Iron
54526,55107,Rusk
54527,55003,Ashland
54529,55085,Oneida
54530,55107,Rusk
54531,55085,Oneida
54532,55069,Lincoln
54534,55051,Iron
54536,55051,Iron
54537,55099,Price
54538,55125,Vilas
54539,55085,Oneida
54540,55125,Vilas
54541,55041,Forest
54542,55041,Forest
54543,55085,Oneida
54545,55125,Vilas
54546,55003,Ashland
54547,55051,Iron
54548,55085,Oneida
54550,55051,Iron
54552,55099,Price
54554,55125,Vilas
54555,55099,Price
54556,55099,Price
54557,55125,Vilas
54558,55125,Vilas
54559,55051,Iron
54560,55125,Vilas
54561,55125,Vilas
54562,55085,Oneida
54563,55107,Rusk
54564,55085,Oneida
54565,55051,Iron
54566,55041,Forest
54568,55125,Vilas
54601,55063,La Crosse
54602,55063,La Crosse
54603,55063,La Crosse
54610,55011,Buffalo
54611,55053,Jackson
54612,55121,Trempealeau
54613,55001,Adams
54614,55063,La Crosse
54615,55053,Jackson
54616,55121,Trempealeau
54618,55057,Juneau
54619,55081,Monroe
54620,55081,Monroe
54621,55123,Vernon
54622,55011,Buffalo
54623,55063,La Crosse
54624,55123,Vernon
54625,55121,Trempealeau
54626,55023,Crawford
54627,55121,Trempealeau
54628,55023,Crawford
54629,55011,Buffalo
54630,55121,Trempealeau
54631,55023,Crawford
54632,55123,Vernon
54634,55123,Vernon
54635,55053,Jackson
54636,55063,La Crosse
54637,55057,Juneau
54638,55081,Monroe
54639,55123,Vernon
54640,55023,Crawford
54641,55057,Juneau
54642,55053,Jackson
54643,55053,Jackson
54644,55063,La Crosse
54645,55023,Crawford
54646,55057,Juneau
54648,55081,Monroe
54649,55081,Monroe
54650,55063,La Crosse
54651,55123,Vernon
54652,55123,Vernon
54653,55063,La Crosse
54654,55023,Crawford
54655,55023,Crawford
54656,55081,Monroe
54657,55023,Crawford
54658,55123,Vernon
54659,55053,Jackson
54660,55081,Monroe
54661,55121,Trempealeau
54662,55081,Monroe
54664,55103,Richland
54665,55123,Vernon
54666,55081,Monroe
54667,55123,Vernon
54669,55063,La Crosse
54670,55081,Monroe
54701,55035,Eau Claire
54702,55035,Eau Claire
54703,55035,Eau Claire
54720,55035,Eau Claire
54721,55091,Pepin
54722,55035,Eau Claire
54723,55093,Pierce
54724,55017,Chippewa
54725,55033,Dunn
54726,55017,Chippewa
54727,55017,Chippewa
54728,55005,Barron
54729,55017,Chippewa
54730,55033,Dunn
54731,55107,Rusk
54732,55017,Chippewa
54733,55005,Barron
54734,55033,Dunn
54735,55033,Dunn
54736,55091,Pepin
54737,55033,Dunn
54738,55035,Eau Claire
54739,55033,Dunn
54740,55093,Pierce
54741,55035,Eau Claire
54742,55035,Eau Claire
54743,55011,Buffalo
54745,55017,Chippewa
54746,55019,Clark
54747,55121,Trempealeau
54748,55017,Chippewa
54749,55033,Dunn
54750,55093,Pierce
54751,55033,Dunn
54754,55053,Jackson
54755,55011,Buffalo
54756,55011,Buffalo
54757,55017,Chippewa
54758,55121,Trempealeau
54759,55091,Pepin
54760,55121,Trempealeau
54761,55093,Pierce
54762,55005,Barron
54763,55033,Dunn
54764,55033,Dunn
54765,55033,Dunn
54766,55119,Taylor
54767,55093,Pierce
54768,55017,Chippewa
54769,55091,Pepin
54770,55121,Trempealeau
54771,55019,Clark
54772,55033,Dunn
54773,55121,Trempealeau
54774,55017,Chippewa
54801,55129,Washburn
54805,55005,Barron
54806,55003,Ashland
54810,55095,Polk
54812,55005,Barron
54813,55013,Burnett
54814,55007,Bayfield
54816,55007,Bayfield
54817,55129,Washburn
54818,55005,Barron
54819,55107,Rusk
54820,55031,Douglas
54821,55007,Bayfield
54822,55005,Barron
54824,55095,Polk
54826,55095,Polk
54827,55007,Bayfield
54828,55113,Sawyer
54829,55005,Barron
54830,55013,Burnett
54832,55007,Bayfield
54834,55113,Sawyer
54835,55113,Sawyer
54836,55031,Douglas
54837,55095,Polk
54838,55031,Douglas
54839,55007,Bayfield
54840,55013,Burnett
54841,55005,Barron
54842,55031,Douglas
54843,55113,Sawyer
54844,55007,Bayfield
54845,55013,Burnett
54846,55003,Ashland
54847,55007,Bayfield
54848,55107,Rusk
54849,55031,Douglas
54850,55003,Ashland
54853,55095,Polk
54854,55031,Douglas
54855,55003,Ashland
54856,55007,Bayfield
54857,55005,Barron
54858,55095,Polk
54859,55129,Washburn
54861,55003,Ashland
54862,55113,Sawyer
54864,55031,Douglas
54865,55007,Bayfield
54867,55113,Sawyer
54868,55005,Barron
54870,55129,Washburn
54871,55129,Washburn
54872,55013,Burnett
54873,55031,Douglas
54874,55031,Douglas
54875,55129,Washburn
54876,55113,Sawyer
54880,55031,Douglas
54888,55129,Washburn
54889,55095,Polk
54890,55031,Douglas
54891,55007,Bayfield
54893,55013,Burnett
54895,55107,Rusk
54896,55113,Sawyer
54901,55139,Winnebago
54902,55139,Winnebago
54903,55139,Winnebago
54904,55139,Winnebago
54906,55139,Winnebago
54909,55097,Portage
54911,55087,Outagamie
54912,55087,Outagamie
54913,55087,Outagamie
54914,55087,Outagamie
54915,55015,Calumet
54919,55087,Outagamie
54921,55097,Portage
54922,55087,Outagamie
54923,55137,Waushara
54926,55135,Waupaca
54927,55139,Winnebago
54928,55115,Shawano
54929,55135,Waupaca
54930,55137,Waushara
54931,55087,Outagamie
54932,55039,Fond du Lac
54933,55135,Waupaca
54934,55139,Winnebago
54935,55039,Fond du Lac
54936,55039,Fond du Lac
54937,55039,Fond du Lac
54940,55137,Waushara
54941,55047,Green Lake
54942,55087,Outagamie
54943,55137,Waushara
54944,55087,Outagamie
54945,55135,Waupaca
54946,55135,Waupaca
54947,55139,Winnebago
54948,55115,Shawano
54949,55135,Waupaca
54950,55135,Waupaca
54952,55015,Calumet
54956,55139,Winnebago
54957,55139,Winnebago
54960,55077,Marquette
54961,55135,Waupaca
54962,55135,Waupaca
54963,55139,Winnebago
54964,55139,Winnebago
54965,55137,Waushara
54966,55137,Waushara
54967,55137,Waushara
54968,55047,Green Lake
54969,55135,Waupaca
54970,55137,Waushara
54971,55039,Fond du Lac
54974,55039,Fond du Lac
54976,55137,Waushara
54977,55135,Waupaca
54978,55115,Shawano
54979,55039,Fond du Lac
54980,55139,Winnebago
54981,55135,Waupaca
54982,55137,Waushara
54983,55135,Waupaca
54984,55137,Waushara
54985,55139,Winnebago
54986,55139,Winnebago
54990,55135,Waupaca
55001,27163,Washington
55002,27025,Chisago
55003,27163,Washington
55005,27003,Anoka
55006,27065,Kanabec
55007,27065,Kanabec
55008,27059,Isanti
55009,27049,Goodhue
55010,27037,Dakota
55011,27003,Anoka
55012,27025,Chisago
55013,27025,Chisago
55014,27003,Anoka
55016,27163,Washington
55017,27059,Isanti
55018,27049,Goodhue
55019,27131,Rice
55020,27139,Scott
55021,27131,Rice
55024,27037,Dakota
55025,27003,Anoka
55026,27049,Goodhue
55027,27049,Goodhue
55029,27059,Isanti
55030,27115,Pine
55031,27037,Dakota
55032,27025,Chisago
55033,27037,Dakota
55036,27115,Pine
55037,27115,Pine
55038,27163,Washington
55040,27059,Isanti
55041,27157,Wabasha
55042,27163,Washington
55043,27163,Washington
55044,27037,Dakota
55045,27025,Chisago
55046,27131,Rice
55047,27163,Washington
55049,27147,Steele
55051,27065,Kanabec
55052,27131,Rice
55053,27131,Rice
55054,27139,Scott
55055,27163,Washington
55056,27025,Chisago
55057,27131,Rice
55060,27147,Steele
55063,27115,Pine
55065,27037,Dakota
55066,27049,Goodhue
55067,27115,Pine
55068,27037,Dakota
55069,27025,Chisago
55070,27003,Anoka
55071,27163,Washington
55072,27115,Pine
55073,27163,Washington
55074,27025,Chisago
55075,27037,Dakota
55076,27037,Dakota
55077,27037,Dakota
55078,27025,Chisago
55079,27025,Chisago
55080,27059,Isanti
55082,27163,Washington
55083,27163,Washington
55084,27025,Chisago
55085,27037,Dakota
55087,27131,Rice
55088,27131,Rice
55089,27049,Goodhue
55090,27163,Washington
55092,27003,Anoka
55101,27123,Ramsey
55102,27123,Ramsey
55103,27123,Ramsey
55104,27123,Ramsey
55105,27123,Ramsey
55106,27123,Ramsey
55107,27123,Ramsey
55108,27123,Ramsey
55109,27123,Ramsey
55110,27123,Ramsey
55111,27053,Hennepin
55112,27123,Ramsey
55113,27123,Ramsey
55114,27123,Ramsey
55115,27163,Washington
55116,27123,Ramsey
55117,27123,Ramsey
55118,27037,Dakota
55119,27123,Ramsey
55120,27037,Dakota
55121,27037,Dakota
55122,27037,Dakota
55123,27037,Dakota
55124,27037,Dakota
55125,27163,Washington
55126,27123,Ramsey
55127,27123,Ramsey
55128,27163,Washington
55129,27163,Washington
55130,27123,Ramsey
55131,27123,Ramsey
55133,27123,Ramsey
55144,27123,Ramsey
55145,27123,Ramsey
55146,27123,Ramsey
55150,27037,Dakota
55155,27123,Ramsey
55164,27123,Ramsey
55165,27123,Ramsey
55170,27123,Ramsey
55172,27123,Ramsey
55175,27123,Ramsey
55187,27123,Ramsey
55188,27123,Ramsey
55301,27171,Wright
55302,27171,Wright
55303,27003,Anoka
55304,27003,Anoka
55305,27053,Hennepin
55306,27037,Dakota
55307,27143,Sibley
55308,27141,Sherburne
55309,27141,Sherburne
55310,27129,Renville
55311,27053,Hennepin
55312,27085,McLeod
55313,27171,Wright
55314,27129,Renville
55315,27019,Carver
55316,27053,Hennepin
55317,27019,Carver
55318,27019,Carver
55319,27141,Sherburne
55320,27145,Stearns
55321,27171,Wright
55322,27019,Carver
55323,27053,Hennepin
55324,27093,Meeker
55325,27093,Meeker
55327,27053,Hennepin
55328,27171,Wright
55329,27093,Meeker
55330,27141,Sherburne
55331,27053,Hennepin
55332,27129,Renville
55333,27129,Renville
55334,27143,Sibley
55335,27143,Sibley
55336,27085,McLeod
55337,27037,Dakota
55338,27143,Sibley
55339,27019,Carver
55340,27053,Hennepin
55341,27171,Wright
55342,27129,Renville
55343,27053,Hennepin
55344,27053,Hennepin
55345,27053,Hennepin
55346,27053,Hennepin
55347,27053,Hennepin
55348,27053,Hennepin
55349,27171,Wright
55350,27085,McLeod
55352,27139,Scott
55353,27145,Stearns
55354,27085,McLeod
55355,27093,Meeker
55356,27053,Hennepin
55357,27053,Hennepin
55358,27171,Wright
55359,27053,Hennepin
55360,27019,Carver
55361,27053,Hennepin
55362,27171,Wright
55363,27171,Wright
55364,27053,Hennepin
55366,27143,Sibley
55367,27019,Carver
55368,27019,Carver
55369,27053,Hennepin
55370,27085,McLeod
55371,27095,Mille Lacs
55372,27139,Scott
55373,27053,Hennepin
55374,27053,Hennepin
55375,27053,Hennepin
55376,27171,Wright
55377,27141,Sherburne
55378,27139,Scott
55379,27139,Scott
55380,27171,Wright
55381,27085,McLeod
55382,27145,Stearns
55383,27019,Carver
55384,27053,Hennepin
55385,27085,McLeod
55386,27019,Carver
55387,27019,Carver
55388,27019,Carver
55389,27093,Meeker
55390,27171,Wright
55391,27053,Hennepin
55392,27053,Hennepin
55395,27085,McLeod
55396,27143,Sibley
55397,27019,Carver
55398,27141,Sherburne
55401,27053,Hennepin
55402,27053,Hennepin
55403,27053,Hennepin
55404,27053,Hennepin
55405,27053,Hennepin
55406,27053,Hennepin
55407,27053,Hennepin
55408,27053,Hennepin
55409,27053,Hennepin
55410,27053,Hennepin
55411,27053,Hennepin
55412,27053,Hennepin
55413,27053,Hennepin
55414,27053,Hennepin
55415,27053,Hennepin
55416,27053,Hennepin
55417,27053,Hennepin
55418,27053,Hennepin
55419,27053,Hennepin
55420,27053,Hennepin
55421,27003,Anoka
55422,27053,Hennepin
55423,27053,Hennepin
55424,27053,Hennepin
55425,27053,Hennepin
55426,27053,Hennepin
55427,27053,Hennepin
55428,27053,Hennepin
55429,27053,Hennepin
55430,27053,Hennepin
55431,27053,Hennepin
55432,27003,Anoka
55433,27003,Anoka
55434,27003,Anoka
55435,27053,Hennepin
55436,27053,Hennepin
55437,27053,Hennepin
55438,27053,Hennepin
55439,27053,Hennepin
55440,27053,Hennepin
55441,27053,Hennepin
55442,27053,Hennepin
55443,27053,Hennepin
55444,27053,Hennepin
55445,27053,Hennepin
55446,27053,Hennepin
55447,27053,Hennepin
55448,27003,Anoka
55449,27003,Anoka
55450,27053,Hennepin
55454,27053,Hennepin
55455,27053,Hennepin
55458,27053,Hennepin
55459,27053,Hennepin
55460,27053,Hennepin
55467,27053,Hennepin
55470,27053,Hennepin
55472,27053,Hennepin
55473,27019,Carver
55474,27053,Hennepin
55478,27053,Hennepin
55479,27053,Hennepin
55480,27053,Hennepin
55483,27053,Hennepin
55484,27053,Hennepin
55485,27053,Hennepin
55486,27053,Hennepin
55487,27053,Hennepin
55488,27053,Hennepin
55550,27019,Carver
55551,27019,Carver
55553,27019,Carver
55554,27019,Carver
55558,27019,Carver
55568,27019,Carver
55569,27053,Hennepin
55570,27053,Hennepin
55571,27053,Hennepin
55572,27053,Hennepin
55573,27053,Hennepin
55574,27053,Hennepin
55575,27053,Hennepin
55576,27053,Hennepin
55577,27053,Hennepin
55578,27053,Hennepin
55579,27053,Hennepin
55583,27019,Carver
55592,27171,Wright
55593,27053,Hennepin
55594,27019,Carver
55595,27053,Hennepin
55596,27053,Hennepin
55597,27053,Hennepin
55598,27053,Hennepin
55599,27053,Hennepin
55601,27075,Lake
55602,27137,St. Louis
55603,27075,Lake
55604,27031,Cook
55605,27031,Cook
55606,27031,Cook
55607,27075,Lake
55609,27075,Lake
55612,27031,Cook
55613,27031,Cook
55614,27075,Lake
55615,27031,Cook
55616,27075,Lake
55702,27137,St. Louis
55703,27137,St. Louis
55704,27115,Pine
55705,27137,St. Louis
55706,27137,St. Louis
55707,27017,Carlton
55708,27137,St. Louis
55709,27061,Itasca
55710,27137,St. Louis
55711,27137,St. Louis
55712,27115,Pine
55713,27137,St. Louis
55716,27061,Itasca
55717,27137,St. Louis
55718,27017,Carlton
55719,27137,St. Louis
55720,27017,Carlton
55721,27061,Itasca
55722,27061,Itasca
55723,27137,St. Louis
55724,27137,St. Louis
55725,27137,St. Louis
55726,27017,Carlton
55730,27061,Itasca
55731,27075,Lake
55732,27137,St. Louis
55733,27017,Carlton
55734,27137,St. Louis
55735,27115,Pine
55736,27137,St. Louis
55738,27137,St. Louis
55741,27137,St. Louis
55742,27061,Itasca
55744,27061,Itasca
55745,27061,Itasca
55746,27137,St. Louis
55747,27137,St. Louis
55748,27001,Aitkin
55749,27017,Carlton
55750,27137,St. Louis
55751,27137,St. Louis
55752,27001,Aitkin
55753,27061,Itasca
55756,27115,Pine
55757,27017,Carlton
55758,27137,St. Louis
55760,27001,Aitkin
55763,27137,St. Louis
55764,27061,Itasca
55765,27137,St. Louis
55766,27137,St. Louis
55767,27017,Carlton
55768,27137,St. Louis
55769,27061,Itasca
55771,27137,St. Louis
55772,27071,Koochiching
55775,27061,Itasca
55777,27137,St. Louis
55779,27137,St. Louis
55780,27017,Carlton
55781,27061,Itasca
55782,27137,St. Louis
55783,27115,Pine
55784,27061,Itasca
55785,27001,Aitkin
55786,27061,Itasca
55787,27001,Aitkin
55790,27137,St. Louis
55791,27137,St. Louis
55792,27137,St. Louis
55793,27061,Itasca
55795,27115,Pine
55796,27075,Lake
55797,27017,Carlton
55798,27017,Carlton
55801,27137,St. Louis
55802,27137,St. Louis
55803,27137,St. Louis
55804,27137,St. Louis
55805,27137,St. Louis
55806,27137,St. Louis
55807,27137,St. Louis
55808,27137,St. Louis
55810,27137,St. Louis
55811,27137,St. Louis
55812,27137,St. Louis
55814,27137,St. Louis
55815,27137,St. Louis
55816,27137,St. Louis
55901,27109,Olmsted
55902,27109,Olmsted
55903,27109,Olmsted
55904,27109,Olmsted
55905,27109,Olmsted
55906,27109,Olmsted
55909,27099,Mower
55910,27169,Winona
55912,27099,Mower
55917,27147,Steele
55918,27099,Mower
55919,27055,Houston
55920,27109,Olmsted
55921,27055,Houston
55922,27045,Fillmore
55923,27045,Fillmore
55924,27039,Dodge
55925,27169,Winona
55926,27099,Mower
55927,27039,Dodge
55929,27109,Olmsted
55931,27055,Houston
55932,27109,Olmsted
55933,27099,Mower
55934,27109,Olmsted
55935,27045,Fillmore
55936,27099,Mower
55939,27045,Fillmore
55940,27039,Dodge
55941,27055,Houston
55942,27169,Winona
55943,27055,Houston
55944,27039,Dodge
55945,27157,Wabasha
55946,27049,Goodhue
55947,27055,Houston
55949,27045,Fillmore
55950,27099,Mower
55951,27099,Mower
55952,27169,Winona
55953,27099,Mower
55954,27045,Fillmore
55955,27039,Dodge
55956,27157,Wabasha
55957,27157,Wabasha
55959,27169,Winona
55960,27109,Olmsted
55961,27099,Mower
55962,27045,Fillmore
55963,27049,Goodhue
55964,27157,Wabasha
55965,27045,Fillmore
55967,27099,Mower
55968,27157,Wabasha
55969,27169,Winona
55970,27099,Mower
55971,27045,Fillmore
55972,27169,Winona
55973,27099,Mower
55974,27055,Houston
55975,27045,Fillmore
55976,27109,Olmsted
55977,27099,Mower
55979,27169,Winona
55981,27157,Wabasha
55982,27099,Mower
55983,27049,Goodhue
55985,27039,Dodge
55987,27169,Winona
55988,27169,Winona
55990,27045,Fillmore
55991,27157,Wabasha
55992,27049,Goodhue
56001,27013,Blue Earth
56002,27013,Blue Earth
56003,27103,Nicollet
56007,27047,Freeborn
56009,27047,Freeborn
56010,27013,Blue Earth
56011,27139,Scott
56013,27043,Faribault
56014,27043,Faribault
56016,27047,Freeborn
56017,27079,Le Sueur
56019,27015,Brown
56020,27047,Freeborn
56021,27103,Nicollet
56022,27165,Watonwan
56023,27043,Faribault
56024,27013,Blue Earth
56025,27043,Faribault
56026,27147,Steele
56027,27043,Faribault
56028,27079,Le Sueur
56029,27047,Freeborn
56030,27015,Brown
56031,27091,Martin
56032,27047,Freeborn
56033,27043,Faribault
56034,27013,Blue Earth
56035,27047,Freeborn
56036,27047,Freeborn
56037,27013,Blue Earth
56039,27091,Martin
56041,27015,Brown
56042,27047,Freeborn
56043,27047,Freeborn
56044,27143,Sibley
56045,27047,Freeborn
56046,27147,Steele
56047,27043,Faribault
56048,27161,Waseca
56050,27079,Le Sueur
56051,27043,Faribault
56052,27079,Le Sueur
56054,27103,Nicollet
56055,27013,Blue Earth
56056,27165,Watonwan
56057,27079,Le Sueur
56058,27079,Le Sueur
56060,27165,Watonwan
56062,27165,Watonwan
56063,27013,Blue Earth
56065,27013,Blue Earth
56068,27013,Blue Earth
56069,27079,Le Sueur
56071,27079,Le Sueur
56072,27161,Waseca
56073,27015,Brown
56074,27103,Nicollet
56075,27091,Martin
56078,27013,Blue Earth
56080,27013,Blue Earth
56081,27165,Watonwan
56082,27103,Nicollet
56083,27127,Redwood
56084,27015,Brown
56085,27015,Brown
56087,27015,Brown
56088,27091,Martin
56089,27047,Freeborn
56090,27013,Blue Earth
56091,27161,Waseca
56093,27161,Waseca
56096,27079,Le Sueur
56097,27043,Faribault
56098,27043,Faribault
56101,27033,Cottonwood
56110,27105,Nobles
56111,27063,Jackson
56113,27081,Lincoln
56114,27101,Murray
56115,27083,Lyon
56116,27133,Rock
56117,27105,Nobles
56118,27033,Cottonwood
56119,27105,Nobles
56120,27165,Watonwan
56121,27091,Martin
56122,27101,Murray
56123,27101,Murray
56125,27101,Murray
56127,27091,Martin
56128,27117,Pipestone
56129,27105,Nobles
56131,27101,Murray
56132,27083,Lyon
56134,27133,Rock
56136,27081,Lincoln
56137,27063,Jackson
56138,27133,Rock
56139,27117,Pipestone
56140,27117,Pipestone
56141,27101,Murray
56142,27081,Lincoln
56143,27063,Jackson
56144,27133,Rock
56145,27033,Cottonwood
56146,27133,Rock
56147,27133,Rock
56149,27081,Lincoln
56150,27063,Jackson
56151,27101,Murray
56152,27127,Redwood
56153,27105,Nobles
56155,27105,Nobles
56156,27133,Rock
56157,27083,Lyon
56158,27133,Rock
56159,27033,Cottonwood
56160,27091,Martin
56161,27063,Jackson
56162,27091,Martin
56164,27117,Pipestone
56165,27105,Nobles
56166,27127,Redwood
56167,27063,Jackson
56168,27105,Nobles
56169,27083,Lyon
56170,27117,Pipestone
56171,27091,Martin
56172,27101,Murray
56173,27133,Rock
56174,27033,Cottonwood
56175,27083,Lyon
56176,27091,Martin
56178,27081,Lincoln
56180,27127,Redwood
56181,27091,Martin
56183,27033,Cottonwood
56185,27105,Nobles
56186,27117,Pipestone
56187,27105,Nobles
56201,27067,Kandiyohi
56207,27149,Stevens
56208,27151,Swift
56209,27067,Kandiyohi
56210,27011,Big Stone
56211,27011,Big Stone
56212,27073,Lac qui Parle
56214,27127,Redwood
56215,27151,Swift
56216,27067,Kandiyohi
56218,27073,Lac qui Parle
56219,46109,Roberts
56220,27173,Yellow Medicine
56221,27149,Stevens
56222,27023,Chippewa
56223,27173,Yellow Medicine
56224,27127,Redwood
56225,27011,Big Stone
56226,27121,Pope
56227,27011,Big Stone
56228,27093,Meeker
56229,27083,Lyon
56230,27129,Renville
56231,27151,Swift
56232,27073,Lac qui Parle
56235,27149,Stevens
56236,27155,Traverse
56237,27173,Yellow Medicine
56239,27083,Lyon
56240,27011,Big Stone
56241,27173,Yellow Medicine
56243,27093,Meeker
56244,27149,Stevens
56245,27173,Yellow Medicine
56248,27051,Grant
56249,27151,Swift
56251,27067,Kandiyohi
56252,27151,Swift
56253,27067,Kandiyohi
56255,27127,Redwood
56256,27073,Lac qui Parle
56257,27073,Lac qui Parle
56258,27083,Lyon
56260,27023,Chippewa
56262,27023,Chippewa
56263,27127,Redwood
56264,27083,Lyon
56265,27023,Chippewa
56266,27127,Redwood
56267,27149,Stevens
56270,27129,Renville
56271,27151,Swift
56273,27067,Kandiyohi
56274,27051,Grant
56276,27011,Big Stone
56277,27129,Renville
56278,27011,Big Stone
56279,27067,Kandiyohi
56280,27081,Lincoln
56281,27067,Kandiyohi
56282,27067,Kandiyohi
56283,27127,Redwood
56284,27129,Renville
56285,27129,Renville
56287,27127,Redwood
56288,27067,Kandiyohi
56289,27067,Kandiyohi
56291,27173,Yellow Medicine
56292,27127,Redwood
56293,27127,Redwood
56294,27127,Redwood
56295,27023,Chippewa
56296,27155,Traverse
56297,27173,Yellow Medicine
56301,27145,Stearns
56302,27145,Stearns
56303,27145,Stearns
56304,27141,Sherburne
56307,27145,Stearns
56308,27041,Douglas
56309,27051,Grant
56310,27145,Stearns
56311,27051,Grant
56312,27145,Stearns
56313,27095,Mille Lacs
56314,27097,Morrison
56315,27041,Douglas
56316,27121,Pope
56317,27097,Morrison
56318,27153,Todd
56319,27041,Douglas
56320,27145,Stearns
56321,27145,Stearns
56323,27121,Pope
56324,27111,Otter Tail
56325,27145,Stearns
56326,27041,Douglas
56327,27121,Pope
56328,27097,Morrison
56329,27009,Benton
56330,27095,Mille Lacs
56331,27145,Stearns
56332,27041,Douglas
56333,27009,Benton
56334,27121,Pope
56335,27145,Stearns
56336,27153,Todd
56338,27097,Morrison
56339,27051,Grant
56340,27145,Stearns
56341,27041,Douglas
56342,27001,Aitkin
56343,27041,Douglas
56344,27097,Morrison
56345,27097,Morrison
56347,27153,Todd
56349,27121,Pope
56350,27001,Aitkin
56352,27145,Stearns
56353,27095,Mille Lacs
56354,27041,Douglas
56355,27041,Douglas
56356,27145,Stearns
56357,27009,Benton
56358,27065,Kanabec
56359,27095,Mille Lacs
56360,27153,Todd
56361,27111,Otter Tail
56362,27145,Stearns
56363,27095,Mille Lacs
56364,27097,Morrison
56367,27009,Benton
56368,27145,Stearns
56369,27145,Stearns
56371,27145,Stearns
56372,27145,Stearns
56373,27097,Morrison
56374,27145,Stearns
56375,27145,Stearns
56376,27145,Stearns
56377,27145,Stearns
56378,27145,Stearns
56379,27009,Benton
56381,27121,Pope
56382,27097,Morrison
56384,27097,Morrison
56385,27121,Pope
56386,27095,Mille Lacs
56387,27145,Stearns
56388,27097,Morrison
56389,27153,Todd
56393,27145,Stearns
56395,27145,Stearns
56396,27145,Stearns
56397,27145,Stearns
56398,27145,Stearns
56399,27145,Stearns
56401,27035,Crow Wing
56425,27035,Crow Wing
56430,27021,Cass
56431,27001,Aitkin
56433,27057,Hubbard
56434,27153,Todd
56435,27021,Cass
56436,27057,Hubbard
56437,27153,Todd
56438,27153,Todd
56440,27153,Todd
56441,27035,Crow Wing
56442,27035,Crow Wing
56443,27097,Morrison
56444,27035,Crow Wing
56446,27153,Todd
56447,27035,Crow Wing
56448,27035,Crow Wing
56449,27035,Crow Wing
56450,27035,Crow Wing
56452,27021,Cass
56453,27111,Otter Tail
56455,27035,Crow Wing
56456,27035,Crow Wing
56458,27057,Hubbard
56459,27035,Crow Wing
56461,27057,Hubbard
56464,27159,Wadena
56465,27035,Crow Wing
56466,27021,Cass
56467,27057,Hubbard
56468,27035,Crow Wing
56469,27001,Aitkin
56470,27057,Hubbard
56472,27021,Cass
56473,27021,Cass
56474,27021,Cass
56475,27097,Morrison
56477,27159,Wadena
56479,27153,Todd
56481,27159,Wadena
56482,27159,Wadena
56484,27021,Cass
56501,27005,Becker
56502,27005,Becker
56510,27107,Norman
56511,27005,Becker
56514,27027,Clay
56515,27111,Otter Tail
56516,27087,Mahnomen
56517,27119,Polk
56518,27111,Otter Tail
56519,27107,Norman
56520,27167,Wilkin
56521,27005,Becker
56522,27167,Wilkin
56523,27119,Polk
56524,27111,Otter Tail
56525,27027,Clay
56527,27111,Otter Tail
56528,27111,Otter Tail
56529,27027,Clay
56531,27051,Grant
56533,27111,Otter Tail
56534,27111,Otter Tail
56535,27119,Polk
56536,27027,Clay
56537,27111,Otter Tail
56538,27111,Otter Tail
56540,27119,Polk
56541,27107,Norman
56542,27119,Polk
56543,27167,Wilkin
56544,27005,Becker
56545,27107,Norman
56546,27027,Clay
56547,27027,Clay
56548,27107,Norman
56549,27027,Clay
56550,27107,Norman
56551,27111,Otter Tail
56552,27027,Clay
56553,27167,Wilkin
56554,27005,Becker
56556,27119,Polk
56557,27087,Mahnomen
56560,27027,Clay
56561,27027,Clay
56562,27027,Clay
56563,27027,Clay
56565,27167,Wilkin
56566,27087,Mahnomen
56567,27111,Otter Tail
56568,27119,Polk
56569,27005,Becker
56570,27005,Becker
56571,27111,Otter Tail
56572,27111,Otter Tail
56573,27111,Otter Tail
56574,27107,Norman
56575,27005,Becker
56576,27111,Otter Tail
56577,27005,Becker
56578,27005,Becker
56579,27167,Wilkin
56580,27027,Clay
56581,27107,Norman
56583,27155,Traverse
56584,27107,Norman
56585,27027,Clay
56586,27111,Otter Tail
56587,27111,Otter Tail
56588,27111,Otter Tail
56589,27087,Mahnomen
56590,27051,Grant
56591,27005,Becker
56592,27119,Polk
56593,27005,Becker
56594,27167,Wilkin
56601,27007,Beltrami
56619,27007,Beltrami
56621,27029,Clearwater
56623,27077,Lake of the Woods
56626,27021,Cass
56627,27071,Koochiching
56628,27061,Itasca
56629,27071,Koochiching
56630,27007,Beltrami
56631,27061,Itasca
56633,27021,Cass
56634,27029,Clearwater
56636,27061,Itasca
56637,27061,Itasca
56639,27061,Itasca
56641,27021,Cass
56644,27029,Clearwater
56646,27119,Polk
56647,27007,Beltrami
56649,27071,Koochiching
56650,27007,Beltrami
56651,27087,Mahnomen
56652,27029,Clearwater
56653,27071,Koochiching
56654,27071,Koochiching
56655,27021,Cass
56657,27061,Itasca
56658,27071,Koochiching
56659,27061,Itasca
56660,27071,Koochiching
56661,27071,Koochiching
56662,27021,Cass
56663,27007,Beltrami
56666,27007,Beltrami
56667,27007,Beltrami
56668,27071,Koochiching
56669,27071,Koochiching
56670,27007,Beltrami
56671,27029,Clearwater
56672,27021,Cass
56673,27077,Lake of the Woods
56676,27029,Clearwater
56678,27007,Beltrami
56679,27071,Koochiching
56680,27061,Itasca
56681,27061,Itasca
56682,27135,Roseau
56683,27007,Beltrami
56684,27119,Polk
56685,27007,Beltrami
56686,27077,Lake of the Woods
56687,27007,Beltrami
56688,27061,Itasca
56701,27113,Pennington
56710,27089,Marshall
56711,27077,Lake of the Woods
56713,27089,Marshall
56714,27135,Roseau
56715,27125,Red Lake
56716,27119,Polk
56720,27069,Kittson
56721,27119,Polk
56722,27119,Polk
56723,27119,Polk
56724,27089,Marshall
56725,27113,Pennington
56726,27135,Roseau
56727,27007,Beltrami
56728,27069,Kittson
56729,27069,Kittson
56731,27069,Kittson
56732,27069,Kittson
56733,27069,Kittson
56734,27069,Kittson
56735,27069,Kittson
56736,27119,Polk
56737,27089,Marshall
56738,27089,Marshall
56740,27069,Kittson
56741,27077,Lake of the Woods
56742,27125,Red Lake
56744,27089,Marshall
56748,27125,Red Lake
56750,27125,Red Lake
56751,27135,Roseau
56754,27113,Pennington
56755,27069,Kittson
56756,27135,Roseau
56757,27089,Marshall
56758,27089,Marshall
56759,27135,Roseau
56760,27089,Marshall
56761,27135,Roseau
56762,27119,Polk
56763,27135,Roseau
56901,11001,District of Columbia
56915,11001,District of Columbia
56920,11001,District of Columbia
56933,11001,District of Columbia
56944,11001,District of Columbia
56972,11001,District of Columbia
57001,46127,Union
57002,46011,Brookings
57003,46099,Minnehaha
57004,46083,Lincoln
57005,46099,Minnehaha
57006,46011,Brookings
57007,46011,Brookings
57010,46027,Clay
57012,46087,McCook
57013,46083,Lincoln
57014,46125,Turner
57015,46125,Turner
57016,46079,Lake
57017,46101,Moody
57018,46099,Minnehaha
57020,46099,Minnehaha
57021,46125,Turner
57022,46099,Minnehaha
57024,46101,Moody
57025,46127,Union
57026,46011,Brookings
57027,46083,Lincoln
57028,46101,Moody
57029,46067,Hutchinson
57030,46099,Minnehaha
57031,46135,Yankton
57032,46083,Lincoln
57033,46099,Minnehaha
57034,46083,Lincoln
57035,46099,Minnehaha
57036,46125,Turner
57037,46135,Yankton
57038,46127,Union
57039,46083,Lincoln
57040,46135,Yankton
57041,46099,Minnehaha
57042,46079,Lake
57043,46125,Turner
57045,46067,Hutchinson
57046,46135,Yankton
57047,46087,McCook
57048,46087,McCook
57049,46127,Union
57050,46079,Lake
57051,46077,Kingsbury
57052,46067,Hutchinson
57053,46125,Turner
57054,46079,Lake
57055,46099,Minnehaha
57057,46079,Lake
57058,46087,McCook
57059,46009,Bon Homme
57061,46011,Brookings
57062,46009,Bon Homme
57063,46009,Bon Homme
57064,46083,Lincoln
57065,46101,Moody
57066,46009,Bon Homme
57067,46135,Yankton
57068,46099,Minnehaha
57069,46027,Clay
57070,46125,Turner
57071,46011,Brookings
57072,46135,Yankton
57073,46027,Clay
57075,46079,Lake
57076,46079,Lake
57077,46083,Lincoln
57078,46135,Yankton
57101,46099,Minnehaha
57103,46099,Minnehaha
57104,46099,Minnehaha
57105,46099,Minnehaha
57106,46099,Minnehaha
57107,46099,Minnehaha
57108,46083,Lincoln
57109,46099,Minnehaha
57110,46099,Minnehaha
57117,46099,Minnehaha
57118,46099,Minnehaha
57186,46099,Minnehaha
57193,46099,Minnehaha
57197,46099,Minnehaha
57198,46099,Minnehaha
57201,46029,Codington
57212,46077,Kingsbury
57213,46039,Deuel
57214,46077,Kingsbury
57216,46051,Grant
57217,46025,Clark
57218,46039,Deuel
57219,46037,Day
57220,46011,Brookings
57221,46057,Hamlin
57223,46057,Hamlin
57224,46109,Roberts
57225,46025,Clark
57226,46039,Deuel
57227,46109,Roberts
57231,46077,Kingsbury
57232,46091,Marshall
57233,46077,Kingsbury
57234,46039,Deuel
57235,46029,Codington
57236,46025,Clark
57237,46039,Deuel
57238,46039,Deuel
57239,46037,Day
57241,46057,Hamlin
57242,46057,Hamlin
57243,46029,Codington
57245,46029,Codington
57246,46051,Grant
57247,46091,Marshall
57248,46057,Hamlin
57249,46077,Kingsbury
57251,46051,Grant
57252,46051,Grant
57255,46109,Roberts
57256,46051,Grant
57257,46109,Roberts
57258,46025,Clark
57259,46051,Grant
57260,46109,Roberts
57261,46037,Day
57262,46109,Roberts
57263,46029,Codington
57264,46051,Grant
57265,46051,Grant
57266,46051,Grant
57268,46039,Deuel
57269,46051,Grant
57270,46091,Marshall
57271,46025,Clark
57272,46029,Codington
57273,46037,Day
57274,46037,Day
57276,46011,Brookings
57278,46025,Clark
57279,46109,Roberts
57301,46035,Davison
57311,46061,Hanson
57312,46005,Beadle
57313,46043,Douglas
57314,46111,Sanborn
57315,46009,Bon Homme
57317,46053,Gregory
57319,46087,McCook
57321,46097,Miner
57322,46005,Beadle
57323,46097,Miner
57324,46005,Beadle
57325,46015,Brule
57326,46015,Brule
57328,46043,Douglas
57329,46023,Charles Mix
57330,46043,Douglas
57331,46067,Hutchinson
57332,46061,Hanson
57334,46035,Davison
57335,46053,Gregory
57337,46097,Miner
57339,46017,Buffalo
57340,46061,Hanson
57341,46017,Buffalo
57342,46023,Charles Mix
57344,46043,Douglas
57345,46069,Hyde
57346,46069,Hyde
57348,46005,Beadle
57349,46097,Miner
57350,46005,Beadle
57353,46077,Kingsbury
57354,46067,Hutchinson
57355,46015,Brule
57356,46023,Charles Mix
57358,46073,Jerauld
57359,46111,Sanborn
57361,46023,Charles Mix
57362,46059,Hand
57363,46035,Davison
57364,46043,Douglas
57365,46085,Lyman
57366,46067,Hutchinson
57367,46023,Charles Mix
57368,46003,Aurora
57369,46023,Charles Mix
57370,46015,Brule
57371,46059,Hand
57373,46059,Hand
57374,46087,McCook
57375,46003,Aurora
57376,46067,Hutchinson
57379,46005,Beadle
57380,46023,Charles Mix
57381,46059,Hand
57382,46073,Jerauld
57383,46003,Aurora
57384,46005,Beadle
57385,46111,Sanborn
57386,46005,Beadle
57399,46005,Beadle
57401,46013,Brown
57402,46013,Brown
57420,46129,Walworth
57421,46091,Marshall
57422,46037,Day
57424,46115,Spink
57426,46013,Brown
57427,46013,Brown
57428,46045,Edmunds
57429,46115,Spink
57430,46091,Marshall
57432,46013,Brown
57433,46013,Brown
57434,46115,Spink
57435,46049,Faulk
57436,46115,Spink
57437,46089,McPherson
57438,46049,Faulk
57439,46013,Brown
57440,46115,Spink
57441,46013,Brown
57442,46107,Potter
57445,46013,Brown
57446,46013,Brown
57448,46089,McPherson
57449,46013,Brown
57450,46107,Potter
57451,46045,Edmunds
57452,46129,Walworth
57454,46091,Marshall
57455,46107,Potter
57456,46089,McPherson
57457,46089,McPherson
57460,46013,Brown
57461,46115,Spink
57465,46115,Spink
57466,46049,Faulk
57467,46059,Hand
57468,46037,Day
57469,46115,Spink
57470,46059,Hand
57471,46045,Edmunds
57472,46129,Walworth
57473,46049,Faulk
57474,46013,Brown
57475,46107,Potter
57476,46115,Spink
57477,46115,Spink
57479,46013,Brown
57481,46013,Brown
57501,46065,Hughes
57520,46119,Sully
57521,46095,Mellette
57522,46065,Hughes
57523,46053,Gregory
57528,46123,Tripp
57529,46123,Tripp
57531,46075,Jones
57532,46117,Stanley
57533,46053,Gregory
57534,46123,Tripp
57536,46065,Hughes
57537,46117,Stanley
57538,46053,Gregory
57540,46069,Hyde
57541,46123,Tripp
57543,46071,Jackson
57544,46085,Lyman
57547,46071,Jackson
57548,46085,Lyman
57551,46007,Bennett
57552,46055,Haakon
57553,46055,Haakon
57555,46121,Todd
57559,46075,Jones
57560,46095,Mellette
57562,46075,Jones
57563,46121,Todd
57564,46119,Sully
57566,46121,Todd
57567,46055,Haakon
57568,46085,Lyman
57569,46085,Lyman
57570,46121,Todd
57571,46053,Gregory
57572,46121,Todd
57574,46007,Bennett
57576,46085,Lyman
57577,46071,Jackson
57579,46095,Mellette
57580,46123,Tripp
57584,46123,Tripp
57585,46095,Mellette
57601,46041,Dewey
57620,46105,Perkins
57621,46031,Corson
57622,46137,Ziebach
57623,46137,Ziebach
57625,46041,Dewey
57626,46105,Perkins
57630,46041,Dewey
57631,46129,Walworth
57632,46021,Campbell
57633,46031,Corson
57634,46031,Corson
57636,46041,Dewey
57638,46105,Perkins
57639,46031,Corson
57640,46105,Perkins
57641,46031,Corson
57642,46031,Corson
57644,46105,Perkins
57645,46031,Corson
57646,46021,Campbell
57648,38029,Emmons
57649,46105,Perkins
57650,46063,Harding
57651,46063,Harding
57652,46041,Dewey
57656,46041,Dewey
57657,46031,Corson
57658,46031,Corson
57659,46031,Corson
57660,46031,Corson
57661,46041,Dewey
57701,46103,Pennington
57702,46103,Pennington
57703,46103,Pennington
57706,46093,Meade
57709,46103,Pennington
57714,46007,Bennett
57716,46102,Oglala Lakota
57717,46019,Butte
57718,46093,Meade
57719,46093,Meade
57720,46063,Harding
57722,46102,Oglala Lakota
57724,46063,Harding
57725,46103,Pennington
57730,46033,Custer
57732,46081,Lawrence
57735,46047,Fall River
57737,46093,Meade
57738,46033,Custer
57741,46093,Meade
57744,46033,Custer
57745,46103,Pennington
57747,46047,Fall River
57748,46093,Meade
57750,46071,Jackson
57751,46103,Pennington
57752,46102,Oglala Lakota
57754,46081,Lawrence
57755,46063,Harding
57756,46102,Oglala Lakota
57758,46093,Meade
57759,46081,Lawrence
57760,46019,Butte
57761,46093,Meade
57762,46019,Butte
57763,46047,Fall River
57764,46102,Oglala Lakota
57766,46047,Fall River
57767,46093,Meade
57769,46093,Meade
57770,46102,Oglala Lakota
57772,46102,Oglala Lakota
57773,46033,Custer
57775,46103,Pennington
57776,46063,Harding
57779,46081,Lawrence
57780,46103,Pennington
57782,46047,Fall River
57783,46081,Lawrence
57785,46093,Meade
57787,46093,Meade
57788,46019,Butte
57790,46103,Pennington
57791,46093,Meade
57792,46093,Meade
57793,46081,Lawrence
57794,46102,Oglala Lakota
57799,46081,Lawrence
58001,38077,Richland
58002,38017,Cass
58004,38017,Cass
58005,38017,Cass
58006,38017,Cass
58007,38017,Cass
58008,38077,Richland
58009,38097,Traill
58011,38017,Cass
58012,38017,Cass
58013,38081,Sargent
58015,38077,Richland
58016,38097,Traill
58017,38081,Sargent
58018,38077,Richland
58021,38017,Cass
58027,38073,Ransom
58029,38017,Cass
58030,38077,Richland
58031,38017,Cass
58032,38081,Sargent
58033,38073,Ransom
58035,38097,Traill
58036,38017,Cass
58038,38097,Traill
58040,38081,Sargent
58041,38077,Richland
58042,38017,Cass
58043,38081,Sargent
58045,38097,Traill
58046,38091,Steele
58047,38017,Cass
58048,38017,Cass
58049,38003,Barnes
58051,38017,Cass
58052,38017,Cass
58053,38077,Richland
58054,38073,Ransom
58056,38091,Steele
58057,38077,Richland
58058,38077,Richland
58059,38017,Cass
58060,38081,Sargent
58061,38077,Richland
58062,38003,Barnes
58063,38003,Barnes
58064,38017,Cass
58065,38003,Barnes
58067,38081,Sargent
58068,38073,Ransom
58069,38081,Sargent
58071,38017,Cass
58072,38003,Barnes
58074,38077,Richland
58075,38077,Richland
58076,38077,Richland
58077,38077,Richland
58078,38017,Cass
58079,38017,Cass
58081,38077,Richland
58102,38017,Cass
58103,38017,Cass
58104,38017,Cass
58105,38017,Cass
58106,38017,Cass
58107,38017,Cass
58108,38017,Cass
58109,38017,Cass
58121,38017,Cass
58122,38017,Cass
58124,38017,Cass
58125,38017,Cass
58126,38017,Cass
58201,38035,Grand Forks
58202,38035,Grand Forks
58203,38035,Grand Forks
58204,38035,Grand Forks
58205,38035,Grand Forks
58206,38035,Grand Forks
58207,38035,Grand Forks
58208,38035,Grand Forks
58210,38099,Walsh
58212,38063,Nelson
58214,38035,Grand Forks
58216,38067,Pembina
58218,38097,Traill
58219,38097,Traill
58220,38067,Pembina
58222,38067,Pembina
58223,38097,Traill
58224,38063,Nelson
58225,38067,Pembina
58227,38099,Walsh
58228,38035,Grand Forks
58229,38099,Walsh
58230,38091,Steele
58231,38099,Walsh
58233,38099,Walsh
58235,38035,Grand Forks
58236,38067,Pembina
58237,38099,Walsh
58238,38067,Pembina
58239,38019,Cavalier
58240,38091,Steele
58241,38067,Pembina
58243,38099,Walsh
58244,38035,Grand Forks
58249,38019,Cavalier
58250,38099,Walsh
58251,38035,Grand Forks
58254,38063,Nelson
58255,38019,Cavalier
58256,38035,Grand Forks
58257,38097,Traill
58258,38035,Grand Forks
58259,38063,Nelson
58260,38019,Cavalier
58261,38099,Walsh
58262,38067,Pembina
58265,38067,Pembina
58266,38035,Grand Forks
58267,38035,Grand Forks
58269,38019,Cavalier
58270,38099,Walsh
58271,38067,Pembina
58272,38063,Nelson
58273,38099,Walsh
58274,38091,Steele
58275,38035,Grand Forks
58276,38067,Pembina
58277,38091,Steele
58278,38035,Grand Forks
58281,38019,Cavalier
58282,38067,Pembina
58301,38071,Ramsey
58310,38079,Rolette
58311,38019,Cavalier
58313,38069,Pierce
58316,38079,Rolette
58317,38095,Towner
58318,38009,Bottineau
58321,38071,Ramsey
58323,38019,Cavalier
58324,38095,Towner
58325,38071,Ramsey
58327,38071,Ramsey
58329,38079,Rolette
58330,38071,Ramsey
58331,38095,Towner
58332,38005,Benson
58335,38005,Benson
58338,38071,Ramsey
58339,38095,Towner
58341,38103,Wells
58343,38005,Benson
58344,38063,Nelson
58345,38071,Ramsey
58346,38005,Benson
58348,38005,Benson
58351,38005,Benson
58352,38019,Cavalier
58353,38079,Rolette
58355,38019,Cavalier
58356,38027,Eddy
58357,38005,Benson
58361,38063,Nelson
58362,38071,Ramsey
58363,38095,Towner
58365,38095,Towner
58366,38079,Rolette
58367,38079,Rolette
58368,38069,Pierce
58369,38079,Rolette
58370,38005,Benson
58372,38095,Towner
58374,38027,Eddy
58377,38071,Ramsey
58379,38005,Benson
58380,38063,Nelson
58381,38027,Eddy
58382,38071,Ramsey
58384,38009,Bottineau
58385,38069,Pierce
58386,38005,Benson
58401,38093,Stutsman
58402,38093,Stutsman
58405,38093,Stutsman
58413,38051,McIntosh
58415,38045,LaMoure
58416,38039,Griggs
58418,38103,Wells
58420,38093,Stutsman
58421,38031,Foster
58422,38103,Wells
58423,38103,Wells
58424,38093,Stutsman
58425,38039,Griggs
58426,38093,Stutsman
58428,38043,Kidder
58429,38003,Barnes
58430,38083,Sheridan
58431,38045,LaMoure
58433,38045,LaMoure
58436,38021,Dickey
58438,38103,Wells
58439,38021,Dickey
58440,38047,Logan
58441,38021,Dickey
58442,38047,Logan
58443,38031,Foster
58444,38083,Sheridan
58445,38031,Foster
58448,38039,Griggs
58451,38103,Wells
58452,38039,Griggs
58454,38045,LaMoure
58455,38093,Stutsman
58456,38021,Dickey
58458,38045,LaMoure
58460,38047,Logan
58461,38003,Barnes
58463,38083,Sheridan
58464,38027,Eddy
58466,38045,LaMoure
58467,38093,Stutsman
58472,38093,Stutsman
58474,38021,Dickey
58475,38043,Kidder
58476,38093,Stutsman
58477,38015,Burleigh
58478,38043,Kidder
58479,38003,Barnes
58480,38003,Barnes
58481,38003,Barnes
58482,38043,Kidder
58483,38093,Stutsman
58484,38039,Griggs
58486,38103,Wells
58487,38043,Kidder
58488,38043,Kidder
58490,38045,LaMoure
58492,38003,Barnes
58494,38015,Burleigh
58495,38051,McIntosh
58496,38093,Stutsman
58497,38093,Stutsman
58501,38015,Burleigh
58502,38015,Burleigh
58503,38015,Burleigh
58504,38015,Burleigh
58505,38015,Burleigh
58506,38015,Burleigh
58507,38015,Burleigh
58520,38059,Morton
58521,38015,Burleigh
58523,38057,Mercer
58524,38029,Emmons
58528,38085,Sioux
58529,38037,Grant
58530,38065,Oliver
58531,38055,McLean
58532,38015,Burleigh
58533,38037,Grant
58535,38059,Morton
58538,38085,Sioux
58540,38055,McLean
58541,38057,Mercer
58542,38029,Emmons
58544,38029,Emmons
58545,38057,Mercer
58549,38029,Emmons
58552,38029,Emmons
58554,38059,Morton
58558,38015,Burleigh
58559,38055,McLean
58560,38015,Burleigh
58561,38047,Logan
58562,38037,Grant
58563,38059,Morton
58564,38037,Grant
58565,38055,McLean
58566,38059,Morton
58568,38085,Sioux
58569,38037,Grant
58570,38059,Morton
58571,38057,Mercer
58572,38015,Burleigh
58573,38029,Emmons
58575,38055,McLean
58576,38055,McLean
58577,38055,McLean
58579,38015,Burleigh
58580,38057,Mercer
58581,38051,McIntosh
58601,38089,Stark
58602,38089,Stark
58620,38087,Slope
58621,38033,Golden Valley
58622,38007,Billings
58623,38011,Bowman
58625,38025,Dunn
58626,38025,Dunn
58627,38007,Billings
58630,38089,Stark
58631,38059,Morton
58632,38033,Golden Valley
58634,38053,McKenzie
58636,38025,Dunn
58638,38059,Morton
58639,38001,Adams
58640,38025,Dunn
58641,38089,Stark
58642,38025,Dunn
58643,38011,Bowman
58644,38025,Dunn
58645,38007,Billings
58646,38041,Hettinger
58647,38087,Slope
58649,38001,Adams
58650,38041,Hettinger
58651,38011,Bowman
58652,38089,Stark
58653,38011,Bowman
58654,38033,Golden Valley
58655,38089,Stark
58656,38089,Stark
58701,38101,Ward
58702,38101,Ward
58703,38101,Ward
58704,38101,Ward
58705,38101,Ward
58707,38101,Ward
58710,38049,McHenry
58711,38009,Bottineau
58712,38049,McHenry
58713,38049,McHenry
58716,38055,McLean
58718,38101,Ward
58721,38013,Burke
58722,38101,Ward
58723,38055,McLean
58725,38075,Renville
58727,38013,Burke
58730,38023,Divide
58731,38049,McHenry
58733,38101,Ward
58734,38101,Ward
58735,38101,Ward
58736,38049,McHenry
58737,38013,Burke
58740,38075,Renville
58741,38049,McHenry
58744,38049,McHenry
58746,38101,Ward
58748,38009,Bottineau
58750,38009,Bottineau
58752,38013,Burke
58755,38105,Williams
58756,38101,Ward
58757,38025,Dunn
58758,38083,Sheridan
58759,38055,McLean
58760,38009,Bottineau
58761,38075,Renville
58762,38009,Bottineau
58763,38061,Mountrail
58765,38023,Divide
58768,38049,McHenry
58769,38061,Mountrail
58770,38061,Mountrail
58771,38061,Mountrail
58772,38013,Burke
58773,38013,Burke
58775,38055,McLean
58776,38061,Mountrail
58778,38055,McLean
58779,38055,McLean
58781,38101,Ward
58782,38075,Renville
58783,38009,Bottineau
58784,38061,Mountrail
58785,38101,Ward
58787,38075,Renville
58788,38049,McHenry
58789,38049,McHenry
58790,38049,McHenry
58792,38049,McHenry
58793,38009,Bottineau
58794,38061,Mountrail
58795,38023,Divide
58801,38105,Williams
58802,38105,Williams
58803,38105,Williams
58830,38105,Williams
58831,38053,McKenzie
58833,38023,Divide
58835,38053,McKenzie
58838,38053,McKenzie
58843,38105,Williams
58844,38023,Divide
58845,38105,Williams
58847,38053,McKenzie
58849,38105,Williams
58852,38105,Williams
58853,38105,Williams
58854,38053,McKenzie
58856,38105,Williams
59001,30095,Stillwater
59002,30111,Yellowstone
59003,30075,Powder River
59004,30087,Rosebud
59006,30111,Yellowstone
59007,30009,Carbon
59008,30009,Carbon
59010,30103,Treasure
59011,30097,Sweet Grass
59012,30087,Rosebud
59013,30009,Carbon
59014,30009,Carbon
59015,30111,Yellowstone
59016,30003,Big Horn
59018,30067,Park
59019,30095,Stillwater
59020,30067,Park
59022,30003,Big Horn
59024,30111,Yellowstone
59025,30003,Big Horn
59026,30009,Carbon
59027,30067,Park
59028,30095,Stillwater
59029,30009,Carbon
59030,30067,Park
59031,30003,Big Horn
59032,30027,Fergus
59033,30097,Sweet Grass
59034,30003,Big Horn
59035,30003,Big Horn
59036,30107,Wheatland
59037,30111,Yellowstone
59038,30103,Treasure
59039,30087,Rosebud
59041,30009,Carbon
59043,30087,Rosebud
59044,30111,Yellowstone
59046,30037,Golden Valley
59047,30067,Park
59050,30003,Big Horn
59052,30097,Sweet Grass
59053,30059,Meagher
59054,30087,Rosebud
59055,30097,Sweet Grass
59057,30095,Stillwater
59058,30033,Garfield
59059,30065,Musselshell
59061,30095,Stillwater
59062,30075,Powder River
59063,30095,Stillwater
59064,30003,Big Horn
59065,30067,Park
59066,30003,Big Horn
59067,30095,Stillwater
59068,30009,Carbon
59069,30095,Stillwater
59070,30009,Carbon
59071,30009,Carbon
59072,30065,Musselshell
59073,30065,Musselshell
59074,30037,Golden Valley
59075,30003,Big Horn
59076,30103,Treasure
59077,30033,Garfield
59078,30107,Wheatland
59079,30111,Yellowstone
59081,30067,Park
59082,30067,Park
59083,30087,Rosebud
59084,30069,Petroleum
59085,30107,Wheatland
59086,30067,Park
59087,30069,Petroleum
59088,30111,Yellowstone
59089,30003,Big Horn
59101,30111,Yellowstone
59102,30111,Yellowstone
59103,30111,Yellowstone
59104,30111,Yellowstone
59105,30111,Yellowstone
59106,30111,Yellowstone
59107,30111,Yellowstone
59108,30111,Yellowstone
59111,30111,Yellowstone
59112,30111,Yellowstone
59114,30111,Yellowstone
59115,30111,Yellowstone
59116,30111,Yellowstone
59117,30111,Yellowstone
59201,30085,Roosevelt
59211,30091,Sheridan
59212,30085,Roosevelt
59213,30085,Roosevelt
59214,30055,McCone
59215,30055,McCone
59217,30083,Richland
59218,30085,Roosevelt
59219,30091,Sheridan
59221,30083,Richland
59222,30019,Daniels
59223,30055,McCone
59225,30105,Valley
59226,30085,Roosevelt
59230,30105,Valley
59231,30105,Valley
59240,30105,Valley
59241,30105,Valley
59242,30091,Sheridan
59243,30083,Richland
59244,30105,Valley
59247,30091,Sheridan
59248,30105,Valley
59250,30105,Valley
59252,30091,Sheridan
59253,30019,Daniels
59254,30091,Sheridan
59255,30085,Roosevelt
59256,30091,Sheridan
59257,30091,Sheridan
59258,30091,Sheridan
59259,30021,Dawson
59260,30105,Valley
59261,30071,Phillips
59262,30083,Richland
59263,30019,Daniels
59270,30083,Richland
59273,30105,Valley
59274,30055,McCone
59275,30091,Sheridan
59276,30019,Daniels
59301,30017,Custer
59311,30011,Carter
59312,30033,Garfield
59313,30025,Fallon
59314,30075,Powder River
59315,30021,Dawson
59316,30075,Powder River
59317,30075,Powder River
59318,30033,Garfield
59319,30011,Carter
59322,30033,Garfield
59323,30087,Rosebud
59324,30011,Carter
59326,30079,Prairie
59327,30087,Rosebud
59330,30021,Dawson
59332,30011,Carter
59333,30087,Rosebud
59336,30017,Custer
59337,30033,Garfield
59338,30017,Custer
59339,30021,Dawson
59341,30079,Prairie
59343,30075,Powder River
59344,30025,Fallon
59345,30017,Custer
59347,30087,Rosebud
59349,30079,Prairie
59351,30075,Powder River
59353,30109,Wibaux
59354,30025,Fallon
59401,30013,Cascade
59402,30013,Cascade
59403,30013,Cascade
59404,30013,Cascade
59405,30013,Cascade
59406,30013,Cascade
59410,30049,Lewis and Clark
59411,30035,Glacier
59412,30013,Cascade
59414,30013,Cascade
59416,30073,Pondera
59417,30035,Glacier
59418,30045,Judith Basin
59419,30099,Teton
59420,30015,Chouteau
59421,30013,Cascade
59422,30099,Teton
59424,30027,Fergus
59425,30073,Pondera
59427,30035,Glacier
59430,30027,Fergus
59432,30073,Pondera
59433,30099,Teton
59434,30035,Glacier
59435,30101,Toole
59436,30099,Teton
59440,30015,Chouteau
59441,30027,Fergus
59442,30015,Chouteau
59443,30013,Cascade
59444,30101,Toole
59446,30015,Chouteau
59447,30045,Judith Basin
59448,30073,Pondera
59450,30015,Chouteau
59451,30027,Fergus
59452,30045,Judith Basin
59453,30107,Wheatland
59454,30101,Toole
59456,30051,Liberty
59457,30027,Fergus
59460,30015,Chouteau
59461,30051,Liberty
59462,30045,Judith Basin
59463,30013,Cascade
59464,30027,Fergus
59465,30013,Cascade
59466,30101,Toole
59467,30099,Teton
59468,30099,Teton
59469,30045,Judith Basin
59471,30027,Fergus
59472,30013,Cascade
59474,30101,Toole
59477,30013,Cascade
59479,30045,Judith Basin
59480,30013,Cascade
59482,30101,Toole
59483,30013,Cascade
59484,30101,Toole
59485,30013,Cascade
59486,30073,Pondera
59487,30013,Cascade
59489,30027,Fergus
59501,30041,Hill
59520,30015,Chouteau
59521,30041,Hill
59522,30051,Liberty
59523,30005,Blaine
59524,30071,Phillips
59525,30041,Hill
59526,30005,Blaine
59527,30005,Blaine
59528,30041,Hill
59529,30005,Blaine
59530,30041,Hill
59531,30051,Liberty
59532,30041,Hill
59535,30005,Blaine
59537,30071,Phillips
59538,30071,Phillips
59540,30041,Hill
59542,30005,Blaine
59544,30071,Phillips
59545,30051,Liberty
59546,30071,Phillips
59547,30005,Blaine
59601,30049,Lewis and Clark
59602,30049,Lewis and Clark
59604,30049,Lewis and Clark
59620,30049,Lewis and Clark
59623,30049,Lewis and Clark
59624,30049,Lewis and Clark
59625,30049,Lewis and Clark
59626,30049,Lewis and Clark
59631,30043,Jefferson
59632,30043,Jefferson
59633,30049,Lewis and Clark
59634,30043,Jefferson
59635,30049,Lewis and Clark
59636,30049,Lewis and Clark
59638,30043,Jefferson
59639,30049,Lewis and Clark
59640,30049,Lewis and Clark
59641,30007,Broadwater
59642,30059,Meagher
59643,30007,Broadwater
59644,30007,Broadwater
59645,30059,Meagher
59647,30007,Broadwater
59648,30049,Lewis and Clark
59701,30093,Silver Bow
59702,30093,Silver Bow
59703,30093,Silver Bow
59707,30093,Silver Bow
59710,30057,Madison
59711,30023,Deer Lodge
59713,30077,Powell
59714,30031,Gallatin
59715,30031,Gallatin
59716,30057,Madison
59717,30031,Gallatin
59718,30031,Gallatin
59719,30031,Gallatin
59720,30057,Madison
59721,30043,Jefferson
59722,30077,Powell
59724,30001,Beaverhead
59725,30001,Beaverhead
59727,30093,Silver Bow
59728,30077,Powell
59729,30057,Madison
59730,30031,Gallatin
59731,30077,Powell
59732,30001,Beaverhead
59733,30077,Powell
59735,30057,Madison
59736,30001,Beaverhead
59739,30001,Beaverhead
59740,30057,Madison
59741,30031,Gallatin
59743,30001,Beaverhead
59745,30057,Madison
59746,30001,Beaverhead
59747,30057,Madison
59748,30093,Silver Bow
59749,30057,Madison
59750,30093,Silver Bow
59751,30057,Madison
59752,30031,Gallatin
59754,30057,Madison
59755,30057,Madison
59756,30023,Deer Lodge
59758,30031,Gallatin
59759,30043,Jefferson
59760,30031,Gallatin
59761,30001,Beaverhead
59762,30023,Deer Lodge
59771,30031,Gallatin
59772,30031,Gallatin
59801,30063,Missoula
59802,30063,Missoula
59803,30063,Missoula
59804,30063,Missoula
59806,30063,Missoula
59807,30063,Missoula
59808,30063,Missoula
59812,30063,Missoula
59820,30061,Mineral
59821,30063,Missoula
59823,30063,Missoula
59824,30047,Lake
59825,30039,Granite
59826,30063,Missoula
59827,30081,Ravalli
59828,30081,Ravalli
59829,30081,Ravalli
59830,30061,Mineral
59831,30089,Sanders
59832,30039,Granite
59833,30081,Ravalli
59834,30063,Missoula
59835,30081,Ravalli
59837,30039,Granite
59840,30081,Ravalli
59841,30081,Ravalli
59842,30061,Mineral
59843,30077,Powell
59844,30089,Sanders
59845,30089,Sanders
59846,30063,Missoula
59847,30063,Missoula
59848,30089,Sanders
59851,30063,Missoula
59853,30089,Sanders
59854,30077,Powell
59855,30047,Lake
59856,30089,Sanders
59858,30039,Granite
59859,30089,Sanders
59860,30047,Lake
59863,30047,Lake
59864,30047,Lake
59865,30047,Lake
59866,30061,Mineral
59867,30061,Mineral
59868,30063,Missoula
59870,30081,Ravalli
59871,30081,Ravalli
59872,30061,Mineral
59873,30089,Sanders
59874,30089,Sanders
59875,30081,Ravalli
59901,30029,Flathead
59903,30029,Flathead
59904,30029,Flathead
59910,30047,Lake
59911,30047,Lake
59912,30029,Flathead
59913,30029,Flathead
59914,30047,Lake
59915,30047,Lake
59916,30029,Flathead
59917,30053,Lincoln
59918,30053,Lincoln
59919,30029,Flathead
59920,30029,Flathead
59921,30029,Flathead
59922,30029,Flathead
59923,30053,Lincoln
59925,30029,Flathead
59926,30029,Flathead
59927,30029,Flathead
59928,30029,Flathead
59929,30047,Lake
59930,30053,Lincoln
59931,30047,Lake
59932,30029,Flathead
59933,30053,Lincoln
59934,30053,Lincoln
59935,30053,Lincoln
59936,30029,Flathead
59937,30029,Flathead
60001,17111,McHenry
60002,17097,Lake
60004,17031,Cook
60005,17031,Cook
60006,17031,Cook
60007,17031,Cook
60008,17031,Cook
60009,17031,Cook
60010,17031,Cook
60011,17097,Lake
60012,17111,McHenry
60013,17111,McHenry
60014,17111,McHenry
60015,17097,Lake
60016,17031,Cook
60017,17031,Cook
60018,17031,Cook
60019,17031,Cook
60020,17097,Lake
60021,17111,McHenry
60022,17031,Cook
60025,17031,Cook
60026,17031,Cook
60029,17031,Cook
60030,17097,Lake
60031,17097,Lake
60033,17111,McHenry
60034,17111,McHenry
60035,17097,Lake
60037,17097,Lake
60038,17031,Cook
60039,17111,McHenry
60040,17097,Lake
60041,17097,Lake
60042,17097,Lake
60043,17031,Cook
60044,17097,Lake
60045,17097,Lake
60046,17097,Lake
60047,17097,Lake
60048,17097,Lake
60050,17111,McHenry
60051,17111,McHenry
60053,17031,Cook
60055,17031,Cook
60056,17031,Cook
60060,17097,Lake
60061,17097,Lake
60062,17031,Cook
60064,17097,Lake
60065,17031,Cook
60067,17031,Cook
60068,17031,Cook
60069,17097,Lake
60070,17031,Cook
60071,17111,McHenry
60072,17111,McHenry
60073,17097,Lake
60074,17031,Cook
60075,17097,Lake
60076,17031,Cook
60077,17031,Cook
60078,17031,Cook
60079,17097,Lake
60081,17111,McHenry
60082,17031,Cook
60083,17097,Lake
60084,17097,Lake
60085,17097,Lake
60086,17097,Lake
60087,17097,Lake
60088,17097,Lake
60089,17097,Lake
60090,17031,Cook
60091,17031,Cook
60093,17031,Cook
60094,17031,Cook
60095,17031,Cook
60096,17097,Lake
60097,17111,McHenry
60098,17111,McHenry
60099,17097,Lake
60101,17043,DuPage
60102,17111,McHenry
60103,17043,DuPage
60104,17031,Cook
60105,17043,DuPage
60106,17043,DuPage
60107,17031,Cook
60108,17043,DuPage
60109,17089,Kane
60110,17089,Kane
60111,17037,DeKalb
60112,17037,DeKalb
60113,17141,Ogle
60115,17037,DeKalb
60116,17043,DuPage
60117,17043,DuPage
60118,17089,Kane
60119,17089,Kane
60120,17031,Cook
60121,17089,Kane
60122,17089,Kane
60123,17089,Kane
60124,17089,Kane
60126,17043,DuPage
60128,17043,DuPage
60129,17141,Ogle
60130,17031,Cook
60131,17031,Cook
60132,17043,DuPage
60133,17043,DuPage
60134,17089,Kane
60135,17037,DeKalb
60136,17089,Kane
60137,17043,DuPage
60138,17043,DuPage
60139,17043,DuPage
60140,17089,Kane
60141,17031,Cook
60142,17111,McHenry
60143,17043,DuPage
60144,17089,Kane
60145,17037,DeKalb
60146,17037,DeKalb
60147,17089,Kane
60148,17043,DuPage
60150,17037,DeKalb
60151,17089,Kane
60152,17111,McHenry
60153,17031,Cook
60154,17031,Cook
60155,17031,Cook
60156,17111,McHenry
60157,17043,DuPage
60159,17031,Cook
60160,17031,Cook
60161,17031,Cook
60162,17031,Cook
60163,17031,Cook
60164,17031,Cook
60165,17031,Cook
60168,17031,Cook
60169,17031,Cook
60171,17031,Cook
60172,17043,DuPage
60173,17031,Cook
60174,17089,Kane
60175,17089,Kane
60176,17031,Cook
60177,17089,Kane
60178,17037,DeKalb
60179,17031,Cook
60180,17111,McHenry
60181,17043,DuPage
60183,17089,Kane
60184,17043,DuPage
60185,17043,DuPage
60186,17043,DuPage
60187,17043,DuPage
60188,17043,DuPage
60189,17043,DuPage
60190,17043,DuPage
60191,17043,DuPage
60192,17031,Cook
60193,17031,Cook
60194,17031,Cook
60195,17031,Cook
60196,17031,Cook
60197,17043,DuPage
60199,17043,DuPage
60201,17031,Cook
60202,17031,Cook
60203,17031,Cook
60204,17031,Cook
60208,17031,Cook
60209,17031,Cook
60301,17031,Cook
60302,17031,Cook
60303,17031,Cook
60304,17031,Cook
60305,17031,Cook
60399,17043,DuPage
60401,17197,Will
60402,17031,Cook
60403,17197,Will
60404,17197,Will
60406,17031,Cook
60407,17063,Grundy
60408,17197,Will
60409,17031,Cook
60410,17197,Will
60411,17031,Cook
60412,17031,Cook
60415,17031,Cook
60416,17063,Grundy
60417,17197,Will
60418,17031,Cook
60419,17031,Cook
60420,17105,Livingston
60421,17197,Will
60422,17031,Cook
60423,17197,Will
60424,17063,Grundy
60425,17031,Cook
60426,17031,Cook
60428,17031,Cook
60429,17031,Cook
60430,17031,Cook
60431,17197,Will
60432,17197,Will
60433,17197,Will
60434,17197,Will
60435,17197,Will
60436,17197,Will
60437,17063,Grundy
60438,17031,Cook
60439,17031,Cook
60440,17197,Will
60441,17197,Will
60442,17197,Will
60443,17031,Cook
60444,17063,Grundy
60445,17031,Cook
60446,17197,Will
60447,17093,Kendall
60448,17197,Will
60449,17197,Will
60450,17063,Grundy
60451,17197,Will
60452,17031,Cook
60453,17031,Cook
60454,17031,Cook
60455,17031,Cook
60456,17031,Cook
60457,17031,Cook
60458,17031,Cook
60459,17031,Cook
60460,17105,Livingston
60461,17031,Cook
60462,17031,Cook
60463,17031,Cook
60464,17031,Cook
60465,17031,Cook
60466,17031,Cook
60467,17031,Cook
60468,17197,Will
60469,17031,Cook
60470,17099,LaSalle
60471,17031,Cook
60472,17031,Cook
60473,17031,Cook
60474,17063,Grundy
60475,17031,Cook
60476,17031,Cook
60477,17031,Cook
60478,17031,Cook
60479,17063,Grundy
60480,17031,Cook
60481,17197,Will
60482,17031,Cook
60484,17197,Will
60487,17031,Cook
60490,17197,Will
60491,17197,Will
60499,17031,Cook
60501,17031,Cook
60502,17043,DuPage
60503,17197,Will
60504,17043,DuPage
60505,17089,Kane
60506,17089,Kane
60507,17089,Kane
60510,17089,Kane
60511,17089,Kane
60512,17093,Kendall
60513,17031,Cook
60514,17043,DuPage
60515,17043,DuPage
60516,17043,DuPage
60517,17043,DuPage
60518,17099,LaSalle
60519,17043,DuPage
60520,17037,DeKalb
60521,17043,DuPage
60522,17043,DuPage
60523,17043,DuPage
60525,17031,Cook
60526,17031,Cook
60527,17043,DuPage
60530,17103,Lee
60531,17099,LaSalle
60532,17043,DuPage
60534,17031,Cook
60536,17093,Kendall
60537,17099,LaSalle
60538,17093,Kendall
60539,17089,Kane
60540,17043,DuPage
60541,17093,Kendall
60542,17089,Kane
60543,17093,Kendall
60544,17197,Will
60545,17093,Kendall
60546,17031,Cook
60548,17037,DeKalb
60549,17099,LaSalle
60550,17037,DeKalb
60551,17099,LaSalle
60552,17037,DeKalb
60553,17103,Lee
60554,17089,Kane
60555,17043,DuPage
60556,17037,DeKalb
60557,17099,LaSalle
60558,17031,Cook
60559,17043,DuPage
60560,17093,Kendall
60561,17043,DuPage
60563,17043,DuPage
60564,17197,Will
60565,17043,DuPage
60566,17043,DuPage
60567,17043,DuPage
60568,17089,Kane
60569,17043,DuPage
60572,17043,DuPage
60585,17197,Will
60586,17197,Will
60598,17043,DuPage
60599,17043,DuPage
60601,17031,Cook
60602,17031,Cook
60603,17031,Cook
60604,17031,Cook
60605,17031,Cook
60606,17031,Cook
60607,17031,Cook
60608,17031,Cook
60609,17031,Cook
60610,17031,Cook
60611,17031,Cook
60612,17031,Cook
60613,17031,Cook
60614,17031,Cook
60615,17031,Cook
60616,17031,Cook
60617,17031,Cook
60618,17031,Cook
60619,17031,Cook
60620,17031,Cook
60621,17031,Cook
60622,17031,Cook
60623,17031,Cook
60624,17031,Cook
60625,17031,Cook
60626,17031,Cook
60628,17031,Cook
60629,17031,Cook
60630,17031,Cook
60631,17031,Cook
60632,17031,Cook
60633,17031,Cook
60634,17031,Cook
60636,17031,Cook
60637,17031,Cook
60638,17031,Cook
60639,17031,Cook
60640,17031,Cook
60641,17031,Cook
60642,17031,Cook
60643,17031,Cook
60644,17031,Cook
60645,17031,Cook
60646,17031,Cook
60647,17031,Cook
60649,17031,Cook
60651,17031,Cook
60652,17031,Cook
60653,17031,Cook
60654,17031,Cook
60655,17031,Cook
60656,17031,Cook
60657,17031,Cook
60659,17031,Cook
60660,17031,Cook
60661,17031,Cook
60664,17031,Cook
60666,17031,Cook
60668,17031,Cook
60669,17031,Cook
60670,17031,Cook
60673,17031,Cook
60674,17031,Cook
60675,17031,Cook
60677,17031,Cook
60678,17031,Cook
60680,17031,Cook
60681,17031,Cook
60682,17031,Cook
60684,17031,Cook
60685,17031,Cook
60686,17031,Cook
60687,17031,Cook
60688,17031,Cook
60689,17031,Cook
60690,17031,Cook
60691,17031,Cook
60693,17031,Cook
60694,17031,Cook
60695,17031,Cook
60696,17031,Cook
60697,17031,Cook
60699,17031,Cook
60701,17031,Cook
60706,17031,Cook
60707,17031,Cook
60712,17031,Cook
60714,17031,Cook
60803,17031,Cook
60804,17031,Cook
60805,17031,Cook
60827,17031,Cook
60901,17091,Kankakee
60910,17091,Kankakee
60911,17075,Iroquois
60912,17075,Iroquois
60913,17091,Kankakee
60914,17091,Kankakee
60915,17091,Kankakee
60917,17091,Kankakee
60918,17075,Iroquois
60919,17053,Ford
60920,17105,Livingston
60921,17105,Livingston
60922,17091,Kankakee
60924,17075,Iroquois
60926,17075,Iroquois
60927,17075,Iroquois
60928,17075,Iroquois
60929,17105,Livingston
60930,17075,Iroquois
60931,17075,Iroquois
60932,17183,Vermilion
60933,17053,Ford
60934,17105,Livingston
60935,17091,Kankakee
60936,17053,Ford
60938,17075,Iroquois
60939,17075,Iroquois
60940,17091,Kankakee
60941,17091,Kankakee
60942,17183,Vermilion
60944,17091,Kankakee
60945,17075,Iroquois
60946,17053,Ford
60948,17075,Iroquois
60949,17019,Champaign
60950,17091,Kankakee
60951,17075,Iroquois
60952,17053,Ford
60953,17075,Iroquois
60954,17091,Kankakee
60955,17075,Iroquois
60956,17075,Iroquois
60957,17053,Ford
60958,17091,Kankakee
60959,17053,Ford
60960,17183,Vermilion
60961,17091,Kankakee
60962,17053,Ford
60963,17183,Vermilion
60964,17091,Kankakee
60966,17075,Iroquois
60967,17075,Iroquois
60968,17075,Iroquois
60969,17091,Kankakee
60970,17075,Iroquois
60973,17075,Iroquois
60974,17075,Iroquois
61001,17085,Jo Daviess
61006,17103,Lee
61007,17141,Ogle
61008,17007,Boone
61010,17141,Ogle
61011,17007,Boone
61012,17007,Boone
61013,17177,Stephenson
61014,17015,Carroll
61015,17141,Ogle
61016,17201,Winnebago
61018,17177,Stephenson
61019,17177,Stephenson
61020,17141,Ogle
61021,17103,Lee
61024,17201,Winnebago
61025,17085,Jo Daviess
61027,17177,Stephenson
61028,17085,Jo Daviess
61030,17141,Ogle
61031,17103,Lee
61032,17177,Stephenson
61036,17085,Jo Daviess
61037,17195,Whiteside
61038,17007,Boone
61039,17177,Stephenson
61041,17085,Jo Daviess
61042,17103,Lee
61043,17141,Ogle
61044,17177,Stephenson
61046,17015,Carroll
61047,17141,Ogle
61048,17177,Stephenson
61049,17141,Ogle
61050,17177,Stephenson
61051,17015,Carroll
61052,17141,Ogle
61053,17015,Carroll
61054,17141,Ogle
61057,17103,Lee
61059,17085,Jo Daviess
61060,17177,Stephenson
61061,17141,Ogle
61062,17177,Stephenson
61063,17201,Winnebago
61064,17141,Ogle
61065,17007,Boone
61067,17177,Stephenson
61068,17141,Ogle
61070,17177,Stephenson
61071,17195,Whiteside
61072,17201,Winnebago
61073,17201,Winnebago
61074,17015,Carroll
61075,17085,Jo Daviess
61077,17201,Winnebago
61078,17015,Carroll
61079,17201,Winnebago
61080,17201,Winnebago
61081,17195,Whiteside
61084,17141,Ogle
61085,17085,Jo Daviess
61087,17085,Jo Daviess
61088,17201,Winnebago
61089,17177,Stephenson
61091,17141,Ogle
61101,17201,Winnebago
61102,17201,Winnebago
61103,17201,Winnebago
61104,17201,Winnebago
61105,17201,Winnebago
61106,17201,Winnebago
61107,17201,Winnebago
61108,17201,Winnebago
61109,17201,Winnebago
61110,17201,Winnebago
61111,17201,Winnebago
61112,17201,Winnebago
61114,17201,Winnebago
61115,17201,Winnebago
61125,17201,Winnebago
61126,17201,Winnebago
61130,17201,Winnebago
61131,17201,Winnebago
61132,17201,Winnebago
61201,17161,Rock Island
61204,17161,Rock Island
61230,17195,Whiteside
61231,17131,Mercer
61232,17161,Rock Island
61233,17073,Henry
61234,17073,Henry
61235,17073,Henry
61236,17161,Rock Island
61237,17161,Rock Island
61238,17073,Henry
61239,17161,Rock Island
61240,17161,Rock Island
61241,17073,Henry
61242,17161,Rock Island
61243,17195,Whiteside
61244,17161,Rock Island
61250,17195,Whiteside
61251,17195,Whiteside
61252,17195,Whiteside
61254,17073,Henry
61256,17161,Rock Island
61257,17161,Rock Island
61258,17073,Henry
61259,17161,Rock Island
61260,17131,Mercer
61261,17195,Whiteside
61262,17073,Henry
61263,17131,Mercer
61264,17161,Rock Island
61265,17161,Rock Island
61266,17161,Rock Island
61270,17195,Whiteside
61272,17131,Mercer
61273,17073,Henry
61274,17073,Henry
61275,17161,Rock Island
61276,17131,Mercer
61277,17195,Whiteside
61278,17161,Rock Island
61279,17131,Mercer
61281,17131,Mercer
61282,17161,Rock Island
61283,17195,Whiteside
61284,17161,Rock Island
61285,17015,Carroll
61299,17161,Rock Island
61301,17099,LaSalle
61310,17103,Lee
61311,17105,Livingston
61312,17011,Bureau
61313,17105,Livingston
61314,17011,Bureau
61315,17011,Bureau
61316,17099,LaSalle
61317,17011,Bureau
61318,17103,Lee
61319,17105,Livingston
61320,17011,Bureau
61321,17099,LaSalle
61322,17011,Bureau
61323,17011,Bureau
61324,17103,Lee
61325,17099,LaSalle
61326,17155,Putnam
61327,17155,Putnam
61328,17011,Bureau
61329,17011,Bureau
61330,17011,Bureau
61331,17103,Lee
61332,17099,LaSalle
61333,17105,Livingston
61334,17099,LaSalle
61335,17155,Putnam
61336,17155,Putnam
61337,17011,Bureau
61338,17011,Bureau
61340,17155,Putnam
61341,17099,LaSalle
61342,17099,LaSalle
61344,17011,Bureau
61345,17011,Bureau
61346,17011,Bureau
61348,17099,LaSalle
61349,17011,Bureau
61350,17099,LaSalle
61353,17103,Lee
61354,17099,LaSalle
61356,17011,Bureau
61358,17099,LaSalle
61359,17011,Bureau
61360,17099,LaSalle
61361,17011,Bureau
61362,17011,Bureau
61363,17155,Putnam
61364,17099,LaSalle
61367,17103,Lee
61368,17011,Bureau
61369,17123,Marshall
61370,17099,LaSalle
61371,17099,LaSalle
61372,17099,LaSalle
61373,17099,LaSalle
61374,17011,Bureau
61375,17123,Marshall
61376,17011,Bureau
61377,17099,LaSalle
61378,17103,Lee
61379,17011,Bureau
61401,17095,Knox
61402,17095,Knox
61410,17095,Knox
61411,17109,McDonough
61412,17131,Mercer
61413,17073,Henry
61414,17095,Knox
61415,17057,Fulton
61416,17109,McDonough
61417,17187,Warren
61418,17071,Henderson
61419,17073,Henry
61420,17109,McDonough
61421,17175,Stark
61422,17109,McDonough
61423,17187,Warren
61424,17123,Marshall
61425,17071,Henderson
61426,17175,Stark
61427,17057,Fulton
61428,17095,Knox
61430,17095,Knox
61431,17057,Fulton
61432,17057,Fulton
61433,17057,Fulton
61434,17073,Henry
61435,17187,Warren
61436,17095,Knox
61437,17071,Henderson
61438,17109,McDonough
61439,17095,Knox
61440,17109,McDonough
61441,17057,Fulton
61442,17131,Mercer
61443,17073,Henry
61447,17187,Warren
61448,17095,Knox
61449,17175,Stark
61450,17067,Hancock
61451,17143,Peoria
61452,17169,Schuyler
61453,17187,Warren
61454,17071,Henderson
61455,17109,McDonough
61458,17095,Knox
61459,17057,Fulton
61460,17071,Henderson
61462,17187,Warren
61465,17131,Mercer
61466,17131,Mercer
61467,17095,Knox
61468,17073,Henry
61469,17071,Henderson
61470,17109,McDonough
61471,17071,Henderson
61472,17095,Knox
61473,17187,Warren
61474,17095,Knox
61475,17109,McDonough
61476,17131,Mercer
61477,17057,Fulton
61478,17187,Warren
61479,17123,Marshall
61480,17071,Henderson
61482,17057,Fulton
61483,17175,Stark
61484,17057,Fulton
61485,17095,Knox
61486,17131,Mercer
61488,17095,Knox
61489,17095,Knox
61490,17073,Henry
61491,17175,Stark
61501,17057,Fulton
61516,17203,Woodford
61517,17143,Peoria
61519,17057,Fulton
61520,17057,Fulton
61523,17143,Peoria
61524,17057,Fulton
61525,17143,Peoria
61526,17143,Peoria
61528,17143,Peoria
61529,17143,Peoria
61530,17203,Woodford
61531,17057,Fulton
61532,17125,Mason
61533,17143,Peoria
61534,17179,Tazewell
61535,17179,Tazewell
61536,17143,Peoria
61537,17123,Marshall
61539,17143,Peoria
61540,17123,Marshall
61541,17123,Marshall
61542,17057,Fulton
61543,17057,Fulton
61544,17057,Fulton
61545,17203,Woodford
61546,17179,Tazewell
61547,17143,Peoria
61548,17203,Woodford
61550,17179,Tazewell
61552,17143,Peoria
61553,17057,Fulton
61554,17179,Tazewell
61555,17179,Tazewell
61558,17179,Tazewell
61559,17143,Peoria
61560,17155,Putnam
61561,17203,Woodford
61562,17143,Peoria
61563,17057,Fulton
61564,17179,Tazewell
61565,17123,Marshall
61567,17125,Mason
61568,17179,Tazewell
61569,17143,Peoria
61570,17203,Woodford
61571,17179,Tazewell
61572,17095,Knox
61601,17143,Peoria
61602,17143,Peoria
61603,17143,Peoria
61604,17143,Peoria
61605,17143,Peoria
61606,17143,Peoria
61607,17143,Peoria
61610,17179,Tazewell
61611,17179,Tazewell
61612,17143,Peoria
61613,17143,Peoria
61614,17143,Peoria
61615,17143,Peoria
61616,17143,Peoria
61625,17143,Peoria
61629,17143,Peoria
61630,17143,Peoria
61633,17143,Peoria
61634,17143,Peoria
61635,17179,Tazewell
61636,17143,Peoria
61637,17143,Peoria
61638,17143,Peoria
61639,17143,Peoria
61641,17143,Peoria
61643,17143,Peoria
61650,17143,Peoria
61651,17143,Peoria
61652,17143,Peoria
61653,17143,Peoria
61654,17143,Peoria
61655,17143,Peoria
61656,17143,Peoria
61701,17113,McLean
61702,17113,McLean
61704,17113,McLean
61705,17113,McLean
61709,17113,McLean
61710,17113,McLean
61720,17113,McLean
61721,17179,Tazewell
61722,17113,McLean
61723,17107,Logan
61724,17113,McLean
61725,17203,Woodford
61726,17113,McLean
61727,17039,De Witt
61728,17113,McLean
61729,17203,Woodford
61730,17113,McLean
61731,17113,McLean
61732,17113,McLean
61733,17179,Tazewell
61734,17179,Tazewell
61735,17039,De Witt
61736,17113,McLean
61737,17113,McLean
61738,17203,Woodford
61739,17105,Livingston
61740,17105,Livingston
61741,17105,Livingston
61742,17203,Woodford
61743,17105,Livingston
61744,17113,McLean
61745,17113,McLean
61747,17179,Tazewell
61748,17113,McLean
61749,17039,De Witt
61750,17039,De Witt
61751,17107,Logan
61752,17113,McLean
61753,17113,McLean
61754,17113,McLean
61755,17179,Tazewell
61756,17115,Macon
61758,17113,McLean
61759,17179,Tazewell
61760,17203,Woodford
61761,17113,McLean
61764,17105,Livingston
61769,17105,Livingston
61770,17113,McLean
61771,17203,Woodford
61772,17113,McLean
61773,17053,Ford
61774,17113,McLean
61775,17105,Livingston
61776,17113,McLean
61777,17039,De Witt
61778,17039,De Witt
61790,17113,McLean
61791,17113,McLean
61799,17113,McLean
61801,17019,Champaign
61802,17019,Champaign
61803,17019,Champaign
61810,17183,Vermilion
61811,17183,Vermilion
61812,17183,Vermilion
61813,17147,Piatt
61814,17183,Vermilion
61815,17019,Champaign
61816,17019,Champaign
61817,17183,Vermilion
61818,17147,Piatt
61820,17019,Champaign
61821,17019,Champaign
61822,17019,Champaign
61824,17019,Champaign
61825,17019,Champaign
61826,17019,Champaign
61830,17147,Piatt
61831,17183,Vermilion
61832,17183,Vermilion
61833,17183,Vermilion
61834,17183,Vermilion
61839,17147,Piatt
61840,17019,Champaign
61841,17183,Vermilion
61842,17039,De Witt
61843,17019,Champaign
61844,17183,Vermilion
61845,17019,Champaign
61846,17183,Vermilion
61847,17019,Champaign
61848,17183,Vermilion
61849,17019,Champaign
61850,17183,Vermilion
61851,17019,Champaign
61852,17019,Champaign
61853,17019,Champaign
61854,17147,Piatt
61855,17147,Piatt
61856,17147,Piatt
61857,17183,Vermilion
61858,17183,Vermilion
61859,17019,Champaign
61862,17019,Champaign
61863,17019,Champaign
61864,17019,Champaign
61865,17183,Vermilion
61866,17019,Champaign
61870,17183,Vermilion
61871,17019,Champaign
61872,17019,Champaign
61873,17019,Champaign
61874,17019,Champaign
61875,17019,Champaign
61876,17183,Vermilion
61877,17019,Champaign
61878,17019,Champaign
61880,17019,Champaign
61882,17039,De Witt
61883,17183,Vermilion
61884,17147,Piatt
61910,17041,Douglas
61911,17139,Moultrie
61912,17029,Coles
61913,17147,Piatt
61914,17139,Moultrie
61917,17045,Edgar
61919,17041,Douglas
61920,17029,Coles
61924,17045,Edgar
61925,17115,Macon
61928,17139,Moultrie
61929,17147,Piatt
61930,17041,Douglas
61931,17029,Coles
61932,17045,Edgar
61933,17045,Edgar
61936,17147,Piatt
61937,17139,Moultrie
61938,17029,Coles
61940,17045,Edgar
61941,17041,Douglas
61942,17041,Douglas
61943,17029,Coles
61944,17045,Edgar
61949,17045,Edgar
61951,17139,Moultrie
61953,17041,Douglas
61955,17045,Edgar
61956,17041,Douglas
61957,17173,Shelby
62001,17119,Madison
62002,17119,Madison
62006,17013,Calhoun
62009,17117,Macoupin
62010,17119,Madison
62011,17051,Fayette
62012,17083,Jersey
62013,17013,Calhoun
62014,17117,Macoupin
62015,17135,Montgomery
62016,17061,Greene
62017,17135,Montgomery
62018,17119,Madison
62019,17005,Bond
62021,17119,Madison
62022,17083,Jersey
62023,17117,Macoupin
62024,17119,Madison
62025,17119,Madison
62026,17119,Madison
62027,17061,Greene
62028,17083,Jersey
62030,17083,Jersey
62031,17083,Jersey
62032,17135,Montgomery
62033,17117,Macoupin
62034,17119,Madison
62035,17119,Madison
62036,17013,Calhoun
62037,17083,Jersey
62040,17119,Madison
62044,17061,Greene
62045,17013,Calhoun
62046,17119,Madison
62047,17013,Calhoun
62048,17119,Madison
62049,17135,Montgomery
62050,17061,Greene
62051,17135,Montgomery
62052,17083,Jersey
62053,17013,Calhoun
62054,17061,Greene
62056,17135,Montgomery
62058,17119,Madison
62059,17163,St. Clair
62060,17119,Madison
62061,17119,Madison
62062,17119,Madison
62063,17083,Jersey
62065,17013,Calhoun
62067,17119,Madison
62069,17117,Macoupin
62070,17013,Calhoun
62071,17163,St. Clair
62074,17119,Madison
62075,17135,Montgomery
62076,17135,Montgomery
62077,17135,Montgomery
62078,17061,Greene
62079,17117,Macoupin
62080,17051,Fayette
62081,17061,Greene
62082,17061,Greene
62083,17021,Christian
62084,17119,Madison
62085,17117,Macoupin
62086,17005,Bond
62087,17119,Madison
62088,17117,Macoupin
62089,17135,Montgomery
62090,17119,Madison
62091,17135,Montgomery
62092,17061,Greene
62093,17117,Macoupin
62094,17135,Montgomery
62095,17119,Madison
62097,17119,Madison
62098,17061,Greene
62201,17163,St. Clair
62202,17163,St. Clair
62203,17163,St. Clair
62204,17163,St. Clair
62205,17163,St. Clair
62206,17163,St. Clair
62207,17163,St. Clair
62208,17163,St. Clair
62214,17189,Washington
62215,17027,Clinton
62216,17027,Clinton
62217,17157,Randolph
62218,17027,Clinton
62219,17027,Clinton
62220,17163,St. Clair
62221,17163,St. Clair
62222,17163,St. Clair
62223,17163,St. Clair
62225,17163,St. Clair
62226,17163,St. Clair
62230,17027,Clinton
62231,17027,Clinton
62232,17163,St. Clair
62233,17157,Randolph
62234,17119,Madison
62236,17133,Monroe
62237,17145,Perry
62238,17145,Perry
62239,17163,St. Clair
62240,17163,St. Clair
62241,17157,Randolph
62242,17157,Randolph
62243,17163,St. Clair
62244,17133,Monroe
62245,17027,Clinton
62246,17005,Bond
62247,17051,Fayette
62248,17133,Monroe
62249,17119,Madison
62250,17027,Clinton
62252,17027,Clinton
62253,17005,Bond
62254,17163,St. Clair
62255,17163,St. Clair
62256,17133,Monroe
62257,17163,St. Clair
62258,17163,St. Clair
62259,17157,Randolph
62260,17163,St. Clair
62261,17157,Randolph
62262,17005,Bond
62263,17189,Washington
62264,17163,St. Clair
62265,17027,Clinton
62266,17027,Clinton
62268,17189,Washington
62269,17163,St. Clair
62271,17189,Washington
62272,17157,Randolph
62273,17005,Bond
62274,17145,Perry
62275,17005,Bond
62277,17157,Randolph
62278,17133,Monroe
62279,17133,Monroe
62280,17077,Jackson
62281,17119,Madison
62282,17163,St. Clair
62284,17005,Bond
62285,17163,St. Clair
62286,17157,Randolph
62288,17157,Randolph
62289,17163,St. Clair
62292,17157,Randolph
62293,17027,Clinton
62294,17119,Madison
62295,17133,Monroe
62297,17157,Randolph
62298,17133,Monroe
62301,17001,Adams
62305,17001,Adams
62306,17001,Adams
62311,17067,Hancock
62312,17149,Pike
62313,17067,Hancock
62314,17149,Pike
62316,17067,Hancock
62319,17169,Schuyler
62320,17001,Adams
62321,17067,Hancock
62323,17149,Pike
62324,17001,Adams
62325,17001,Adams
62326,17109,McDonough
62329,17067,Hancock
62330,17067,Hancock
62334,17067,Hancock
62336,17067,Hancock
62338,17001,Adams
62339,17001,Adams
62340,17149,Pike
62341,17067,Hancock
62343,17149,Pike
62344,17169,Schuyler
62345,17149,Pike
62346,17001,Adams
62347,17001,Adams
62348,17001,Adams
62349,17001,Adams
62351,17001,Adams
62352,17149,Pike
62353,17009,Brown
62354,17067,Hancock
62355,17149,Pike
62356,17149,Pike
62357,17149,Pike
62358,17067,Hancock
62359,17001,Adams
62360,17001,Adams
62361,17149,Pike
62362,17149,Pike
62363,17149,Pike
62365,17001,Adams
62366,17149,Pike
62367,17067,Hancock
62370,17149,Pike
62373,17067,Hancock
62374,17067,Hancock
62375,17009,Brown
62376,17001,Adams
62378,17009,Brown
62379,17067,Hancock
62380,17067,Hancock
62401,17049,Effingham
62410,17185,Wabash
62411,17049,Effingham
62413,17033,Crawford
62414,17051,Fayette
62417,17101,Lawrence
62418,17051,Fayette
62419,17159,Richland
62420,17023,Clark
62421,17159,Richland
62422,17173,Shelby
62423,17023,Clark
62424,17049,Effingham
62425,17159,Richland
62426,17025,Clay
62427,17033,Crawford
62428,17035,Cumberland
62431,17173,Shelby
62432,17079,Jasper
62433,17033,Crawford
62434,17025,Clay
62435,17035,Cumberland
62436,17035,Cumberland
62438,17173,Shelby
62439,17101,Lawrence
62440,17029,Coles
62441,17023,Clark
62442,17023,Clark
62443,17049,Effingham
62444,17173,Shelby
62445,17079,Jasper
62446,17191,Wayne
62447,17035,Cumberland
62448,17079,Jasper
62449,17033,Crawford
62450,17159,Richland
62451,17033,Crawford
62452,17159,Richland
62454,17033,Crawford
62458,17051,Fayette
62459,17079,Jasper
62460,17101,Lawrence
62461,17049,Effingham
62462,17173,Shelby
62463,17173,Shelby
62464,17033,Crawford
62465,17173,Shelby
62466,17101,Lawrence
62467,17049,Effingham
62468,17035,Cumberland
62469,17035,Cumberland
62471,17051,Fayette
62473,17049,Effingham
62474,17023,Clark
62475,17079,Jasper
62476,17047,Edwards
62477,17023,Clark
62478,17023,Clark
62479,17079,Jasper
62480,17079,Jasper
62481,17079,Jasper
62501,17115,Macon
62510,17021,Christian
62512,17107,Logan
62513,17021,Christian
62514,17115,Macon
62515,17167,Sangamon
62517,17021,Christian
62518,17107,Logan
62519,17107,Logan
62520,17167,Sangamon
62521,17115,Macon
62522,17115,Macon
62523,17115,Macon
62524,17115,Macon
62525,17115,Macon
62526,17115,Macon
62530,17167,Sangamon
62531,17021,Christian
62532,17115,Macon
62533,17135,Montgomery
62534,17173,Shelby
62535,17115,Macon
62536,17167,Sangamon
62537,17115,Macon
62538,17135,Montgomery
62539,17167,Sangamon
62540,17021,Christian
62541,17107,Logan
62543,17107,Logan
62544,17115,Macon
62545,17167,Sangamon
62546,17021,Christian
62547,17021,Christian
62548,17107,Logan
62549,17115,Macon
62550,17173,Shelby
62551,17115,Macon
62553,17173,Shelby
62554,17115,Macon
62555,17021,Christian
62556,17021,Christian
62557,17021,Christian
62558,17167,Sangamon
62560,17135,Montgomery
62561,17167,Sangamon
62563,17167,Sangamon
62565,17173,Shelby
62567,17021,Christian
62568,17021,Christian
62570,17021,Christian
62571,17173,Shelby
62572,17135,Montgomery
62573,17115,Macon
62601,17137,Morgan
62610,17171,Scott
62611,17017,Cass
62612,17017,Cass
62613,17129,Menard
62615,17167,Sangamon
62617,17125,Mason
62618,17017,Cass
62621,17171,Scott
62622,17017,Cass
62624,17169,Schuyler
62625,17167,Sangamon
62626,17117,Macoupin
62627,17017,Cass
62628,17137,Morgan
62629,17167,Sangamon
62630,17117,Macoupin
62631,17137,Morgan
62633,17125,Mason
62634,17107,Logan
62635,17107,Logan
62638,17137,Morgan
62639,17169,Schuyler
62640,17117,Macoupin
62642,17129,Menard
62643,17107,Logan
62644,17125,Mason
62649,17117,Macoupin
62650,17137,Morgan
62651,17137,Morgan
62655,17125,Mason
62656,17107,Logan
62659,17129,Menard
62660,17137,Morgan
62661,17167,Sangamon
62662,17167,Sangamon
62663,17171,Scott
62664,17125,Mason
62665,17137,Morgan
62666,17107,Logan
62667,17117,Macoupin
62668,17137,Morgan
62670,17167,Sangamon
62671,17107,Logan
62672,17117,Macoupin
62673,17129,Menard
62674,17117,Macoupin
62675,17129,Menard
62677,17167,Sangamon
62681,17169,Schuyler
62682,17125,Mason
62683,17117,Macoupin
62684,17167,Sangamon
62685,17117,Macoupin
62688,17129,Menard
62689,17167,Sangamon
62690,17117,Macoupin
62691,17017,Cass
62692,17137,Morgan
62693,17167,Sangamon
62694,17171,Scott
62695,17137,Morgan
62701,17167,Sangamon
62702,17167,Sangamon
62703,17167,Sangamon
62704,17167,Sangamon
62705,17167,Sangamon
62706,17167,Sangamon
62707,17167,Sangamon
62708,17167,Sangamon
62711,17167,Sangamon
62712,17167,Sangamon
62715,17167,Sangamon
62716,17167,Sangamon
62719,17167,Sangamon
62722,17167,Sangamon
62723,17167,Sangamon
62726,17167,Sangamon
62736,17167,Sangamon
62739,17167,Sangamon
62756,17167,Sangamon
62757,17167,Sangamon
62761,17167,Sangamon
62762,17167,Sangamon
62763,17167,Sangamon
62764,17167,Sangamon
62765,17167,Sangamon
62766,17167,Sangamon
62767,17167,Sangamon
62769,17167,Sangamon
62776,17167,Sangamon
62777,17167,Sangamon
62781,17167,Sangamon
62786,17167,Sangamon
62791,17167,Sangamon
62794,17167,Sangamon
62796,17167,Sangamon
62801,17121,Marion
62803,17189,Washington
62806,17047,Edwards
62807,17121,Marion
62808,17189,Washington
62809,17191,Wayne
62810,17081,Jefferson
62811,17185,Wabash
62812,17055,Franklin
62814,17081,Jefferson
62815,17047,Edwards
62816,17081,Jefferson
62817,17065,Hamilton
62818,17047,Edwards
62819,17055,Franklin
62820,17193,White
62821,17193,White
62822,17055,Franklin
62823,17191,Wayne
62824,17025,Clay
62825,17055,Franklin
62827,17193,White
62828,17065,Hamilton
62829,17065,Hamilton
62830,17081,Jefferson
62831,17189,Washington
62832,17145,Perry
62833,17191,Wayne
62834,17193,White
62835,17193,White
62836,17055,Franklin
62837,17191,Wayne
62838,17051,Fayette
62839,17025,Clay
62840,17055,Franklin
62841,17199,Williamson
62842,17191,Wayne
62843,17191,Wayne
62844,17193,White
62846,17081,Jefferson
62848,17189,Washington
62849,17121,Marion
62850,17191,Wayne
62851,17191,Wayne
62852,17185,Wabash
62853,17121,Marion
62854,17121,Marion
62855,17185,Wabash
62856,17055,Franklin
62858,17025,Clay
62859,17065,Hamilton
62860,17055,Franklin
62861,17193,White
62862,17193,White
62863,17185,Wabash
62864,17081,Jefferson
62865,17055,Franklin
62866,17081,Jefferson
62867,17193,White
62868,17159,Richland
62869,17193,White
62870,17121,Marion
62871,17059,Gallatin
62872,17081,Jefferson
62874,17055,Franklin
62875,17121,Marion
62876,17189,Washington
62877,17189,Washington
62878,17191,Wayne
62879,17025,Clay
62880,17051,Fayette
62881,17121,Marion
62882,17121,Marion
62883,17081,Jefferson
62884,17055,Franklin
62885,17051,Fayette
62886,17191,Wayne
62887,17193,White
62888,17145,Perry
62889,17081,Jefferson
62890,17055,Franklin
62891,17055,Franklin
62892,17121,Marion
62893,17081,Jefferson
62894,17081,Jefferson
62895,17191,Wayne
62896,17055,Franklin
62897,17055,Franklin
62898,17081,Jefferson
62899,17025,Clay
62901,17077,Jackson
62902,17199,Williamson
62903,17077,Jackson
62905,17181,Union
62906,17181,Union
62907,17077,Jackson
62908,17127,Massac
62909,17087,Johnson
62910,17127,Massac
62912,17087,Johnson
62914,17003,Alexander
62915,17199,Williamson
62916,17077,Jackson
62917,17165,Saline
62918,17199,Williamson
62919,17069,Hardin
62920,17181,Union
62921,17199,Williamson
62922,17199,Williamson
62923,17087,Johnson
62924,17077,Jackson
62926,17181,Union
62927,17077,Jackson
62928,17151,Pope
62930,17165,Saline
62931,17069,Hardin
62932,17077,Jackson
62933,17199,Williamson
62934,17059,Gallatin
62935,17165,Saline
62938,17151,Pope
62939,17087,Johnson
62940,17077,Jackson
62941,17153,Pulaski
62942,17077,Jackson
62943,17087,Johnson
62946,17165,Saline
62947,17151,Pope
62948,17199,Williamson
62949,17199,Williamson
62950,17077,Jackson
62951,17199,Williamson
62952,17181,Union
62953,17127,Massac
62954,17059,Gallatin
62955,17069,Hardin
62956,17127,Massac
62957,17003,Alexander
62958,17077,Jackson
62959,17199,Williamson
62960,17127,Massac
62961,17181,Union
62962,17003,Alexander
62963,17153,Pulaski
62964,17153,Pulaski
62965,17165,Saline
62966,17077,Jackson
62967,17087,Johnson
62969,17003,Alexander
62970,17153,Pulaski
62971,17077,Jackson
62972,17087,Johnson
62973,17153,Pulaski
62974,17199,Williamson
62975,17077,Jackson
62976,17153,Pulaski
62977,17165,Saline
62979,17059,Gallatin
62982,17069,Hardin
62983,17055,Franklin
62984,17059,Gallatin
62985,17151,Pope
62987,17151,Pope
62988,17003,Alexander
62990,17003,Alexander
62992,17153,Pulaski
62993,17003,Alexander
62994,17077,Jackson
62995,17087,Johnson
62996,17153,Pulaski
62997,17145,Perry
62998,17181,Union
62999,17055,Franklin
63005,29189,St. Louis
63006,29189,St. Louis
63010,29099,Jefferson
63011,29189,St. Louis
63012,29099,Jefferson
63013,29071,Franklin
63014,29071,Franklin
63015,29071,Franklin
63016,29099,Jefferson
63017,29189,St. Louis
63019,29099,Jefferson
63020,29099,Jefferson
63021,29189,St. Louis
63022,29189,St. Louis
63023,29099,Jefferson
63024,29189,St. Louis
63025,29189,St. Louis
63026,29099,Jefferson
63028,29099,Jefferson
63030,29221,Washington
63031,29189,St. Louis
63032,29189,St. Louis
63033,29189,St. Louis
63034,29189,St. Louis
63036,29187,St. Francois
63037,29071,Franklin
63038,29189,St. Louis
63039,29071,Franklin
63040,29189,St. Louis
63041,29071,Franklin
63042,29189,St. Louis
63043,29189,St. Louis
63044,29189,St. Louis
63045,29189,St. Louis
63047,29099,Jefferson
63048,29099,Jefferson
63049,29099,Jefferson
63050,29099,Jefferson
63051,29099,Jefferson
63052,29099,Jefferson
63053,29099,Jefferson
63055,29071,Franklin
63056,29071,Franklin
63057,29099,Jefferson
63060,29071,Franklin
63061,29071,Franklin
63065,29099,Jefferson
63066,29099,Jefferson
63068,29071,Franklin
63069,29071,Franklin
63070,29099,Jefferson
63071,29221,Washington
63072,29071,Franklin
63073,29071,Franklin
63074,29189,St. Louis
63077,29071,Franklin
63079,29071,Franklin
63080,29071,Franklin
63084,29071,Franklin
63087,29187,St. Francois
63088,29189,St. Louis
63089,29071,Franklin
63090,29071,Franklin
63091,29073,Gasconade
63099,29189,St. Louis
63101,29510,St. Louis
63102,29510,St. Louis
63103,29510,St. Louis
63104,29510,St. Louis
63105,29189,St. Louis
63106,29510,St. Louis
63107,29510,St. Louis
63108,29510,St. Louis
63109,29510,St. Louis
63110,29510,St. Louis
63111,29510,St. Louis
63112,29510,St. Louis
63113,29510,St. Louis
63114,29189,St. Louis
63115,29510,St. Louis
63116,29510,St. Louis
63117,29189,St. Louis
63118,29510,St. Louis
63119,29189,St. Louis
63120,29510,St. Louis
63121,29189,St. Louis
63122,29189,St. Louis
63123,29189,St. Louis
63124,29189,St. Louis
63125,29189,St. Louis
63126,29189,St. Louis
63127,29189,St. Louis
63128,29189,St. Louis
63129,29189,St. Louis
63130,29189,St. Louis
63131,29189,St. Louis
63132,29189,St. Louis
63133,29189,St. Louis
63134,29189,St. Louis
63135,29189,St. Louis
63136,29189,St. Louis
63137,29189,St. Louis
63138,29189,St. Louis
63139,29510,St. Louis
63140,29189,St. Louis
63141,29189,St. Louis
63143,29189,St. Louis
63144,29189,St. Louis
63145,29189,St. Louis
63146,29189,St. Louis
63147,29510,St. Louis
63150,29510,St. Louis
63151,29189,St. Louis
63155,29510,St. Louis
63156,29510,St. Louis
63157,29510,St. Louis
63158,29510,St. Louis
63160,29510,St. Louis
63163,29510,St. Louis
63164,29510,St. Louis
63166,29510,St. Louis
63167,29189,St. Louis
63169,29510,St. Louis
63171,29510,St. Louis
63177,29510,St. Louis
63178,29510,St. Louis
63179,29510,St. Louis
63180,29510,St. Louis
63182,29510,St. Louis
63188,29510,St. Louis
63195,29510,St. Louis
63197,29510,St. Louis
63199,29510,St. Louis
63301,29183,St. Charles
63302,29183,St. Charles
63303,29183,St. Charles
63304,29183,St. Charles
63330,29163,Pike
63332,29183,St. Charles
63333,29139,Montgomery
63334,29163,Pike
63336,29163,Pike
63338,29183,St. Charles
63339,29163,Pike
63341,29183,St. Charles
63342,29219,Warren
63343,29113,Lincoln
63344,29163,Pike
63345,29007,Audrain
63346,29183,St. Charles
63347,29113,Lincoln
63348,29183,St. Charles
63349,29113,Lincoln
63350,29139,Montgomery
63351,29219,Warren
63352,29007,Audrain
63353,29163,Pike
63357,29219,Warren
63359,29163,Pike
63361,29139,Montgomery
63362,29113,Lincoln
63363,29139,Montgomery
63365,29183,St. Charles
63366,29183,St. Charles
63367,29183,St. Charles
63368,29183,St. Charles
63369,29113,Lincoln
63370,29113,Lincoln
63373,29183,St. Charles
63376,29183,St. Charles
63377,29113,Lincoln
63378,29219,Warren
63379,29113,Lincoln
63380,29219,Warren
63381,29219,Warren
63382,29007,Audrain
63383,29219,Warren
63384,29139,Montgomery
63385,29183,St. Charles
63386,29183,St. Charles
63387,29113,Lincoln
63388,29027,Callaway
63389,29113,Lincoln
63390,29219,Warren
63401,29127,Marion
63430,29045,Clark
63431,29121,Macon
63432,29199,Scotland
63433,29163,Pike
63434,29205,Shelby
63435,29111,Lewis
63436,29173,Ralls
63437,29205,Shelby
63438,29111,Lewis
63439,29205,Shelby
63440,29111,Lewis
63441,29163,Pike
63442,29199,Scotland
63443,29137,Monroe
63445,29045,Clark
63446,29103,Knox
63447,29111,Lewis
63448,29111,Lewis
63450,29205,Shelby
63451,29205,Shelby
63452,29111,Lewis
63453,29045,Clark
63454,29127,Marion
63456,29127,Marion
63457,29111,Lewis
63458,29103,Knox
63459,29173,Ralls
63460,29103,Knox
63461,29127,Marion
63462,29173,Ralls
63463,29127,Marion
63464,29103,Knox
63465,29045,Clark
63466,29045,Clark
63467,29173,Ralls
63468,29205,Shelby
63469,29205,Shelby
63471,29127,Marion
63472,29045,Clark
63473,29111,Lewis
63474,29045,Clark
63501,29001,Adair
63530,29121,Macon
63531,29103,Knox
63532,29121,Macon
63533,29001,Adair
63534,29121,Macon
63535,29197,Schuyler
63536,29197,Schuyler
63537,29103,Knox
63538,29121,Macon
63539,29121,Macon
63540,29001,Adair
63541,29197,Schuyler
63543,29199,Scotland
63544,29001,Adair
63545,29211,Sullivan
63546,29001,Adair
63547,29103,Knox
63548,29197,Schuyler
63549,29121,Macon
63551,29171,Putnam
63552,29121,Macon
63555,29199,Scotland
63556,29211,Sullivan
63557,29115,Linn
63558,29121,Macon
63559,29001,Adair
63560,29211,Sullivan
63561,29197,Schuyler
63563,29103,Knox
63565,29171,Putnam
63566,29115,Linn
63567,29171,Putnam
63601,29187,St. Francois
63620,29093,Iron
63621,29093,Iron
63622,29221,Washington
63623,29093,Iron
63624,29187,St. Francois
63625,29179,Reynolds
63626,29221,Washington
63627,29186,Ste. Genevieve
63628,29187,St. Francois
63629,29203,Shannon
63630,29221,Washington
63631,29221,Washington
63632,29223,Wayne
63633,29179,Reynolds
63636,29093,Iron
63637,29187,St. Francois
63638,29179,Reynolds
63640,29187,St. Francois
63645,29123,Madison
63648,29221,Washington
63650,29093,Iron
63651,29187,St. Francois
63653,29187,St. Francois
63654,29179,Reynolds
63655,29123,Madison
63656,29093,Iron
63660,29221,Washington
63662,29017,Bollinger
63663,29093,Iron
63664,29221,Washington
63665,29179,Reynolds
63666,29179,Reynolds
63670,29186,Ste. Genevieve
63673,29186,Ste. Genevieve
63674,29221,Washington
63675,29093,Iron
63701,29031,Cape Girardeau
63702,29031,Cape Girardeau
63703,29031,Cape Girardeau
63730,29207,Stoddard
63732,29157,Perry
63735,29207,Stoddard
63736,29201,Scott
63737,29157,Perry
63738,29207,Stoddard
63739,29031,Cape Girardeau
63740,29201,Scott
63742,29201,Scott
63743,29031,Cape Girardeau
63744,29031,Cape Girardeau
63745,29031,Cape Girardeau
63746,29157,Perry
63747,29031,Cape Girardeau
63748,29157,Perry
63750,29017,Bollinger
63751,29017,Bollinger
63752,29031,Cape Girardeau
63755,29031,Cape Girardeau
63758,29201,Scott
63760,29017,Bollinger
63763,29223,Wayne
63764,29017,Bollinger
63766,29031,Cape Girardeau
63767,29201,Scott
63769,29031,Cape Girardeau
63770,29157,Perry
63771,29201,Scott
63774,29201,Scott
63775,29157,Perry
63776,29157,Perry
63779,29031,Cape Girardeau
63780,29201,Scott
63781,29017,Bollinger
63782,29017,Bollinger
63783,29157,Perry
63784,29201,Scott
63785,29031,Cape Girardeau
63787,29017,Bollinger
63801,29201,Scott
63820,29133,Mississippi
63821,29069,Dunklin
63822,29207,Stoddard
63823,29133,Mississippi
63824,29201,Scott
63825,29207,Stoddard
63826,29155,Pemiscot
63827,29155,Pemiscot
63828,29143,New Madrid
63829,29069,Dunklin
63830,29155,Pemiscot
63833,29143,New Madrid
63834,29133,Mississippi
63837,29069,Dunklin
63839,29155,Pemiscot
63840,29155,Pemiscot
63841,29207,Stoddard
63845,29133,Mississippi
63846,29207,Stoddard
63847,29069,Dunklin
63848,29143,New Madrid
63849,29069,Dunklin
63850,29207,Stoddard
63851,29155,Pemiscot
63852,29069,Dunklin
63853,29155,Pemiscot
63855,29069,Dunklin
63857,29069,Dunklin
63860,29143,New Madrid
63862,29143,New Madrid
63863,29069,Dunklin
63866,29143,New Madrid
63867,29143,New Madrid
63868,29143,New Madrid
63869,29143,New Madrid
63870,29143,New Madrid
63873,29143,New Madrid
63874,29143,New Madrid
63875,29069,Dunklin
63876,29069,Dunklin
63877,29155,Pemiscot
63878,29143,New Madrid
63879,29155,Pemiscot
63880,29069,Dunklin
63881,29133,Mississippi
63882,29133,Mississippi
63901,29023,Butler
63902,29023,Butler
63931,29181,Ripley
63932,29023,Butler
63933,29069,Dunklin
63934,29223,Wayne
63935,29181,Ripley
63936,29207,Stoddard
63937,29035,Carter
63938,29023,Butler
63939,29181,Ripley
63940,29023,Butler
63941,29035,Carter
63942,29181,Ripley
63943,29035,Carter
63944,29223,Wayne
63945,29023,Butler
63950,29223,Wayne
63951,29223,Wayne
63952,29223,Wayne
63953,29181,Ripley
63954,29023,Butler
63955,29181,Ripley
63956,29223,Wayne
63957,29223,Wayne
63960,29207,Stoddard
63961,29023,Butler
63962,29023,Butler
63964,29223,Wayne
63965,29035,Carter
63966,29223,Wayne
63967,29223,Wayne
64001,29107,Lafayette
64002,29095,Jackson
64011,29107,Lafayette
64012,29037,Cass
64013,29095,Jackson
64014,29095,Jackson
64015,29095,Jackson
64016,29095,Jackson
64017,29177,Ray
64018,29165,Platte
64019,29101,Johnson
64020,29107,Lafayette
64021,29107,Lafayette
64022,29107,Lafayette
64024,29047,Clay
64028,29165,Platte
64029,29095,Jackson
64030,29095,Jackson
64034,29095,Jackson
64035,29177,Ray
64036,29177,Ray
64037,29107,Lafayette
64040,29101,Johnson
64048,29047,Clay
64050,29095,Jackson
64051,29095,Jackson
64052,29095,Jackson
64053,29095,Jackson
64054,29095,Jackson
64055,29095,Jackson
64056,29095,Jackson
64057,29095,Jackson
64058,29095,Jackson
64060,29047,Clay
64061,29101,Johnson
64062,29177,Ray
64063,29095,Jackson
64064,29095,Jackson
64065,29095,Jackson
64066,29095,Jackson
64067,29107,Lafayette
64068,29047,Clay
64069,29047,Clay
64070,29095,Jackson
64071,29107,Lafayette
64072,29047,Clay
64073,29047,Clay
64074,29107,Lafayette
64075,29095,Jackson
64076,29107,Lafayette
64077,29177,Ray
64078,29037,Cass
64079,29165,Platte
64080,29037,Cass
64081,29095,Jackson
64082,29095,Jackson
64083,29037,Cass
64084,29177,Ray
64085,29177,Ray
64086,29095,Jackson
64088,29095,Jackson
64089,29047,Clay
64090,29037,Cass
64092,29165,Platte
64093,29101,Johnson
64096,29107,Lafayette
64097,29107,Lafayette
64098,29165,Platte
64101,29095,Jackson
64102,29095,Jackson
64105,29095,Jackson
64106,29095,Jackson
64108,29095,Jackson
64109,29095,Jackson
64110,29095,Jackson
64111,29095,Jackson
64112,29095,Jackson
64113,29095,Jackson
64114,29095,Jackson
64116,29047,Clay
64117,29047,Clay
64118,29047,Clay
64119,29047,Clay
64120,29095,Jackson
64121,29095,Jackson
64123,29095,Jackson
64124,29095,Jackson
64125,29095,Jackson
64126,29095,Jackson
64127,29095,Jackson
64128,29095,Jackson
64129,29095,Jackson
64130,29095,Jackson
64131,29095,Jackson
64132,29095,Jackson
64133,29095,Jackson
64134,29095,Jackson
64136,29095,Jackson
64137,29095,Jackson
64138,29095,Jackson
64139,29095,Jackson
64141,29095,Jackson
64144,29047,Clay
64145,29095,Jackson
64146,29095,Jackson
64147,29095,Jackson
64148,29095,Jackson
64149,29095,Jackson
64150,29165,Platte
64151,29165,Platte
64152,29165,Platte
64153,29165,Platte
64154,29165,Platte
64155,29047,Clay
64156,29047,Clay
64157,29047,Clay
64158,29047,Clay
64161,29047,Clay
64162,29047,Clay
64163,29165,Platte
64164,29165,Platte
64165,29047,Clay
64166,29047,Clay
64167,29047,Clay
64168,29165,Platte
64170,29095,Jackson
64171,29095,Jackson
64179,29095,Jackson
64180,29095,Jackson
64184,29095,Jackson
64187,29095,Jackson
64188,29095,Jackson
64190,29165,Platte
64191,29095,Jackson
64195,29165,Platte
64196,29095,Jackson
64197,29095,Jackson
64198,29095,Jackson
64199,29095,Jackson
64401,29021,Buchanan
64402,29075,Gentry
64420,29227,Worth
64421,29003,Andrew
64422,29063,DeKalb
64423,29147,Nodaway
64424,29081,Harrison
64426,29081,Harrison
64427,29003,Andrew
64428,29147,Nodaway
64429,29063,DeKalb
64430,29063,DeKalb
64431,29147,Nodaway
64432,29147,Nodaway
64433,29147,Nodaway
64434,29147,Nodaway
64436,29003,Andrew
64437,29087,Holt
64438,29075,Gentry
64439,29165,Platte
64440,29021,Buchanan
64441,29227,Worth
64442,29081,Harrison
64443,29021,Buchanan
64444,29165,Platte
64445,29147,Nodaway
64446,29005,Atchison
64448,29021,Buchanan
64449,29003,Andrew
64451,29087,Holt
64453,29075,Gentry
64454,29049,Clinton
64455,29147,Nodaway
64456,29227,Worth
64457,29147,Nodaway
64458,29081,Harrison
64459,29003,Andrew
64461,29147,Nodaway
64463,29075,Gentry
64465,29049,Clinton
64466,29087,Holt
64467,29081,Harrison
64468,29147,Nodaway
64469,29063,DeKalb
64470,29087,Holt
64471,29081,Harrison
64473,29087,Holt
64474,29063,DeKalb
64475,29147,Nodaway
64476,29147,Nodaway
64477,29049,Clinton
64479,29147,Nodaway
64480,29003,Andrew
64481,29081,Harrison
64482,29005,Atchison
64483,29003,Andrew
64484,29021,Buchanan
64485,29003,Andrew
64486,29227,Worth
64487,29147,Nodaway
64489,29075,Gentry
64490,29049,Clinton
64491,29005,Atchison
64492,29049,Clinton
64493,29049,Clinton
64494,29003,Andrew
64496,29005,Atchison
64497,29063,DeKalb
64498,29005,Atchison
64499,29227,Worth
64501,29021,Buchanan
64502,29021,Buchanan
64503,29021,Buchanan
64504,29021,Buchanan
64505,29003,Andrew
64506,29021,Buchanan
64507,29021,Buchanan
64508,29021,Buchanan
64601,29117,Livingston
64620,29061,Daviess
64622,29033,Carroll
64623,29033,Carroll
64624,29025,Caldwell
64625,29025,Caldwell
64628,29115,Linn
64630,29211,Sullivan
64631,29115,Linn
64632,29129,Mercer
64633,29033,Carroll
64635,29117,Livingston
64636,29061,Daviess
64637,29025,Caldwell
64638,29117,Livingston
64639,29033,Carroll
64640,29061,Daviess
64641,29079,Grundy
64642,29081,Harrison
64643,29033,Carroll
64644,29025,Caldwell
64645,29211,Sullivan
64646,29211,Sullivan
64647,29061,Daviess
64648,29061,Daviess
64649,29025,Caldwell
64650,29025,Caldwell
64651,29115,Linn
64652,29079,Grundy
64653,29115,Linn
64654,29061,Daviess
64655,29171,Putnam
64656,29117,Livingston
64657,29075,Gentry
64658,29041,Chariton
64659,29115,Linn
64660,29041,Chariton
64661,29129,Mercer
64664,29117,Livingston
64667,29211,Sullivan
64668,29033,Carroll
64670,29061,Daviess
64671,29025,Caldwell
64672,29171,Putnam
64673,29129,Mercer
64674,29115,Linn
64676,29041,Chariton
64679,29079,Grundy
64680,29033,Carroll
64681,29041,Chariton
64682,29033,Carroll
64683,29079,Grundy
64686,29117,Livingston
64688,29117,Livingston
64689,29061,Daviess
64701,29037,Cass
64720,29013,Bates
64722,29013,Bates
64723,29013,Bates
64724,29185,St. Clair
64725,29037,Cass
64726,29083,Henry
64728,29217,Vernon
64730,29013,Bates
64733,29101,Johnson
64734,29037,Cass
64735,29083,Henry
64738,29185,St. Clair
64739,29037,Cass
64740,29083,Henry
64741,29217,Vernon
64742,29037,Cass
64743,29037,Cass
64744,29039,Cedar
64745,29013,Bates
64746,29037,Cass
64747,29037,Cass
64748,29011,Barton
64750,29217,Vernon
64752,29217,Vernon
64755,29097,Jasper
64756,29039,Cedar
64759,29011,Barton
64761,29101,Johnson
64762,29011,Barton
64763,29185,St. Clair
64765,29217,Vernon
64766,29011,Barton
64767,29217,Vernon
64769,29011,Barton
64770,29083,Henry
64771,29217,Vernon
64772,29217,Vernon
64776,29185,St. Clair
64778,29217,Vernon
64779,29013,Bates
64780,29185,St. Clair
64781,29185,St. Clair
64783,29217,Vernon
64784,29217,Vernon
64788,29083,Henry
64790,29217,Vernon
64801,29097,Jasper
64802,29097,Jasper
64803,29097,Jasper
64804,29145,Newton
64830,29097,Jasper
64831,29119,McDonald
64832,29097,Jasper
64833,29097,Jasper
64834,29097,Jasper
64835,29097,Jasper
64836,29097,Jasper
64840,29145,Newton
64841,29097,Jasper
64842,29145,Newton
64843,29119,McDonald
64844,29145,Newton
64847,29119,McDonald
64848,29109,Lawrence
64849,29097,Jasper
64850,29145,Newton
64853,29145,Newton
64854,29119,McDonald
64855,29097,Jasper
64856,29119,McDonald
64857,29097,Jasper
64858,29145,Newton
64859,29097,Jasper
64861,29119,McDonald
64862,29097,Jasper
64863,29119,McDonald
64864,29145,Newton
64865,29145,Newton
64866,29145,Newton
64867,29119,McDonald
64868,29119,McDonald
64870,29097,Jasper
64873,29109,Lawrence
64874,29009,Barry
64999,29095,Jackson
65001,29125,Maries
65010,29019,Boone
65011,29141,Morgan
65013,29125,Maries
65014,29073,Gasconade
65016,29151,Osage
65017,29131,Miller
65018,29135,Moniteau
65020,29029,Camden
65023,29051,Cole
65024,29151,Osage
65025,29135,Moniteau
65026,29131,Miller
65032,29131,Miller
65034,29141,Morgan
65035,29151,Osage
65036,29073,Gasconade
65037,29141,Morgan
65038,29141,Morgan
65039,29019,Boone
65040,29051,Cole
65041,29073,Gasconade
65042,29135,Moniteau
65043,29027,Callaway
65046,29135,Moniteau
65047,29131,Miller
65048,29151,Osage
65049,29029,Camden
65050,29135,Moniteau
65051,29151,Osage
65052,29029,Camden
65053,29051,Cole
65054,29151,Osage
65055,29135,Moniteau
65058,29125,Maries
65059,29027,Callaway
65061,29073,Gasconade
65062,29151,Osage
65063,29027,Callaway
65064,29131,Miller
65065,29029,Camden
65066,29073,Gasconade
65067,29027,Callaway
65068,29053,Cooper
65069,29139,Montgomery
65072,29141,Morgan
65074,29135,Moniteau
65075,29131,Miller
65076,29051,Cole
65077,29027,Callaway
65078,29141,Morgan
65079,29029,Camden
65080,29027,Callaway
65081,29135,Moniteau
65082,29131,Miller
65083,29131,Miller
65084,29141,Morgan
65085,29151,Osage
65101,29051,Cole
65102,29051,Cole
65103,29051,Cole
65104,29051,Cole
65105,29051,Cole
65106,29051,Cole
65107,29051,Cole
65108,29051,Cole
65109,29051,Cole
65110,29051,Cole
65111,29051,Cole
65201,29019,Boone
65202,29019,Boone
65203,29019,Boone
65205,29019,Boone
65211,29019,Boone
65212,29019,Boone
65215,29019,Boone
65216,29019,Boone
65217,29019,Boone
65218,29019,Boone
65230,29089,Howard
65231,29027,Callaway
65232,29007,Audrain
65233,29053,Cooper
65236,29041,Chariton
65237,29053,Cooper
65239,29175,Randolph
65240,29007,Audrain
65243,29175,Randolph
65244,29175,Randolph
65246,29041,Chariton
65247,29121,Macon
65248,29089,Howard
65250,29089,Howard
65251,29027,Callaway
65254,29089,Howard
65255,29019,Boone
65256,29019,Boone
65257,29175,Randolph
65258,29137,Monroe
65259,29175,Randolph
65260,29175,Randolph
65261,29041,Chariton
65262,29027,Callaway
65263,29137,Monroe
65264,29007,Audrain
65265,29007,Audrain
65270,29175,Randolph
65274,29089,Howard
65275,29137,Monroe
65276,29053,Cooper
65278,29175,Randolph
65279,29019,Boone
65280,29007,Audrain
65281,29041,Chariton
65282,29137,Monroe
65283,29137,Monroe
65284,29019,Boone
65285,29007,Audrain
65286,29041,Chariton
65287,29135,Moniteau
65299,29019,Boone
65301,29159,Pettis
65302,29159,Pettis
65305,29101,Johnson
65320,29195,Saline
65321,29195,Saline
65322,29053,Cooper
65323,29083,Henry
65324,29029,Camden
65325,29015,Benton
65326,29015,Benton
65327,29195,Saline
65329,29141,Morgan
65330,29195,Saline
65332,29159,Pettis
65333,29159,Pettis
65334,29159,Pettis
65335,29159,Pettis
65336,29101,Johnson
65337,29159,Pettis
65338,29015,Benton
65339,29195,Saline
65340,29195,Saline
65344,29195,Saline
65345,29015,Benton
65347,29195,Saline
65348,29053,Cooper
65349,29195,Saline
65350,29159,Pettis
65351,29195,Saline
65354,29141,Morgan
65355,29015,Benton
65360,29083,Henry
65401,29161,Phelps
65402,29161,Phelps
65409,29161,Phelps
65436,29161,Phelps
65438,29203,Shannon
65439,29093,Iron
65440,29065,Dent
65441,29055,Crawford
65443,29125,Maries
65444,29215,Texas
65446,29055,Crawford
65449,29055,Crawford
65452,29169,Pulaski
65453,29055,Crawford
65456,29055,Crawford
65457,29169,Pulaski
65459,29125,Maries
65461,29169,Pulaski
65462,29161,Phelps
65463,29105,Laclede
65464,29215,Texas
65466,29203,Shannon
65468,29215,Texas
65470,29105,Laclede
65473,29169,Pulaski
65479,29203,Shannon
65483,29215,Texas
65484,29215,Texas
65486,29131,Miller
65501,29065,Dent
65529,29161,Phelps
65532,29065,Dent
65534,29169,Pulaski
65535,29055,Crawford
65536,29105,Laclede
65541,29065,Dent
65542,29215,Texas
65543,29229,Wright
65546,29203,Shannon
65548,29091,Howell
65550,29161,Phelps
65552,29215,Texas
65555,29215,Texas
65556,29169,Pulaski
65557,29215,Texas
65559,29161,Phelps
65560,29065,Dent
65564,29215,Texas
65565,29055,Crawford
65566,29055,Crawford
65567,29029,Camden
65570,29215,Texas
65571,29215,Texas
65580,29125,Maries
65582,29125,Maries
65583,29169,Pulaski
65584,29169,Pulaski
65586,29055,Crawford
65588,29203,Shannon
65589,29215,Texas
65590,29059,Dallas
65591,29029,Camden
65601,29167,Polk
65603,29057,Dade
65604,29077,Greene
65605,29009,Barry
65606,29149,Oregon
65607,29039,Cedar
65608,29067,Douglas
65609,29153,Ozark
65610,29043,Christian
65611,29209,Stone
65612,29077,Greene
65613,29167,Polk
65614,29213,Taney
65615,29213,Taney
65616,29213,Taney
65617,29167,Polk
65618,29153,Ozark
65619,29077,Greene
65620,29043,Christian
65622,29059,Dallas
65623,29009,Barry
65624,29209,Stone
65625,29009,Barry
65626,29153,Ozark
65627,29213,Taney
65629,29043,Christian
65630,29043,Christian
65631,29043,Christian
65632,29105,Laclede
65633,29209,Stone
65634,29085,Hickory
65635,29057,Dade
65636,29225,Webster
65637,29153,Ozark
65638,29067,Douglas
65640,29167,Polk
65641,29009,Barry
65644,29059,Dallas
65645,29167,Polk
65646,29057,Dade
65647,29009,Barry
65648,29077,Greene
65649,29167,Polk
65650,29085,Hickory
65652,29225,Webster
65653,29213,Taney
65654,29109,Lawrence
65655,29153,Ozark
65656,29209,Stone
65657,29043,Christian
65658,29009,Barry
65660,29229,Wright
65661,29057,Dade
65662,29229,Wright
65663,29167,Polk
65664,29109,Lawrence
65666,29153,Ozark
65667,29229,Wright
65668,29085,Hickory
65669,29043,Christian
65672,29213,Taney
65673,29213,Taney
65674,29167,Polk
65675,29209,Stone
65676,29153,Ozark
65679,29213,Taney
65680,29213,Taney
65681,29209,Stone
65682,29057,Dade
65685,29059,Dallas
65686,29209,Stone
65688,29091,Howell
65689,29215,Texas
65690,29149,Oregon
65692,29149,Oregon
65702,29067,Douglas
65704,29229,Wright
65705,29109,Lawrence
65706,29225,Webster
65707,29109,Lawrence
65708,29009,Barry
65710,29167,Polk
65711,29229,Wright
65712,29109,Lawrence
65713,29225,Webster
65714,29043,Christian
65715,29153,Ozark
65717,29229,Wright
65720,29043,Christian
65721,29043,Christian
65722,29105,Laclede
65723,29109,Lawrence
65724,29085,Hickory
65725,29167,Polk
65726,29213,Taney
65727,29167,Polk
65728,29043,Christian
65729,29153,Ozark
65730,29119,McDonald
65731,29213,Taney
65732,29085,Hickory
65733,29213,Taney
65734,29009,Barry
65735,29085,Hickory
65737,29209,Stone
65738,29077,Greene
65739,29213,Taney
65740,29213,Taney
65741,29153,Ozark
65742,29077,Greene
65744,29213,Taney
65745,29009,Barry
65746,29225,Webster
65747,29209,Stone
65752,29057,Dade
65753,29043,Christian
65754,29043,Christian
65755,29067,Douglas
65756,29109,Lawrence
65757,29077,Greene
65759,29213,Taney
65760,29153,Ozark
65761,29153,Ozark
65762,29153,Ozark
65764,29059,Dallas
65765,29077,Greene
65766,29153,Ozark
65767,29059,Dallas
65768,29067,Douglas
65769,29009,Barry
65770,29077,Greene
65771,29213,Taney
65772,29009,Barry
65773,29153,Ozark
65774,29085,Hickory
65775,29091,Howell
65777,29091,Howell
65778,29149,Oregon
65779,29085,Hickory
65781,29077,Greene
65783,29059,Dallas
65784,29153,Ozark
65785,29039,Cedar
65786,29029,Camden
65787,29029,Camden
65788,29091,Howell
65789,29091,Howell
65790,29091,Howell
65791,29149,Oregon
65793,29091,Howell
65801,29077,Greene
65802,29077,Greene
65803,29077,Greene
65804,29077,Greene
65805,29077,Greene
65806,29077,Greene
65807,29077,Greene
65808,29077,Greene
65809,29077,Greene
65810,29077,Greene
65814,29077,Greene
65817,29077,Greene
65890,29077,Greene
65897,29077,Greene
65898,29077,Greene
65899,29077,Greene
66002,20005,Atchison
66006,20045,Douglas
66007,20103,Leavenworth
66008,20043,Doniphan
66010,20107,Linn
66012,20103,Leavenworth
66013,20121,Miami
66014,20107,Linn
66015,20003,Anderson
66016,20005,Atchison
66017,20043,Doniphan
66018,20091,Johnson
66020,20103,Leavenworth
66021,20091,Johnson
66023,20005,Atchison
66024,20043,Doniphan
66025,20045,Douglas
66026,20121,Miami
66027,20103,Leavenworth
66030,20091,Johnson
66031,20091,Johnson
66032,20003,Anderson
66033,20003,Anderson
66035,20043,Doniphan
66036,20121,Miami
66039,20003,Anderson
66040,20107,Linn
66041,20005,Atchison
66042,20059,Franklin
66043,20103,Leavenworth
66044,20045,Douglas
66045,20045,Douglas
66046,20045,Douglas
66047,20045,Douglas
66048,20103,Leavenworth
66049,20045,Douglas
66050,20045,Douglas
66051,20091,Johnson
66052,20103,Leavenworth
66053,20121,Miami
66054,20087,Jefferson
66056,20107,Linn
66058,20005,Atchison
66060,20087,Jefferson
66061,20091,Johnson
66062,20091,Johnson
66063,20091,Johnson
66064,20121,Miami
66066,20087,Jefferson
66067,20059,Franklin
66070,20087,Jefferson
66071,20121,Miami
66072,20107,Linn
66073,20087,Jefferson
66075,20107,Linn
66076,20059,Franklin
66078,20059,Franklin
66079,20059,Franklin
66080,20059,Franklin
66083,20121,Miami
66085,20091,Johnson
66086,20103,Leavenworth
66087,20043,Doniphan
66088,20087,Jefferson
66090,20043,Doniphan
66091,20003,Anderson
66092,20059,Franklin
66093,20003,Anderson
66094,20013,Brown
66095,20059,Franklin
66097,20087,Jefferson
66101,20209,Wyandotte
66102,20209,Wyandotte
66103,20209,Wyandotte
66104,20209,Wyandotte
66105,20209,Wyandotte
66106,20209,Wyandotte
66109,20209,Wyandotte
66110,20209,Wyandotte
66111,20209,Wyandotte
66112,20209,Wyandotte
66113,20209,Wyandotte
66115,20209,Wyandotte
66117,20209,Wyandotte
66118,20209,Wyandotte
66119,20209,Wyandotte
66160,20209,Wyandotte
66201,20091,Johnson
66202,20091,Johnson
66203,20091,Johnson
66204,20091,Johnson
66205,20091,Johnson
66206,20091,Johnson
66207,20091,Johnson
66208,20091,Johnson
66209,20091,Johnson
66210,20091,Johnson
66211,20091,Johnson
66212,20091,Johnson
66213,20091,Johnson
66214,20091,Johnson
66215,20091,Johnson
66216,20091,Johnson
66217,20091,Johnson
66218,20091,Johnson
66219,20091,Johnson
66220,20091,Johnson
66221,20091,Johnson
66222,20091,Johnson
66223,20091,Johnson
66224,20091,Johnson
66225,20091,Johnson
66226,20091,Johnson
66227,20091,Johnson
66250,20091,Johnson
66251,20091,Johnson
66276,20091,Johnson
66282,20091,Johnson
66283,20091,Johnson
66285,20091,Johnson
66286,20091,Johnson
66401,20197,Wabaunsee
66402,20177,Shawnee
66403,20117,Marshall
66404,20131,Nemaha
66406,20117,Marshall
66407,20149,Pottawatomie
66408,20131,Nemaha
66409,20177,Shawnee
66411,20117,Marshall
66412,20117,Marshall
66413,20139,Osage
66414,20139,Osage
66415,20131,Nemaha
66416,20085,Jackson
66417,20131,Nemaha
66418,20085,Jackson
66419,20085,Jackson
66420,20177,Shawnee
66422,20149,Pottawatomie
66423,20197,Wabaunsee
66424,20013,Brown
66425,20013,Brown
66426,20149,Pottawatomie
66427,20117,Marshall
66428,20131,Nemaha
66429,20087,Jefferson
66431,20197,Wabaunsee
66432,20149,Pottawatomie
66434,20013,Brown
66436,20085,Jackson
66438,20117,Marshall
66439,20013,Brown
66440,20085,Jackson
66441,20061,Geary
66442,20161,Riley
66449,20161,Riley
66451,20139,Osage
66501,20197,Wabaunsee
66502,20161,Riley
66503,20161,Riley
66505,20161,Riley
66506,20161,Riley
66507,20197,Wabaunsee
66508,20117,Marshall
66509,20085,Jackson
66510,20139,Osage
66512,20087,Jefferson
66514,20061,Geary
66515,20013,Brown
66516,20085,Jackson
66517,20161,Riley
66518,20117,Marshall
66520,20149,Pottawatomie
66521,20149,Pottawatomie
66522,20131,Nemaha
66523,20139,Osage
66524,20139,Osage
66526,20197,Wabaunsee
66527,20013,Brown
66528,20139,Osage
66531,20161,Riley
66532,20013,Brown
66533,20177,Shawnee
66534,20131,Nemaha
66535,20149,Pottawatomie
66536,20149,Pottawatomie
66537,20139,Osage
66538,20131,Nemaha
66539,20177,Shawnee
66540,20085,Jackson
66541,20117,Marshall
66542,20177,Shawnee
66543,20139,Osage
66544,20117,Marshall
66546,20177,Shawnee
66547,20149,Pottawatomie
66548,20117,Marshall
66549,20149,Pottawatomie
66550,20131,Nemaha
66552,20085,Jackson
66554,20161,Riley
66601,20177,Shawnee
66603,20177,Shawnee
66604,20177,Shawnee
66605,20177,Shawnee
66606,20177,Shawnee
66607,20177,Shawnee
66608,20177,Shawnee
66609,20177,Shawnee
66610,20177,Shawnee
66611,20177,Shawnee
66612,20177,Shawnee
66614,20177,Shawnee
66615,20177,Shawnee
66616,20177,Shawnee
66617,20177,Shawnee
66618,20177,Shawnee
66619,20177,Shawnee
66620,20177,Shawnee
66621,20177,Shawnee
66622,20177,Shawnee
66624,20177,Shawnee
66625,20177,Shawnee
66626,20177,Shawnee
66629,20177,Shawnee
66630,20177,Shawnee
66636,20177,Shawnee
66647,20177,Shawnee
66667,20177,Shawnee
66675,20177,Shawnee
66683,20177,Shawnee
66699,20177,Shawnee
66701,20011,Bourbon
66710,20205,Wilson
66711,20037,Crawford
66712,20037,Crawford
66713,20021,Cherokee
66714,20205,Wilson
66716,20011,Bourbon
66717,20205,Wilson
66720,20133,Neosho
66724,20037,Crawford
66725,20021,Cherokee
66728,20021,Cherokee
66732,20001,Allen
66733,20133,Neosho
66734,20037,Crawford
66735,20037,Crawford
66736,20205,Wilson
66738,20011,Bourbon
66739,20021,Cherokee
66740,20133,Neosho
66741,20011,Bourbon
66742,20001,Allen
66743,20037,Crawford
66746,20037,Crawford
66748,20001,Allen
66749,20001,Allen
66751,20001,Allen
66753,20037,Crawford
66754,20011,Bourbon
66755,20001,Allen
66756,20037,Crawford
66757,20205,Wilson
66758,20207,Woodson
66759,20205,Wilson
66760,20037,Crawford
66761,20207,Woodson
66762,20037,Crawford
66763,20037,Crawford
66767,20107,Linn
66769,20011,Bourbon
66770,20021,Cherokee
66771,20133,Neosho
66772,20001,Allen
66773,20021,Cherokee
66775,20133,Neosho
66776,20133,Neosho
66777,20073,Greenwood
66778,20021,Cherokee
66779,20011,Bourbon
66780,20037,Crawford
66781,20021,Cherokee
66782,20021,Cherokee
66783,20207,Woodson
66801,20111,Lyon
66830,20111,Lyon
66833,20111,Lyon
66834,20197,Wabaunsee
66835,20111,Lyon
66838,20127,Morris
66839,20031,Coffey
66840,20015,Butler
66842,20015,Butler
66843,20017,Chase
66845,20017,Chase
66846,20127,Morris
66849,20127,Morris
66850,20017,Chase
66851,20115,Marion
66852,20031,Coffey
66853,20073,Greenwood
66854,20111,Lyon
66855,20073,Greenwood
66856,20031,Coffey
66857,20031,Coffey
66858,20115,Marion
66859,20115,Marion
66860,20073,Greenwood
66861,20115,Marion
66862,20017,Chase
66863,20073,Greenwood
66864,20111,Lyon
66865,20111,Lyon
66866,20115,Marion
66868,20111,Lyon
66869,20017,Chase
66870,20073,Greenwood
66871,20031,Coffey
66872,20127,Morris
66873,20127,Morris
66901,20029,Cloud
66930,20157,Republic
66932,20183,Smith
66933,20201,Washington
66935,20157,Republic
66936,20089,Jewell
66937,20201,Washington
66938,20029,Cloud
66939,20157,Republic
66940,20157,Republic
66941,20089,Jewell
66942,20089,Jewell
66943,20201,Washington
66944,20201,Washington
66945,20201,Washington
66946,20201,Washington
66948,20029,Cloud
66949,20089,Jewell
66951,20183,Smith
66952,20183,Smith
66953,20201,Washington
66955,20201,Washington
66956,20089,Jewell
66958,20201,Washington
66959,20157,Republic
66960,20157,Republic
66961,20157,Republic
66962,20201,Washington
66963,20089,Jewell
66964,20157,Republic
66966,20157,Republic
66967,20183,Smith
66968,20201,Washington
66970,20089,Jewell
67001,20173,Sedgwick
67002,20015,Butler
67003,20077,Harper
67004,20191,Sumner
67005,20035,Cowley
67008,20035,Cowley
67009,20077,Harper
67010,20015,Butler
67012,20015,Butler
67013,20191,Sumner
67016,20173,Sedgwick
67017,20015,Butler
67018,20077,Harper
67019,20035,Cowley
67020,20079,Harvey
67021,20151,Pratt
67022,20191,Sumner
67023,20035,Cowley
67024,20019,Chautauqua
67025,20173,Sedgwick
67026,20173,Sedgwick
67028,20097,Kiowa
67029,20033,Comanche
67030,20173,Sedgwick
67031,20191,Sumner
67035,20095,Kingman
67036,20077,Harper
67037,20173,Sedgwick
67038,20035,Cowley
67039,20015,Butler
67041,20015,Butler
67042,20015,Butler
67045,20073,Greenwood
67047,20073,Greenwood
67049,20077,Harper
67050,20173,Sedgwick
67051,20191,Sumner
67052,20173,Sedgwick
67053,20115,Marion
67054,20097,Kiowa
67055,20173,Sedgwick
67056,20079,Harvey
67057,20007,Barber
67058,20077,Harper
67059,20097,Kiowa
67060,20173,Sedgwick
67061,20007,Barber
67062,20079,Harvey
67063,20115,Marion
67065,20151,Pratt
67066,20151,Pratt
67067,20173,Sedgwick
67068,20095,Kingman
67070,20007,Barber
67071,20007,Barber
67072,20015,Butler
67073,20115,Marion
67074,20015,Butler
67101,20173,Sedgwick
67102,20035,Cowley
67103,20191,Sumner
67104,20007,Barber
67105,20191,Sumner
67106,20191,Sumner
67107,20113,McPherson
67108,20173,Sedgwick
67109,20097,Kiowa
67110,20191,Sumner
67111,20095,Kingman
67112,20095,Kingman
67114,20079,Harvey
67117,20079,Harvey
67118,20095,Kingman
67119,20191,Sumner
67120,20191,Sumner
67122,20073,Greenwood
67123,20015,Butler
67124,20151,Pratt
67127,20033,Comanche
67131,20035,Cowley
67132,20015,Butler
67133,20015,Butler
67134,20151,Pratt
67135,20079,Harvey
67137,20073,Greenwood
67138,20007,Barber
67140,20191,Sumner
67142,20095,Kingman
67143,20007,Barber
67144,20015,Butler
67146,20035,Cowley
67147,20173,Sedgwick
67149,20173,Sedgwick
67150,20077,Harper
67151,20079,Harvey
67152,20191,Sumner
67154,20015,Butler
67155,20033,Comanche
67156,20035,Cowley
67159,20095,Kingman
67201,20173,Sedgwick
67202,20173,Sedgwick
67203,20173,Sedgwick
67204,20173,Sedgwick
67205,20173,Sedgwick
67206,20173,Sedgwick
67207,20173,Sedgwick
67208,20173,Sedgwick
67209,20173,Sedgwick
67210,20173,Sedgwick
67211,20173,Sedgwick
67212,20173,Sedgwick
67213,20173,Sedgwick
67214,20173,Sedgwick
67215,20173,Sedgwick
67216,20173,Sedgwick
67217,20173,Sedgwick
67218,20173,Sedgwick
67219,20173,Sedgwick
67220,20173,Sedgwick
67221,20173,Sedgwick
67223,20173,Sedgwick
67226,20173,Sedgwick
67227,20173,Sedgwick
67228,20173,Sedgwick
67230,20173,Sedgwick
67232,20173,Sedgwick
67235,20173,Sedgwick
67260,20173,Sedgwick
67275,20173,Sedgwick
67276,20173,Sedgwick
67277,20173,Sedgwick
67278,20173,Sedgwick
67301,20125,Montgomery
67330,20099,Labette
67332,20099,Labette
67333,20125,Montgomery
67334,20019,Chautauqua
67335,20125,Montgomery
67336,20021,Cherokee
67337,20125,Montgomery
67340,20125,Montgomery
67341,20099,Labette
67342,20099,Labette
67344,20125,Montgomery
67345,20049,Elk
67346,20049,Elk
67347,20125,Montgomery
67349,20049,Elk
67351,20125,Montgomery
67352,20049,Elk
67353,20049,Elk
67354,20099,Labette
67355,20019,Chautauqua
67356,20099,Labette
67357,20099,Labette
67360,20019,Chautauqua
67361,20019,Chautauqua
67363,20125,Montgomery
67364,20125,Montgomery
67401,20169,Saline
67402,20169,Saline
67410,20041,Dickinson
67416,20169,Saline
67417,20029,Cloud
67418,20105,Lincoln
67420,20123,Mitchell
67422,20143,Ottawa
67423,20105,Lincoln
67425,20169,Saline
67427,20159,Rice
67428,20113,McPherson
67430,20089,Jewell
67431,20041,Dickinson
67432,20027,Clay
67436,20143,Ottawa
67437,20141,Osborne
67438,20115,Marion
67439,20053,Ellsworth
67441,20041,Dickinson
67442,20169,Saline
67443,20113,McPherson
67444,20053,Ellsworth
67445,20029,Cloud
67446,20123,Mitchell
67447,20027,Clay
67448,20169,Saline
67449,20127,Morris
67450,20053,Ellsworth
67451,20041,Dickinson
67452,20123,Mitchell
67454,20053,Ellsworth
67455,20105,Lincoln
67456,20113,McPherson
67457,20159,Rice
67458,20027,Clay
67459,20053,Ellsworth
67460,20113,McPherson
67464,20113,McPherson
67466,20029,Cloud
67467,20143,Ottawa
67468,20027,Clay
67470,20169,Saline
67473,20141,Osborne
67474,20183,Smith
67475,20115,Marion
67476,20113,McPherson
67478,20123,Mitchell
67480,20143,Ottawa
67481,20105,Lincoln
67482,20041,Dickinson
67483,20115,Marion
67484,20143,Ottawa
67485,20141,Osborne
67487,20027,Clay
67490,20053,Ellsworth
67491,20113,McPherson
67492,20041,Dickinson
67501,20155,Reno
67502,20155,Reno
67504,20155,Reno
67505,20155,Reno
67510,20155,Reno
67511,20165,Rush
67512,20159,Rice
67513,20165,Rush
67514,20155,Reno
67515,20135,Ness
67516,20135,Ness
67518,20135,Ness
67519,20047,Edwards
67520,20165,Rush
67521,20135,Ness
67522,20155,Reno
67523,20145,Pawnee
67524,20159,Rice
67525,20009,Barton
67526,20009,Barton
67529,20145,Pawnee
67530,20009,Barton
67543,20155,Reno
67544,20009,Barton
67545,20185,Stafford
67546,20113,McPherson
67547,20047,Edwards
67548,20165,Rush
67550,20145,Pawnee
67552,20047,Edwards
67553,20165,Rush
67554,20159,Rice
67556,20165,Rush
67557,20185,Stafford
67559,20165,Rush
67560,20135,Ness
67561,20155,Reno
67563,20047,Edwards
67564,20009,Barton
67565,20165,Rush
67566,20155,Reno
67567,20145,Pawnee
67568,20155,Reno
67570,20155,Reno
67572,20135,Ness
67573,20159,Rice
67574,20145,Pawnee
67575,20165,Rush
67576,20185,Stafford
67578,20185,Stafford
67579,20159,Rice
67581,20155,Reno
67583,20155,Reno
67584,20135,Ness
67585,20155,Reno
67601,20051,Ellis
67621,20147,Phillips
67622,20137,Norton
67623,20141,Osborne
67625,20065,Graham
67626,20167,Russell
67627,20051,Ellis
67628,20183,Smith
67629,20137,Norton
67631,20195,Trego
67632,20163,Rooks
67634,20167,Russell
67635,20039,Decatur
67637,20051,Ellis
67638,20183,Smith
67639,20147,Phillips
67640,20051,Ellis
67642,20065,Graham
67643,20039,Decatur
67644,20147,Phillips
67645,20137,Norton
67646,20147,Phillips
67647,20147,Phillips
67648,20167,Russell
67649,20167,Russell
67650,20065,Graham
67651,20141,Osborne
67653,20039,Decatur
67654,20137,Norton
67656,20195,Trego
67657,20163,Rooks
67658,20167,Russell
67659,20065,Graham
67660,20051,Ellis
67661,20147,Phillips
67663,20163,Rooks
67664,20147,Phillips
67665,20167,Russell
67667,20051,Ellis
67669,20163,Rooks
67671,20051,Ellis
67672,20195,Trego
67673,20141,Osborne
67674,20051,Ellis
67675,20163,Rooks
67701,20193,Thomas
67730,20153,Rawlins
67731,20023,Cheyenne
67732,20193,Thomas
67733,20181,Sherman
67734,20193,Thomas
67735,20181,Sherman
67736,20063,Gove
67737,20063,Gove
67738,20063,Gove
67739,20153,Rawlins
67740,20179,Sheridan
67741,20181,Sherman
67743,20193,Thomas
67744,20153,Rawlins
67745,20153,Rawlins
67747,20109,Logan
67748,20109,Logan
67749,20039,Decatur
67751,20063,Gove
67752,20063,Gove
67753,20193,Thomas
67756,20023,Cheyenne
67757,20179,Sheridan
67758,20199,Wallace
67761,20199,Wallace
67762,20199,Wallace
67764,20109,Logan
67801,20057,Ford
67831,20025,Clark
67834,20057,Ford
67835,20069,Gray
67836,20075,Hamilton
67837,20081,Haskell
67838,20093,Kearny
67839,20101,Lane
67840,20025,Clark
67841,20069,Gray
67842,20057,Ford
67843,20057,Ford
67844,20119,Meade
67846,20055,Finney
67849,20083,Hodgeman
67850,20101,Lane
67851,20055,Finney
67853,20069,Gray
67854,20083,Hodgeman
67855,20187,Stanton
67857,20075,Hamilton
67859,20175,Seward
67860,20093,Kearny
67861,20203,Wichita
67862,20187,Stanton
67863,20203,Wichita
67864,20119,Meade
67865,20025,Clark
67867,20069,Gray
67868,20055,Finney
67869,20119,Meade
67870,20081,Haskell
67871,20171,Scott
67876,20057,Ford
67877,20081,Haskell
67878,20075,Hamilton
67879,20071,Greeley
67880,20067,Grant
67882,20057,Ford
67901,20175,Seward
67905,20175,Seward
67950,20129,Morton
67951,20189,Stevens
67952,20189,Stevens
67953,20129,Morton
67954,20129,Morton
68001,31023,Butler
68002,31177,Washington
68003,31155,Saunders
68004,31039,Cuming
68005,31153,Sarpy
68007,31055,Douglas
68008,31177,Washington
68009,31177,Washington
68010,31055,Douglas
68014,31023,Butler
68015,31155,Saunders
68016,31025,Cass
68017,31155,Saunders
68018,31155,Saunders
68019,31021,Burt
68020,31021,Burt
68022,31055,Douglas
68023,31177,Washington
68025,31053,Dodge
68026,31053,Dodge
68028,31153,Sarpy
68029,31177,Washington
68030,31043,Dakota
68031,31053,Dodge
68033,31155,Saunders
68034,31177,Washington
68036,31023,Butler
68037,31025,Cass
68038,31021,Burt
68039,31173,Thurston
68040,31155,Saunders
68041,31155,Saunders
68042,31155,Saunders
68044,31053,Dodge
68045,31021,Burt
68046,31153,Sarpy
68047,31173,Thurston
68048,31025,Cass
68050,31155,Saunders
68055,31173,Thurston
68056,31153,Sarpy
68057,31053,Dodge
68058,31025,Cass
68059,31153,Sarpy
68061,31021,Burt
68062,31173,Thurston
68063,31053,Dodge
68064,31055,Douglas
68065,31155,Saunders
68066,31155,Saunders
68067,31173,Thurston
68068,31177,Washington
68069,31055,Douglas
68070,31155,Saunders
68071,31173,Thurston
68072,31053,Dodge
68073,31155,Saunders
68101,31055,Douglas
68102,31055,Douglas
68103,31055,Douglas
68104,31055,Douglas
68105,31055,Douglas
68106,31055,Douglas
68107,31055,Douglas
68108,31055,Douglas
68109,31055,Douglas
68110,31055,Douglas
68111,31055,Douglas
68112,31055,Douglas
68113,31153,Sarpy
68114,31055,Douglas
68116,31055,Douglas
68117,31055,Douglas
68118,31055,Douglas
68119,31055,Douglas
68120,31055,Douglas
68122,31055,Douglas
68123,31153,Sarpy
68124,31055,Douglas
68127,31055,Douglas
68128,31153,Sarpy
68130,31055,Douglas
68131,31055,Douglas
68132,31055,Douglas
68133,31153,Sarpy
68134,31055,Douglas
68135,31055,Douglas
68136,31153,Sarpy
68137,31055,Douglas
68138,31153,Sarpy
68139,31055,Douglas
68142,31055,Douglas
68144,31055,Douglas
68145,31055,Douglas
68147,31153,Sarpy
68152,31055,Douglas
68154,31055,Douglas
68155,31055,Douglas
68157,31153,Sarpy
68164,31055,Douglas
68172,31055,Douglas
68175,31055,Douglas
68176,31055,Douglas
68178,31055,Douglas
68179,31055,Douglas
68180,31055,Douglas
68182,31055,Douglas
68183,31055,Douglas
68197,31055,Douglas
68198,31055,Douglas
68301,31067,Gage
68303,31169,Thayer
68304,31025,Cass
68305,31127,Nemaha
68307,31025,Cass
68309,31067,Gage
68310,31067,Gage
68313,31159,Seward
68314,31159,Seward
68315,31169,Thayer
68316,31185,York
68317,31109,Lancaster
68318,31067,Gage
68319,31185,York
68320,31127,Nemaha
68321,31127,Nemaha
68322,31169,Thayer
68323,31133,Pawnee
68324,31131,Otoe
68325,31169,Thayer
68326,31169,Thayer
68327,31169,Thayer
68328,31067,Gage
68329,31097,Johnson
68330,31159,Seward
68331,31067,Gage
68332,31097,Johnson
68333,31151,Saline
68335,31169,Thayer
68336,31109,Lancaster
68337,31147,Richardson
68338,31095,Jefferson
68339,31109,Lancaster
68340,31169,Thayer
68341,31067,Gage
68342,31095,Jefferson
68343,31151,Saline
68344,31131,Otoe
68345,31133,Pawnee
68346,31131,Otoe
68347,31025,Cass
68348,31097,Johnson
68349,31025,Cass
68350,31095,Jefferson
68351,31059,Fillmore
68352,31095,Jefferson
68354,31059,Fillmore
68355,31147,Richardson
68357,31067,Gage
68358,31109,Lancaster
68359,31151,Saline
68360,31159,Seward
68361,31059,Fillmore
68362,31169,Thayer
68364,31159,Seward
68365,31059,Fillmore
68366,31025,Cass
68367,31143,Polk
68368,31109,Lancaster
68370,31169,Thayer
68371,31185,York
68372,31109,Lancaster
68375,31169,Thayer
68376,31147,Richardson
68377,31095,Jefferson
68378,31127,Nemaha
68379,31131,Otoe
68380,31133,Pawnee
68381,31067,Gage
68382,31131,Otoe
68401,31185,York
68402,31109,Lancaster
68403,31025,Cass
68404,31109,Lancaster
68405,31159,Seward
68406,31059,Fillmore
68407,31025,Cass
68409,31025,Cass
68410,31131,Otoe
68413,31025,Cass
68414,31127,Nemaha
68415,31067,Gage
68416,31059,Fillmore
68417,31131,Otoe
68418,31131,Otoe
68419,31109,Lancaster
68420,31133,Pawnee
68421,31127,Nemaha
68422,31067,Gage
68423,31159,Seward
68424,31095,Jefferson
68428,31109,Lancaster
68429,31095,Jefferson
68430,31109,Lancaster
68431,31147,Richardson
68433,31147,Richardson
68434,31159,Seward
68436,31059,Fillmore
68437,31147,Richardson
68438,31109,Lancaster
68439,31159,Seward
68440,31095,Jefferson
68441,31133,Pawnee
68442,31147,Richardson
68443,31097,Johnson
68444,31059,Fillmore
68445,31151,Saline
68446,31131,Otoe
68447,31133,Pawnee
68448,31131,Otoe
68450,31097,Johnson
68452,31035,Clay
68453,31151,Saline
68454,31131,Otoe
68455,31025,Cass
68456,31159,Seward
68457,31147,Richardson
68458,31067,Gage
68460,31185,York
68461,31109,Lancaster
68462,31109,Lancaster
68463,31025,Cass
68464,31151,Saline
68465,31151,Saline
68466,31067,Gage
68467,31185,York
68501,31109,Lancaster
68502,31109,Lancaster
68503,31109,Lancaster
68504,31109,Lancaster
68505,31109,Lancaster
68506,31109,Lancaster
68507,31109,Lancaster
68508,31109,Lancaster
68509,31109,Lancaster
68510,31109,Lancaster
68512,31109,Lancaster
68514,31109,Lancaster
68516,31109,Lancaster
68517,31109,Lancaster
68520,31109,Lancaster
68521,31109,Lancaster
68522,31109,Lancaster
68523,31109,Lancaster
68524,31109,Lancaster
68526,31109,Lancaster
68527,31109,Lancaster
68528,31109,Lancaster
68529,31109,Lancaster
68531,31109,Lancaster
68532,31109,Lancaster
68542,31109,Lancaster
68544,31109,Lancaster
68583,31109,Lancaster
68588,31109,Lancaster
68601,31141,Platte
68602,31141,Platte
68620,31011,Boone
68621,31053,Dodge
68622,31183,Wheeler
68623,31125,Nance
68624,31023,Butler
68626,31023,Butler
68627,31011,Boone
68628,31121,Merrick
68629,31037,Colfax
68631,31141,Platte
68632,31023,Butler
68633,31053,Dodge
68634,31141,Platte
68635,31023,Butler
68636,31003,Antelope
68637,31183,Wheeler
68638,31125,Nance
68640,31125,Nance
68641,31037,Colfax
68642,31141,Platte
68643,31141,Platte
68644,31141,Platte
68647,31141,Platte
68648,31155,Saunders
68649,31053,Dodge
68651,31143,Polk
68652,31011,Boone
68653,31141,Platte
68654,31143,Polk
68655,31011,Boone
68658,31023,Butler
68659,31037,Colfax
68660,31011,Boone
68661,31037,Colfax
68662,31143,Polk
68663,31121,Merrick
68664,31053,Dodge
68665,31077,Greeley
68666,31143,Polk
68667,31023,Butler
68669,31023,Butler
68701,31119,Madison
68702,31119,Madison
68710,31051,Dixon
68711,31089,Holt
68713,31089,Holt
68714,31149,Rock
68715,31119,Madison
68716,31039,Cuming
68717,31027,Cedar
68718,31107,Knox
68719,31015,Boyd
68720,31003,Antelope
68722,31015,Boyd
68723,31179,Wayne
68724,31107,Knox
68725,31089,Holt
68726,31003,Antelope
68727,31027,Cedar
68728,31051,Dixon
68729,31107,Knox
68730,31107,Knox
68731,31043,Dakota
68732,31051,Dixon
68733,31173,Thurston
68734,31089,Holt
68735,31089,Holt
68736,31027,Cedar
68738,31139,Pierce
68739,31027,Cedar
68740,31179,Wayne
68741,31043,Dakota
68742,31089,Holt
68743,31043,Dakota
68745,31027,Cedar
68746,31015,Boyd
68747,31139,Pierce
68748,31119,Madison
68749,31027,Cedar
68751,31051,Dixon
68752,31119,Madison
68753,31103,Keya Paha
68755,31015,Boyd
68756,31003,Antelope
68757,31051,Dixon
68758,31119,Madison
68759,31149,Rock
68760,31107,Knox
68761,31003,Antelope
68763,31089,Holt
68764,31003,Antelope
68765,31139,Pierce
68766,31089,Holt
68767,31139,Pierce
68768,31167,Stanton
68769,31139,Pierce
68770,31051,Dixon
68771,31027,Cedar
68773,31003,Antelope
68774,31027,Cedar
68776,31043,Dakota
68777,31015,Boyd
68778,31103,Keya Paha
68779,31167,Stanton
68780,31089,Holt
68781,31003,Antelope
68783,31107,Knox
68784,31051,Dixon
68785,31051,Dixon
68786,31107,Knox
68787,31179,Wayne
68788,31039,Cuming
68789,31107,Knox
68790,31179,Wayne
68791,31039,Cuming
68792,31027,Cedar
68801,31079,Hall
68802,31079,Hall
68803,31079,Hall
68810,31079,Hall
68812,31019,Buffalo
68813,31041,Custer
68814,31041,Custer
68815,31175,Valley
68816,31121,Merrick
68817,31163,Sherman
68818,31081,Hamilton
68820,31093,Howard
68821,31009,Blaine
68822,31041,Custer
68823,31071,Garfield
68824,31079,Hall
68825,31041,Custer
68826,31121,Merrick
68827,31121,Merrick
68828,31041,Custer
68831,31093,Howard
68832,31079,Hall
68833,31009,Blaine
68834,31047,Dawson
68835,31093,Howard
68836,31019,Buffalo
68837,31175,Valley
68838,31093,Howard
68840,31019,Buffalo
68841,31081,Hamilton
68842,31077,Greeley
68843,31081,Hamilton
68844,31163,Sherman
68845,31019,Buffalo
68846,31081,Hamilton
68847,31019,Buffalo
68848,31019,Buffalo
68849,31019,Buffalo
68850,31047,Dawson
68852,31163,Sherman
68853,31163,Sherman
68854,31081,Hamilton
68855,31041,Custer
68856,31041,Custer
68858,31019,Buffalo
68859,31175,Valley
68860,31041,Custer
68861,31019,Buffalo
68862,31175,Valley
68863,31047,Dawson
68864,31121,Merrick
68865,31081,Hamilton
68866,31019,Buffalo
68869,31019,Buffalo
68870,31019,Buffalo
68871,31163,Sherman
68872,31093,Howard
68873,31093,Howard
68874,31041,Custer
68875,31077,Greeley
68876,31019,Buffalo
68878,31047,Dawson
68879,31115,Loup
68881,31041,Custer
68882,31077,Greeley
68883,31079,Hall
68901,31001,Adams
68902,31001,Adams
68920,31083,Harlan
68922,31065,Furnas
68923,31137,Phelps
68924,31099,Kearney
68925,31001,Adams
68926,31065,Furnas
68927,31137,Phelps
68928,31181,Webster
68929,31061,Franklin
68930,31181,Webster
68932,31061,Franklin
68933,31035,Clay
68934,31129,Nuckolls
68935,31035,Clay
68936,31065,Furnas
68937,31073,Gosper
68938,31035,Clay
68939,31061,Franklin
68940,31137,Phelps
68941,31035,Clay
68942,31181,Webster
68943,31129,Nuckolls
68944,31035,Clay
68945,31099,Kearney
68946,31065,Furnas
68947,31061,Franklin
68948,31065,Furnas
68949,31137,Phelps
68950,31001,Adams
68952,31181,Webster
68954,31035,Clay
68955,31001,Adams
68956,31001,Adams
68957,31129,Nuckolls
68958,31137,Phelps
68959,31099,Kearney
68960,31061,Franklin
68961,31129,Nuckolls
68964,31129,Nuckolls
68966,31083,Harlan
68967,31065,Furnas
68969,31083,Harlan
68970,31181,Webster
68971,31083,Harlan
68972,31061,Franklin
68973,31001,Adams
68974,31129,Nuckolls
68975,31035,Clay
68976,31073,Gosper
68977,31083,Harlan
68978,31129,Nuckolls
68979,31035,Clay
68980,31035,Clay
68981,31061,Franklin
68982,31061,Franklin
69001,31145,Red Willow
69020,31145,Red Willow
69021,31057,Dundy
69022,31063,Frontier
69023,31029,Chase
69024,31087,Hitchcock
69025,31063,Frontier
69026,31145,Red Willow
69027,31029,Chase
69028,31063,Frontier
69029,31063,Frontier
69030,31057,Dundy
69032,31085,Hayes
69033,31029,Chase
69034,31145,Red Willow
69036,31145,Red Willow
69037,31057,Dundy
69038,31063,Frontier
69039,31111,Lincoln
69040,31085,Hayes
69041,31057,Dundy
69042,31063,Frontier
69043,31087,Hitchcock
69044,31087,Hitchcock
69045,31029,Chase
69046,31065,Furnas
69101,31111,Lincoln
69103,31111,Lincoln
69120,31041,Custer
69121,31005,Arthur
69122,31049,Deuel
69123,31111,Lincoln
69125,31123,Morrill
69127,31101,Keith
69128,31105,Kimball
69129,31049,Deuel
69130,31047,Dawson
69131,31033,Cheyenne
69132,31111,Lincoln
69133,31105,Kimball
69134,31135,Perkins
69135,31031,Cherry
69138,31047,Dawson
69140,31135,Perkins
69141,31033,Cheyenne
69142,31171,Thomas
69143,31111,Lincoln
69144,31101,Keith
69145,31105,Kimball
69146,31101,Keith
69147,31069,Garden
69148,31069,Garden
69149,31033,Cheyenne
69150,31135,Perkins
69151,31111,Lincoln
69152,31091,Hooker
69153,31101,Keith
69154,31069,Garden
69155,31101,Keith
69156,31033,Cheyenne
69157,31009,Blaine
69160,31033,Cheyenne
69161,31031,Cherry
69162,31033,Cheyenne
69163,31113,Logan
69165,31111,Lincoln
69166,31171,Thomas
69167,31117,McPherson
69168,31135,Perkins
69169,31111,Lincoln
69170,31111,Lincoln
69171,31047,Dawson
69190,31069,Garden
69201,31031,Cherry
69210,31017,Brown
69211,31031,Cherry
69212,31031,Cherry
69214,31017,Brown
69216,31031,Cherry
69217,31017,Brown
69218,31031,Cherry
69219,31031,Cherry
69220,31103,Keya Paha
69221,31031,Cherry
69301,31013,Box Butte
69331,31123,Morrill
69333,31075,Grant
69334,31123,Morrill
69335,31161,Sheridan
69336,31123,Morrill
69337,31045,Dawes
69339,31045,Dawes
69340,31161,Sheridan
69341,31157,Scotts Bluff
69343,31031,Cherry
69345,31007,Banner
69346,31165,Sioux
69347,31161,Sheridan
69348,31013,Box Butte
69350,31075,Grant
69351,31161,Sheridan
69352,31157,Scotts Bluff
69353,31157,Scotts Bluff
69354,31165,Sioux
69355,31157,Scotts Bluff
69356,31157,Scotts Bluff
69357,31165,Sioux
69358,31165,Sioux
69360,31161,Sheridan
69361,31165,Sioux
69363,31157,Scotts Bluff
69365,31161,Sheridan
69366,31031,Cherry
69367,31045,Dawes
70001,22051,Jefferson
70002,22051,Jefferson
70003,22051,Jefferson
70004,22051,Jefferson
70005,22051,Jefferson
70006,22051,Jefferson
70009,22051,Jefferson
70010,22051,Jefferson
70011,22051,Jefferson
70030,22089,St. Charles
70031,22089,St. Charles
70032,22087,St. Bernard
70033,22051,Jefferson
70036,22051,Jefferson
70037,22075,Plaquemines
70038,22075,Plaquemines
70039,22089,St. Charles
70040,22075,Plaquemines
70041,22075,Plaquemines
70043,22087,St. Bernard
70044,22087,St. Bernard
70047,22089,St. Charles
70049,22095,St. John the Baptist
70050,22075,Plaquemines
70051,22095,St. John the Baptist
70052,22093,St. James
70053,22051,Jefferson
70054,22051,Jefferson
70055,22051,Jefferson
70056,22051,Jefferson
70057,22089,St. Charles
70058,22051,Jefferson
70059,22051,Jefferson
70060,22051,Jefferson
70062,22051,Jefferson
70063,22051,Jefferson
70064,22051,Jefferson
70065,22051,Jefferson
70067,22051,Jefferson
70068,22095,St. John the Baptist
70069,22095,St. John the Baptist
70070,22089,St. Charles
70071,22093,St. James
70072,22051,Jefferson
70073,22051,Jefferson
70075,22087,St. Bernard
70076,22095,St. John the Baptist
70078,22089,St. Charles
70079,22089,St. Charles
70080,22089,St. Charles
70081,22075,Plaquemines
70082,22075,Plaquemines
70083,22075,Plaquemines
70084,22095,St. John the Baptist
70085,22087,St. Bernard
70086,22093,St. James
70087,22089,St. Charles
70090,22093,St. James
70091,22075,Plaquemines
70092,22087,St. Bernard
70093,22075,Plaquemines
70094,22051,Jefferson
70096,22051,Jefferson
70097,22051,Jefferson
70112,22071,Orleans
70113,22071,Orleans
70114,22071,Orleans
70115,22071,Orleans
70116,22071,Orleans
70117,22071,Orleans
70118,22071,Orleans
70119,22071,Orleans
70121,22051,Jefferson
70122,22071,Orleans
70123,22051,Jefferson
70124,22071,Orleans
70125,22071,Orleans
70126,22071,Orleans
70127,22071,Orleans
70128,22071,Orleans
70129,22071,Orleans
70130,22071,Orleans
70131,22071,Orleans
70139,22071,Orleans
70141,22051,Jefferson
70142,22071,Orleans
70143,22071,Orleans
70145,22071,Orleans
70146,22071,Orleans
70148,22071,Orleans
70150,22071,Orleans
70151,22071,Orleans
70152,22071,Orleans
70153,22071,Orleans
70154,22071,Orleans
70156,22071,Orleans
70157,22071,Orleans
70158,22071,Orleans
70159,22071,Orleans
70160,22071,Orleans
70161,22071,Orleans
70162,22071,Orleans
70163,22071,Orleans
70164,22071,Orleans
70165,22071,Orleans
70166,22071,Orleans
70167,22071,Orleans
70170,22071,Orleans
70172,22071,Orleans
70174,22071,Orleans
70175,22071,Orleans
70176,22071,Orleans
70177,22071,Orleans
70178,22071,Orleans
70179,22071,Orleans
70181,22051,Jefferson
70182,22071,Orleans
70183,22051,Jefferson
70184,22071,Orleans
70185,22071,Orleans
70186,22071,Orleans
70187,22071,Orleans
70189,22071,Orleans
70190,22071,Orleans
70195,22071,Orleans
70301,22057,Lafourche
70302,22057,Lafourche
70310,22057,Lafourche
70339,22007,Assumption
70340,22101,St. Mary
70341,22007,Assumption
70342,22101,St. Mary
70343,22057,Lafourche
70344,22109,Terrebonne
70345,22057,Lafourche
70346,22005,Ascension
70352,22109,Terrebonne
70353,22109,Terrebonne
70354,22057,Lafourche
70355,22057,Lafourche
70356,22109,Terrebonne
70357,22057,Lafourche
70358,22051,Jefferson
70359,22109,Terrebonne
70360,22109,Terrebonne
70361,22109,Terrebonne
70363,22109,Terrebonne
70364,22109,Terrebonne
70371,22057,Lafourche
70372,22007,Assumption
70373,22057,Lafourche
70374,22057,Lafourche
70375,22057,Lafourche
70377,22109,Terrebonne
70380,22007,Assumption
70381,22101,St. Mary
70390,22007,Assumption
70391,22007,Assumption
70392,22101,St. Mary
70393,22007,Assumption
70394,22057,Lafourche
70395,22109,Terrebonne
70397,22109,Terrebonne
70401,22105,Tangipahoa
70402,22105,Tangipahoa
70403,22105,Tangipahoa
70404,22105,Tangipahoa
70420,22103,St. Tammany
70421,22105,Tangipahoa
70422,22105,Tangipahoa
70426,22117,Washington
70427,22117,Washington
70429,22117,Washington
70431,22103,St. Tammany
70433,22103,St. Tammany
70434,22103,St. Tammany
70435,22103,St. Tammany
70436,22105,Tangipahoa
70437,22103,St. Tammany
70438,22117,Washington
70441,22091,St. Helena
70442,22105,Tangipahoa
70443,22105,Tangipahoa
70444,22105,Tangipahoa
70445,22103,St. Tammany
70446,22105,Tangipahoa
70447,22103,St. Tammany
70448,22103,St. Tammany
70449,22063,Livingston
70450,22117,Washington
70451,22105,Tangipahoa
70452,22103,St. Tammany
70453,22091,St. Helena
70454,22105,Tangipahoa
70455,22105,Tangipahoa
70456,22105,Tangipahoa
70457,22103,St. Tammany
70458,22103,St. Tammany
70459,22103,St. Tammany
70460,22103,St. Tammany
70461,22103,St. Tammany
70462,22063,Livingston
70463,22103,St. Tammany
70464,22103,St. Tammany
70465,22105,Tangipahoa
70466,22105,Tangipahoa
70467,22117,Washington
70469,22103,St. Tammany
70470,22103,St. Tammany
70471,22103,St. Tammany
70501,22055,Lafayette
70502,22055,Lafayette
70503,22055,Lafayette
70504,22055,Lafayette
70505,22055,Lafayette
70506,22055,Lafayette
70507,22055,Lafayette
70508,22055,Lafayette
70509,22055,Lafayette
70510,22113,Vermilion
70511,22113,Vermilion
70512,22097,St. Landry
70513,22045,Iberia
70514,22101,St. Mary
70515,22001,Acadia
70516,22001,Acadia
70517,22099,St. Martin
70518,22055,Lafayette
70519,22099,St. Martin
70520,22055,Lafayette
70521,22099,St. Martin
70522,22101,St. Mary
70523,22101,St. Mary
70524,22039,Evangeline
70525,22001,Acadia
70526,22001,Acadia
70527,22001,Acadia
70528,22045,Iberia
70529,22055,Lafayette
70531,22001,Acadia
70532,22053,Jefferson Davis
70533,22113,Vermilion
70534,22001,Acadia
70535,22001,Acadia
70537,22001,Acadia
70538,22101,St. Mary
70540,22101,St. Mary
70541,22097,St. Landry
70542,22113,Vermilion
70543,22001,Acadia
70544,22045,Iberia
70546,22053,Jefferson Davis
70548,22113,Vermilion
70549,22053,Jefferson Davis
70550,22097,St. Landry
70551,22097,St. Landry
70552,22045,Iberia
70554,22039,Evangeline
70555,22113,Vermilion
70556,22001,Acadia
70558,22055,Lafayette
70559,22001,Acadia
70560,22045,Iberia
70562,22045,Iberia
70563,22045,Iberia
70569,22045,Iberia
70570,22097,St. Landry
70571,22097,St. Landry
70575,22113,Vermilion
70576,22039,Evangeline
70577,22097,St. Landry
70578,22001,Acadia
70580,22039,Evangeline
70581,22053,Jefferson Davis
70582,22099,St. Martin
70583,22055,Lafayette
70584,22097,St. Landry
70585,22039,Evangeline
70586,22039,Evangeline
70589,22097,St. Landry
70591,22053,Jefferson Davis
70592,22055,Lafayette
70593,22055,Lafayette
70596,22055,Lafayette
70598,22055,Lafayette
70601,22019,Calcasieu
70602,22019,Calcasieu
70605,22019,Calcasieu
70606,22019,Calcasieu
70607,22019,Calcasieu
70609,22019,Calcasieu
70611,22019,Calcasieu
70612,22019,Calcasieu
70615,22019,Calcasieu
70616,22019,Calcasieu
70629,22019,Calcasieu
70630,22023,Cameron
70631,22023,Cameron
70632,22023,Cameron
70633,22019,Calcasieu
70634,22011,Beauregard
70637,22003,Allen
70638,22003,Allen
70639,22115,Vernon
70640,22053,Jefferson Davis
70643,22023,Cameron
70644,22003,Allen
70645,22023,Cameron
70646,22019,Calcasieu
70647,22019,Calcasieu
70648,22003,Allen
70650,22053,Jefferson Davis
70651,22003,Allen
70652,22011,Beauregard
70653,22011,Beauregard
70654,22003,Allen
70655,22003,Allen
70656,22115,Vernon
70657,22011,Beauregard
70658,22003,Allen
70659,22115,Vernon
70660,22011,Beauregard
70661,22019,Calcasieu
70662,22011,Beauregard
70663,22019,Calcasieu
70664,22019,Calcasieu
70665,22019,Calcasieu
70668,22019,Calcasieu
70669,22019,Calcasieu
70704,22033,East Baton Rouge
70706,22063,Livingston
70707,22005,Ascension
70710,22121,West Baton Rouge
70711,22063,Livingston
70712,22125,West Feliciana
70714,22033,East Baton Rouge
70715,22077,Pointe Coupee
70718,22005,Ascension
70719,22121,West Baton Rouge
70721,22047,Iberville
70722,22037,East Feliciana
70723,22093,St. James
70725,22005,Ascension
70726,22063,Livingston
70727,22063,Livingston
70728,22005,Ascension
70729,22121,West Baton Rouge
70730,22037,East Feliciana
70732,22077,Pointe Coupee
70733,22063,Livingston
70734,22005,Ascension
70736,22077,Pointe Coupee
70737,22005,Ascension
70738,22005,Ascension
70739,22033,East Baton Rouge
70740,22047,Iberville
70743,22093,St. James
70744,22063,Livingston
70747,22077,Pointe Coupee
70748,22037,East Feliciana
70749,22077,Pointe Coupee
70750,22097,St. Landry
70752,22077,Pointe Coupee
70753,22077,Pointe Coupee
70754,22063,Livingston
70755,22077,Pointe Coupee
70756,22077,Pointe Coupee
70757,22047,Iberville
70759,22077,Pointe Coupee
70760,22077,Pointe Coupee
70761,22037,East Feliciana
70762,22077,Pointe Coupee
70763,22093,St. James
70764,22047,Iberville
70765,22047,Iberville
70767,22121,West Baton Rouge
70769,22005,Ascension
70770,22033,East Baton Rouge
70772,22047,Iberville
70773,22077,Pointe Coupee
70774,22005,Ascension
70775,22125,West Feliciana
70776,22047,Iberville
70777,22037,East Feliciana
70778,22005,Ascension
70780,22047,Iberville
70782,22125,West Feliciana
70783,22077,Pointe Coupee
70784,22125,West Feliciana
70785,22063,Livingston
70786,22063,Livingston
70787,22125,West Feliciana
70788,22047,Iberville
70789,22037,East Feliciana
70791,22033,East Baton Rouge
70792,22093,St. James
70801,22033,East Baton Rouge
70802,22033,East Baton Rouge
70803,22033,East Baton Rouge
70804,22033,East Baton Rouge
70805,22033,East Baton Rouge
70806,22033,East Baton Rouge
70807,22033,East Baton Rouge
70808,22033,East Baton Rouge
70809,22033,East Baton Rouge
70810,22033,East Baton Rouge
70811,22033,East Baton Rouge
70812,22033,East Baton Rouge
70813,22033,East Baton Rouge
70814,22033,East Baton Rouge
70815,22033,East Baton Rouge
70816,22033,East Baton Rouge
70817,22033,East Baton Rouge
70818,22033,East Baton Rouge
70819,22033,East Baton Rouge
70820,22033,East Baton Rouge
70821,22033,East Baton Rouge
70822,22033,East Baton Rouge
70823,22033,East Baton Rouge
70825,22033,East Baton Rouge
70826,22033,East Baton Rouge
70827,22033,East Baton Rouge
70831,22033,East Baton Rouge
70833,22033,East Baton Rouge
70835,22033,East Baton Rouge
70836,22033,East Baton Rouge
70837,22033,East Baton Rouge
70873,22033,East Baton Rouge
70874,22033,East Baton Rouge
70879,22033,East Baton Rouge
70884,22033,East Baton Rouge
70891,22033,East Baton Rouge
70892,22033,East Baton Rouge
70893,22033,East Baton Rouge
70894,22033,East Baton Rouge
70895,22033,East Baton Rouge
70896,22033,East Baton Rouge
70898,22033,East Baton Rouge
71001,22013,Bienville
71002,22069,Natchitoches
71003,22027,Claiborne
71004,22017,Caddo
71006,22015,Bossier
71007,22017,Caddo
71008,22013,Bienville
71009,22017,Caddo
71016,22013,Bienville
71018,22119,Webster
71019,22081,Red River
71021,22119,Webster
71023,22119,Webster
71024,22119,Webster
71027,22031,De Soto
71028,22013,Bienville
71029,22017,Caddo
71030,22031,De Soto
71031,22127,Winn
71032,22031,De Soto
71033,22017,Caddo
71034,22081,Red River
71037,22015,Bossier
71038,22027,Claiborne
71039,22119,Webster
71040,22027,Claiborne
71043,22017,Caddo
71044,22017,Caddo
71045,22013,Bienville
71046,22031,De Soto
71047,22017,Caddo
71048,22027,Claiborne
71049,22031,De Soto
71050,22031,De Soto
71051,22015,Bossier
71052,22031,De Soto
71055,22119,Webster
71058,22119,Webster
71060,22017,Caddo
71061,22017,Caddo
71063,22031,De Soto
71064,22015,Bossier
71065,22085,Sabine
71066,22069,Natchitoches
71067,22015,Bossier
71068,22013,Bienville
71069,22017,Caddo
71070,22069,Natchitoches
71071,22119,Webster
71072,22119,Webster
71073,22119,Webster
71075,22119,Webster
71078,22031,De Soto
71079,22027,Claiborne
71080,22013,Bienville
71082,22017,Caddo
71101,22017,Caddo
71102,22017,Caddo
71103,22017,Caddo
71104,22017,Caddo
71105,22017,Caddo
71106,22017,Caddo
71107,22017,Caddo
71108,22017,Caddo
71109,22017,Caddo
71110,22015,Bossier
71111,22015,Bossier
71112,22015,Bossier
71113,22015,Bossier
71115,22017,Caddo
71118,22017,Caddo
71119,22017,Caddo
71120,22017,Caddo
71129,22017,Caddo
71130,22017,Caddo
71133,22017,Caddo
71134,22017,Caddo
71135,22017,Caddo
71136,22017,Caddo
71137,22017,Caddo
71138,22017,Caddo
71148,22017,Caddo
71149,22017,Caddo
71150,22017,Caddo
71151,22017,Caddo
71152,22017,Caddo
71153,22017,Caddo
71154,22017,Caddo
71156,22017,Caddo
71161,22017,Caddo
71162,22017,Caddo
71163,22017,Caddo
71164,22017,Caddo
71165,22017,Caddo
71166,22017,Caddo
71171,22015,Bossier
71172,22015,Bossier
71201,22073,Ouachita
71202,22073,Ouachita
71203,22073,Ouachita
71207,22073,Ouachita
71209,22073,Ouachita
71210,22073,Ouachita
71211,22073,Ouachita
71212,22073,Ouachita
71213,22073,Ouachita
71217,22073,Ouachita
71218,22083,Richland
71219,22041,Franklin
71220,22067,Morehouse
71221,22067,Morehouse
71222,22111,Union
71223,22067,Morehouse
71225,22073,Ouachita
71226,22049,Jackson
71227,22061,Lincoln
71229,22067,Morehouse
71230,22041,Franklin
71232,22065,Madison
71233,22065,Madison
71234,22111,Union
71235,22061,Lincoln
71237,22123,West Carroll
71238,22049,Jackson
71240,22073,Ouachita
71241,22111,Union
71242,22123,West Carroll
71243,22041,Franklin
71245,22061,Lincoln
71247,22049,Jackson
71249,22041,Franklin
71250,22067,Morehouse
71251,22049,Jackson
71253,22123,West Carroll
71254,22035,East Carroll
71256,22111,Union
71259,22083,Richland
71260,22111,Union
71261,22067,Morehouse
71263,22123,West Carroll
71264,22067,Morehouse
71266,22123,West Carroll
71268,22049,Jackson
71269,22083,Richland
71270,22061,Lincoln
71272,22061,Lincoln
71273,22061,Lincoln
71275,22061,Lincoln
71276,22035,East Carroll
71277,22111,Union
71279,22083,Richland
71280,22111,Union
71281,22073,Ouachita
71282,22065,Madison
71284,22065,Madison
71286,22035,East Carroll
71291,22073,Ouachita
71292,22073,Ouachita
71294,22073,Ouachita
71295,22041,Franklin
71301,22079,Rapides
71302,22079,Rapides
71303,22079,Rapides
71306,22079,Rapides
71307,22079,Rapides
71309,22079,Rapides
71315,22079,Rapides
71316,22029,Concordia
71320,22009,Avoyelles
71322,22009,Avoyelles
71323,22009,Avoyelles
71324,22041,Franklin
71325,22079,Rapides
71326,22025,Catahoula
71327,22009,Avoyelles
71328,22079,Rapides
71329,22009,Avoyelles
71330,22079,Rapides
71331,22009,Avoyelles
71333,22009,Avoyelles
71334,22029,Concordia
71336,22041,Franklin
71339,22009,Avoyelles
71340,22025,Catahoula
71341,22009,Avoyelles
71342,22059,LaSalle
71343,22025,Catahoula
71345,22097,St. Landry
71346,22079,Rapides
71348,22079,Rapides
71350,22009,Avoyelles
71351,22009,Avoyelles
71353,22097,St. Landry
71354,22029,Concordia
71355,22009,Avoyelles
71356,22097,St. Landry
71357,22107,Tensas
71358,22097,St. Landry
71359,22079,Rapides
71360,22079,Rapides
71361,22079,Rapides
71362,22009,Avoyelles
71363,22025,Catahoula
71365,22079,Rapides
71366,22107,Tensas
71367,22039,Evangeline
71368,22025,Catahoula
71369,22009,Avoyelles
71371,22059,LaSalle
71373,22029,Concordia
71375,22107,Tensas
71377,22029,Concordia
71378,22041,Franklin
71401,22025,Catahoula
71403,22115,Vernon
71404,22127,Winn
71405,22079,Rapides
71406,22085,Sabine
71407,22043,Grant
71409,22079,Rapides
71410,22127,Winn
71411,22069,Natchitoches
71414,22069,Natchitoches
71415,22021,Caldwell
71416,22069,Natchitoches
71417,22043,Grant
71418,22021,Caldwell
71419,22085,Sabine
71422,22127,Winn
71423,22043,Grant
71424,22079,Rapides
71425,22025,Catahoula
71426,22085,Sabine
71427,22079,Rapides
71428,22069,Natchitoches
71429,22085,Sabine
71430,22079,Rapides
71431,22079,Rapides
71432,22043,Grant
71433,22079,Rapides
71434,22069,Natchitoches
71435,22021,Caldwell
71438,22115,Vernon
71439,22115,Vernon
71440,22127,Winn
71441,22021,Caldwell
71443,22115,Vernon
71446,22115,Vernon
71447,22079,Rapides
71448,22079,Rapides
71449,22085,Sabine
71450,22069,Natchitoches
71452,22069,Natchitoches
71454,22043,Grant
71455,22069,Natchitoches
71456,22069,Natchitoches
71457,22069,Natchitoches
71458,22069,Natchitoches
71459,22115,Vernon
71460,22085,Sabine
71461,22115,Vernon
71462,22085,Sabine
71463,22003,Allen
71465,22059,LaSalle
71466,22079,Rapides
71467,22043,Grant
71468,22069,Natchitoches
71469,22069,Natchitoches
71471,22127,Winn
71472,22079,Rapides
71473,22127,Winn
71474,22115,Vernon
71475,22115,Vernon
71477,22079,Rapides
71479,22127,Winn
71480,22059,LaSalle
71483,22127,Winn
71485,22079,Rapides
71486,22085,Sabine
71496,22115,Vernon
71497,22069,Natchitoches
71601,05069,Jefferson
71602,05069,Jefferson
71603,05069,Jefferson
71611,05069,Jefferson
71612,05069,Jefferson
71613,05069,Jefferson
71630,05041,Desha
71631,05011,Bradley
71635,05003,Ashley
71638,05043,Drew
71639,05079,Lincoln
71640,05017,Chicot
71642,05003,Ashley
71643,05079,Lincoln
71644,05079,Lincoln
71646,05003,Ashley
71647,05011,Bradley
71651,05011,Bradley
71652,05025,Cleveland
71653,05017,Chicot
71654,05041,Desha
71655,05043,Drew
71656,05043,Drew
71657,05043,Drew
71658,05003,Ashley
71659,05069,Jefferson
71660,05025,Cleveland
71661,05003,Ashley
71662,05041,Desha
71663,05017,Chicot
71665,05025,Cleveland
71666,05041,Desha
71667,05079,Lincoln
71670,05041,Desha
71671,05011,Bradley
71674,05041,Desha
71675,05043,Drew
71676,05003,Ashley
71677,05043,Drew
71678,05079,Lincoln
71701,05103,Ouachita
71711,05103,Ouachita
71720,05103,Ouachita
71721,05019,Clark
71722,05099,Nevada
71724,05139,Union
71725,05039,Dallas
71726,05103,Ouachita
71728,05019,Clark
71730,05139,Union
71731,05139,Union
71740,05027,Columbia
71742,05039,Dallas
71743,05019,Clark
71744,05013,Calhoun
71745,05013,Calhoun
71747,05139,Union
71748,05039,Dallas
71749,05139,Union
71750,05139,Union
71751,05103,Ouachita
71752,05027,Columbia
71753,05027,Columbia
71754,05027,Columbia
71758,05139,Union
71759,05139,Union
71762,05139,Union
71763,05039,Dallas
71764,05103,Ouachita
71765,05139,Union
71766,05013,Calhoun
71770,05027,Columbia
71772,05019,Clark
71801,05057,Hempstead
71802,05057,Hempstead
71820,05081,Little River
71822,05081,Little River
71823,05133,Sevier
71825,05057,Hempstead
71826,05073,Lafayette
71827,05073,Lafayette
71828,05099,Nevada
71831,05061,Howard
71832,05133,Sevier
71833,05061,Howard
71834,05091,Miller
71835,05099,Nevada
71836,05081,Little River
71837,05091,Miller
71838,05057,Hempstead
71839,05091,Miller
71840,05091,Miller
71841,05133,Sevier
71842,05133,Sevier
71845,05073,Lafayette
71846,05133,Sevier
71847,05057,Hempstead
71851,05061,Howard
71852,05061,Howard
71853,05081,Little River
71854,05091,Miller
71855,05057,Hempstead
71857,05099,Nevada
71858,05099,Nevada
71859,05057,Hempstead
71860,05073,Lafayette
71861,05073,Lafayette
71862,05057,Hempstead
71864,05099,Nevada
71865,05081,Little River
71866,05081,Little River
71901,05051,Garland
71902,05051,Garland
71903,05051,Garland
71909,05051,Garland
71910,05051,Garland
71913,05051,Garland
71914,05051,Garland
71920,05019,Clark
71921,05019,Clark
71922,05109,Pike
71923,05019,Clark
71929,05059,Hot Spring
71932,05113,Polk
71933,05051,Garland
71935,05097,Montgomery
71937,05113,Polk
71940,05109,Pike
71941,05059,Hot Spring
71942,05059,Hot Spring
71943,05109,Pike
71944,05113,Polk
71945,05113,Polk
71949,05051,Garland
71950,05109,Pike
71952,05109,Pike
71953,05113,Polk
71956,05051,Garland
71957,05097,Montgomery
71958,05109,Pike
71959,05109,Pike
71960,05097,Montgomery
71961,05097,Montgomery
71962,05019,Clark
71964,05051,Garland
71965,05097,Montgomery
71966,05097,Montgomery
71968,05051,Garland
71969,05097,Montgomery
71970,05097,Montgomery
71971,05061,Howard
71972,05113,Polk
71973,05113,Polk
71998,05019,Clark
71999,05019,Clark
72001,05105,Perry
72002,05125,Saline
72003,05001,Arkansas
72004,05069,Jefferson
72005,05067,Jackson
72006,05147,Woodruff
72007,05085,Lonoke
72010,05145,White
72011,05125,Saline
72012,05145,White
72013,05141,Van Buren
72014,05067,Jackson
72015,05125,Saline
72016,05105,Perry
72017,05117,Prairie
72018,05125,Saline
72019,05125,Saline
72020,05067,Jackson
72021,05095,Monroe
72022,05125,Saline
72023,05085,Lonoke
72024,05085,Lonoke
72025,05105,Perry
72026,05001,Arkansas
72027,05029,Conway
72028,05141,Van Buren
72029,05095,Monroe
72030,05029,Conway
72031,05141,Van Buren
72032,05045,Faulkner
72033,05045,Faulkner
72034,05045,Faulkner
72035,05045,Faulkner
72036,05147,Woodruff
72037,05085,Lonoke
72038,05001,Arkansas
72039,05045,Faulkner
72040,05117,Prairie
72041,05117,Prairie
72042,05001,Arkansas
72043,05067,Jackson
72044,05023,Cleburne
72045,05145,White
72046,05085,Lonoke
72047,05045,Faulkner
72048,05001,Arkansas
72051,05137,Stone
72052,05145,White
72053,05119,Pulaski
72055,05001,Arkansas
72057,05053,Grant
72058,05045,Faulkner
72059,05147,Woodruff
72060,05145,White
72061,05045,Faulkner
72063,05029,Conway
72064,05117,Prairie
72065,05125,Saline
72066,05117,Prairie
72067,05023,Cleburne
72068,05145,White
72069,05095,Monroe
72070,05105,Perry
72072,05085,Lonoke
72073,05001,Arkansas
72074,05147,Woodruff
72075,05067,Jackson
72076,05119,Pulaski
72078,05119,Pulaski
72079,05069,Jefferson
72080,05141,Van Buren
72081,05145,White
72082,05145,White
72083,05085,Lonoke
72084,05039,Dallas
72085,05145,White
72086,05085,Lonoke
72087,05125,Saline
72088,05141,Van Buren
72089,05125,Saline
72099,05119,Pulaski
72101,05147,Woodruff
72102,05145,White
72103,05125,Saline
72104,05059,Hot Spring
72105,05059,Hot Spring
72106,05045,Faulkner
72107,05029,Conway
72108,05095,Monroe
72110,05029,Conway
72111,05045,Faulkner
72112,05067,Jackson
72113,05119,Pulaski
72114,05119,Pulaski
72115,05119,Pulaski
72116,05119,Pulaski
72117,05119,Pulaski
72118,05119,Pulaski
72119,05119,Pulaski
72120,05119,Pulaski
72121,05145,White
72122,05125,Saline
72123,05147,Woodruff
72124,05119,Pulaski
72125,05105,Perry
72126,05105,Perry
72127,05029,Conway
72128,05053,Grant
72129,05053,Grant
72130,05023,Cleburne
72131,05023,Cleburne
72132,05069,Jefferson
72133,05069,Jefferson
72134,05095,Monroe
72135,05119,Pulaski
72136,05145,White
72137,05145,White
72139,05145,White
72140,05001,Arkansas
72141,05141,Van Buren
72142,05085,Lonoke
72143,05145,White
72145,05145,White
72149,05145,White
72150,05053,Grant
72152,05069,Jefferson
72153,05141,Van Buren
72156,05029,Conway
72157,05029,Conway
72158,05125,Saline
72160,05001,Arkansas
72164,05119,Pulaski
72165,05063,Independence
72166,05001,Arkansas
72167,05125,Saline
72168,05069,Jefferson
72169,05067,Jackson
72170,05117,Prairie
72173,05045,Faulkner
72175,05069,Jefferson
72176,05085,Lonoke
72178,05145,White
72179,05023,Cleburne
72180,05119,Pulaski
72181,05045,Faulkner
72182,05069,Jefferson
72183,05119,Pulaski
72190,05119,Pulaski
72199,05119,Pulaski
72201,05119,Pulaski
72202,05119,Pulaski
72203,05119,Pulaski
72204,05119,Pulaski
72205,05119,Pulaski
72206,05119,Pulaski
72207,05119,Pulaski
72209,05119,Pulaski
72210,05119,Pulaski
72211,05119,Pulaski
72212,05119,Pulaski
72214,05119,Pulaski
72215,05119,Pulaski
72216,05119,Pulaski
72217,05119,Pulaski
72219,05119,Pulaski
72221,05119,Pulaski
72222,05119,Pulaski
72223,05119,Pulaski
72225,05119,Pulaski
72227,05119,Pulaski
72231,05119,Pulaski
72255,05119,Pulaski
72260,05009,Boone
72295,05119,Pulaski
72301,05035,Crittenden
72303,05035,Crittenden
72310,05093,Mississippi
72311,05077,Lee
72312,05107,Phillips
72313,05093,Mississippi
72315,05093,Mississippi
72316,05093,Mississippi
72319,05093,Mississippi
72320,05077,Lee
72321,05093,Mississippi
72322,05123,St. Francis
72324,05037,Cross
72325,05035,Crittenden
72326,05123,St. Francis
72327,05035,Crittenden
72328,05041,Desha
72329,05093,Mississippi
72330,05093,Mississippi
72331,05035,Crittenden
72332,05035,Crittenden
72333,05107,Phillips
72335,05123,St. Francis
72336,05123,St. Francis
72338,47167,Tipton
72339,05035,Crittenden
72340,05123,St. Francis
72341,05077,Lee
72342,05107,Phillips
72346,05123,St. Francis
72347,05037,Cross
72348,05035,Crittenden
72350,05093,Mississippi
72351,05093,Mississippi
72352,05077,Lee
72353,05107,Phillips
72354,05111,Poinsett
72355,05107,Phillips
72358,05093,Mississippi
72359,05123,St. Francis
72360,05077,Lee
72364,05035,Crittenden
72365,05111,Poinsett
72366,05107,Phillips
72367,05107,Phillips
72368,05077,Lee
72369,05107,Phillips
72370,05093,Mississippi
72372,05123,St. Francis
72373,05037,Cross
72374,05107,Phillips
72376,05035,Crittenden
72377,05111,Poinsett
72379,05041,Desha
72383,05107,Phillips
72384,05035,Crittenden
72386,05111,Poinsett
72387,05037,Cross
72389,05107,Phillips
72390,05107,Phillips
72391,05093,Mississippi
72392,05123,St. Francis
72394,05123,St. Francis
72395,05093,Mississippi
72396,05037,Cross
72401,05031,Craighead
72402,05031,Craighead
72403,05031,Craighead
72404,05031,Craighead
72405,05031,Craighead
72410,05075,Lawrence
72411,05031,Craighead
72412,05055,Greene
72413,05121,Randolph
72414,05031,Craighead
72415,05075,Lawrence
72416,05031,Craighead
72417,05031,Craighead
72419,05031,Craighead
72421,05031,Craighead
72422,05021,Clay
72424,05021,Clay
72425,05055,Greene
72426,05093,Mississippi
72427,05031,Craighead
72428,05093,Mississippi
72429,05111,Poinsett
72430,05021,Clay
72431,05067,Jackson
72432,05111,Poinsett
72433,05075,Lawrence
72434,05121,Randolph
72435,05021,Clay
72436,05055,Greene
72437,05031,Craighead
72438,05093,Mississippi
72440,05075,Lawrence
72441,05021,Clay
72442,05093,Mississippi
72443,05055,Greene
72444,05121,Randolph
72445,05075,Lawrence
72447,05031,Craighead
72449,05121,Randolph
72450,05055,Greene
72451,05055,Greene
72453,05021,Clay
72454,05021,Clay
72455,05121,Randolph
72456,05021,Clay
72457,05075,Lawrence
72458,05075,Lawrence
72459,05121,Randolph
72460,05121,Randolph
72461,05021,Clay
72462,05121,Randolph
72464,05021,Clay
72465,05075,Lawrence
72466,05075,Lawrence
72467,05031,Craighead
72469,05075,Lawrence
72470,05021,Clay
72471,05067,Jackson
72472,05111,Poinsett
72473,05067,Jackson
72474,05055,Greene
72475,05111,Poinsett
72476,05075,Lawrence
72478,05121,Randolph
72479,05111,Poinsett
72482,05135,Sharp
72501,05063,Independence
72503,05063,Independence
72512,05065,Izard
72513,05135,Sharp
72515,05049,Fulton
72517,05065,Izard
72519,05005,Baxter
72520,05049,Fulton
72521,05135,Sharp
72522,05063,Independence
72523,05023,Cleburne
72524,05063,Independence
72525,05135,Sharp
72526,05063,Independence
72527,05063,Independence
72528,05065,Izard
72529,05135,Sharp
72530,05023,Cleburne
72531,05049,Fulton
72532,05135,Sharp
72533,05137,Stone
72534,05063,Independence
72536,05065,Izard
72537,05005,Baxter
72538,05049,Fulton
72539,05049,Fulton
72540,05065,Izard
72542,05135,Sharp
72543,05023,Cleburne
72544,05005,Baxter
72545,05023,Cleburne
72546,05023,Cleburne
72550,05063,Independence
72553,05063,Independence
72554,05049,Fulton
72555,05137,Stone
72556,05065,Izard
72560,05137,Stone
72561,05065,Izard
72562,05063,Independence
72564,05063,Independence
72565,05065,Izard
72566,05065,Izard
72567,05137,Stone
72568,05063,Independence
72569,05135,Sharp
72571,05063,Independence
72572,05075,Lawrence
72573,05065,Izard
72575,05063,Independence
72576,05049,Fulton
72577,05065,Izard
72578,05049,Fulton
72579,05063,Independence
72581,05023,Cleburne
72583,05049,Fulton
72584,05065,Izard
72585,05065,Izard
72587,05065,Izard
72601,05009,Boone
72602,05009,Boone
72611,05015,Carroll
72613,05015,Carroll
72615,05009,Boone
72616,05015,Carroll
72617,05005,Baxter
72619,05089,Marion
72623,05005,Baxter
72624,05101,Newton
72626,05005,Baxter
72628,05101,Newton
72629,05141,Van Buren
72630,05009,Boone
72631,05015,Carroll
72632,05015,Carroll
72633,05089,Marion
72634,05089,Marion
72635,05005,Baxter
72636,05129,Searcy
72638,05015,Carroll
72639,05129,Searcy
72640,05101,Newton
72641,05101,Newton
72642,05005,Baxter
72643,29043,Christian
72644,05009,Boone
72645,05129,Searcy
72648,05101,Newton
72650,05129,Searcy
72651,05005,Baxter
72653,05005,Baxter
72654,05005,Baxter
72655,05101,Newton
72657,05137,Stone
72658,05005,Baxter
72659,05005,Baxter
72660,05015,Carroll
72661,05089,Marion
72662,05009,Boone
72663,05137,Stone
72666,05101,Newton
72668,05089,Marion
72669,05129,Searcy
72670,05101,Newton
72672,05089,Marion
72675,05129,Searcy
72677,05089,Marion
72679,05129,Searcy
72680,05137,Stone
72682,05089,Marion
72683,05101,Newton
72685,05101,Newton
72686,05115,Pope
72687,05089,Marion
72701,05143,Washington
72702,05143,Washington
72703,05143,Washington
72704,05143,Washington
72711,05007,Benton
72712,05007,Benton
72713,05007,Benton
72714,05007,Benton
72715,05007,Benton
72716,05007,Benton
72717,05143,Washington
72718,05007,Benton
72719,05007,Benton
72721,05087,Madison
72722,05007,Benton
72727,05087,Madison
72728,05143,Washington
72729,05143,Washington
72730,05143,Washington
72732,05007,Benton
72733,05007,Benton
72734,05007,Benton
72735,05143,Washington
72736,05007,Benton
72737,05143,Washington
72738,05087,Madison
72739,05007,Benton
72740,05087,Madison
72741,05143,Washington
72742,05087,Madison
72744,05143,Washington
72745,05007,Benton
72747,05007,Benton
72749,05143,Washington
72751,05007,Benton
72752,05087,Madison
72753,05143,Washington
72756,05007,Benton
72757,05007,Benton
72758,05007,Benton
72760,05087,Madison
72761,05007,Benton
72762,05143,Washington
72764,05143,Washington
72765,05143,Washington
72766,05143,Washington
72768,05007,Benton
72769,05143,Washington
72770,05143,Washington
72773,05087,Madison
72774,05143,Washington
72776,05087,Madison
72801,05115,Pope
72802,05115,Pope
72811,05115,Pope
72812,05115,Pope
72820,05047,Franklin
72821,05047,Franklin
72823,05115,Pope
72824,05149,Yell
72826,05083,Logan
72827,05149,Yell
72828,05149,Yell
72829,05149,Yell
72830,05071,Johnson
72832,05071,Johnson
72833,05149,Yell
72834,05149,Yell
72835,05083,Logan
72837,05115,Pope
72838,05149,Yell
72839,05071,Johnson
72840,05071,Johnson
72841,05127,Scott
72842,05149,Yell
72843,05115,Pope
72845,05071,Johnson
72846,05071,Johnson
72847,05115,Pope
72851,05083,Logan
72852,05071,Johnson
72853,05149,Yell
72854,05071,Johnson
72855,05083,Logan
72856,05101,Newton
72857,05149,Yell
72858,05115,Pope
72860,05149,Yell
72863,05083,Logan
72865,05083,Logan
72901,05131,Sebastian
72902,05131,Sebastian
72903,05131,Sebastian
72904,05131,Sebastian
72905,05131,Sebastian
72906,05131,Sebastian
72908,05131,Sebastian
72913,05131,Sebastian
72914,05131,Sebastian
72916,05131,Sebastian
72917,05131,Sebastian
72918,05131,Sebastian
72919,05131,Sebastian
72921,05033,Crawford
72923,05131,Sebastian
72926,05127,Scott
72927,05083,Logan
72928,05047,Franklin
72930,05047,Franklin
72932,05033,Crawford
72933,05047,Franklin
72934,05033,Crawford
72935,05033,Crawford
72936,05131,Sebastian
72937,05131,Sebastian
72938,05131,Sebastian
72940,05131,Sebastian
72941,05131,Sebastian
72943,05083,Logan
72944,05131,Sebastian
72945,05131,Sebastian
72946,05033,Crawford
72947,05047,Franklin
72948,05033,Crawford
72949,05047,Franklin
72950,05127,Scott
72951,05083,Logan
72952,05033,Crawford
72955,05033,Crawford
72956,05033,Crawford
72957,05033,Crawford
72958,05127,Scott
72959,05143,Washington
73001,40015,Caddo
73002,40051,Grady
73003,40109,Oklahoma
73004,40051,Grady
73005,40015,Caddo
73006,40015,Caddo
73007,40109,Oklahoma
73008,40109,Oklahoma
73009,40015,Caddo
73010,40051,Grady
73011,40051,Grady
73012,40109,Oklahoma
73013,40109,Oklahoma
73014,40017,Canadian
73015,40015,Caddo
73016,40073,Kingfisher
73017,40015,Caddo
73018,40051,Grady
73019,40027,Cleveland
73020,40109,Oklahoma
73021,40149,Washita
73022,40017,Canadian
73023,40051,Grady
73024,40149,Washita
73025,40083,Logan
73026,40027,Cleveland
73027,40083,Logan
73028,40083,Logan
73029,40015,Caddo
73030,40099,Murray
73031,40087,McClain
73032,40099,Murray
73033,40015,Caddo
73034,40109,Oklahoma
73036,40017,Canadian
73038,40015,Caddo
73039,40109,Oklahoma
73040,40011,Blaine
73041,40075,Kiowa
73042,40015,Caddo
73043,40011,Blaine
73044,40083,Logan
73045,40109,Oklahoma
73047,40015,Caddo
73048,40015,Caddo
73049,40109,Oklahoma
73050,40083,Logan
73051,40027,Cleveland
73052,40049,Garvin
73053,40015,Caddo
73054,40109,Oklahoma
73055,40137,Stephens
73056,40047,Garfield
73057,40049,Garvin
73058,40083,Logan
73059,40051,Grady
73061,40103,Noble
73062,40075,Kiowa
73063,40083,Logan
73064,40017,Canadian
73065,40087,McClain
73066,40109,Oklahoma
73067,40051,Grady
73068,40027,Cleveland
73069,40027,Cleveland
73070,40027,Cleveland
73071,40027,Cleveland
73072,40027,Cleveland
73073,40103,Noble
73074,40049,Garvin
73075,40049,Garvin
73077,40103,Noble
73078,40017,Canadian
73079,40051,Grady
73080,40087,McClain
73082,40051,Grady
73083,40109,Oklahoma
73084,40109,Oklahoma
73085,40017,Canadian
73086,40099,Murray
73089,40051,Grady
73090,40017,Canadian
73092,40051,Grady
73093,40087,McClain
73095,40087,McClain
73096,40039,Custer
73097,40109,Oklahoma
73098,40049,Garvin
73099,40017,Canadian
73101,40109,Oklahoma
73102,40109,Oklahoma
73103,40109,Oklahoma
73104,40109,Oklahoma
73105,40109,Oklahoma
73106,40109,Oklahoma
73107,40109,Oklahoma
73108,40109,Oklahoma
73109,40109,Oklahoma
73110,40109,Oklahoma
73111,40109,Oklahoma
73112,40109,Oklahoma
73113,40109,Oklahoma
73114,40109,Oklahoma
73115,40109,Oklahoma
73116,40109,Oklahoma
73117,40109,Oklahoma
73118,40109,Oklahoma
73119,40109,Oklahoma
73120,40109,Oklahoma
73121,40109,Oklahoma
73122,40109,Oklahoma
73123,40109,Oklahoma
73124,40109,Oklahoma
73125,40109,Oklahoma
73126,40109,Oklahoma
73127,40109,Oklahoma
73128,40109,Oklahoma
73129,40109,Oklahoma
73130,40109,Oklahoma
73131,40109,Oklahoma
73132,40109,Oklahoma
73134,40109,Oklahoma
73135,40109,Oklahoma
73136,40109,Oklahoma
73137,40109,Oklahoma
73139,40109,Oklahoma
73140,40109,Oklahoma
73141,40109,Oklahoma
73142,40109,Oklahoma
73143,40109,Oklahoma
73144,40109,Oklahoma
73145,40109,Oklahoma
73146,40109,Oklahoma
73147,40109,Oklahoma
73148,40109,Oklahoma
73149,40109,Oklahoma
73150,40109,Oklahoma
73151,40109,Oklahoma
73152,40109,Oklahoma
73153,40109,Oklahoma
73154,40109,Oklahoma
73155,40109,Oklahoma
73156,40109,Oklahoma
73157,40109,Oklahoma
73159,40109,Oklahoma
73160,40027,Cleveland
73162,40109,Oklahoma
73163,40109,Oklahoma
73164,40109,Oklahoma
73165,40027,Cleveland
73167,40109,Oklahoma
73169,40109,Oklahoma
73170,40027,Cleveland
73172,40109,Oklahoma
73173,40027,Cleveland
73175,40109,Oklahoma
73178,40109,Oklahoma
73179,40109,Oklahoma
73184,40109,Oklahoma
73185,40109,Oklahoma
73189,40109,Oklahoma
73190,40109,Oklahoma
73194,40109,Oklahoma
73195,40109,Oklahoma
73196,40109,Oklahoma
73301,48453,Travis
73344,48453,Travis
73401,40019,Carter
73402,40019,Carter
73403,40019,Carter
73425,40137,Stephens
73430,40085,Love
73432,40069,Johnston
73433,40049,Garvin
73434,40137,Stephens
73435,40019,Carter
73436,40019,Carter
73437,40019,Carter
73438,40019,Carter
73439,40095,Marshall
73440,40095,Marshall
73441,40085,Love
73442,40137,Stephens
73443,40019,Carter
73444,40019,Carter
73446,40095,Marshall
73447,40069,Johnston
73448,40085,Love
73449,40013,Bryan
73450,40069,Johnston
73453,40085,Love
73455,40069,Johnston
73456,40067,Jefferson
73458,40019,Carter
73459,40085,Love
73460,40069,Johnston
73461,40069,Johnston
73463,40019,Carter
73481,40019,Carter
73487,40019,Carter
73488,40019,Carter
73491,40137,Stephens
73501,40031,Comanche
73502,40031,Comanche
73503,40031,Comanche
73505,40031,Comanche
73506,40031,Comanche
73507,40031,Comanche
73520,40067,Jefferson
73521,40065,Jackson
73522,40065,Jackson
73523,40065,Jackson
73526,40065,Jackson
73527,40031,Comanche
73528,40033,Cotton
73529,40137,Stephens
73530,40141,Tillman
73531,40033,Cotton
73532,40065,Jackson
73533,40137,Stephens
73534,40137,Stephens
73536,40137,Stephens
73537,40065,Jackson
73538,40031,Comanche
73539,40065,Jackson
73540,40031,Comanche
73541,40031,Comanche
73542,40141,Tillman
73543,40031,Comanche
73544,40057,Harmon
73546,40141,Tillman
73547,40055,Greer
73548,40033,Cotton
73549,40065,Jackson
73550,40057,Harmon
73551,40141,Tillman
73552,40031,Comanche
73553,40141,Tillman
73554,40055,Greer
73555,40141,Tillman
73556,40065,Jackson
73557,40031,Comanche
73558,40031,Comanche
73559,40075,Kiowa
73560,40065,Jackson
73561,40067,Jefferson
73562,40033,Cotton
73564,40075,Kiowa
73565,40067,Jefferson
73566,40075,Kiowa
73567,40031,Comanche
73568,40033,Cotton
73569,40067,Jefferson
73570,40141,Tillman
73571,40057,Harmon
73572,40033,Cotton
73573,40067,Jefferson
73601,40039,Custer
73620,40039,Custer
73622,40149,Washita
73624,40149,Washita
73625,40039,Custer
73626,40149,Washita
73627,40009,Beckham
73628,40129,Roger Mills
73632,40149,Washita
73638,40129,Roger Mills
73639,40039,Custer
73641,40149,Washita
73642,40129,Roger Mills
73644,40009,Beckham
73645,40009,Beckham
73646,40011,Blaine
73647,40149,Washita
73648,40009,Beckham
73650,40129,Roger Mills
73651,40075,Kiowa
73654,40129,Roger Mills
73655,40075,Kiowa
73658,40043,Dewey
73659,40043,Dewey
73660,40129,Roger Mills
73661,40149,Washita
73662,40009,Beckham
73663,40043,Dewey
73664,40149,Washita
73666,40129,Roger Mills
73667,40043,Dewey
73668,40009,Beckham
73669,40039,Custer
73673,40055,Greer
73701,40047,Garfield
73702,40047,Garfield
73703,40047,Garfield
73705,40047,Garfield
73706,40047,Garfield
73716,40151,Woods
73717,40151,Woods
73718,40093,Major
73719,40003,Alfalfa
73720,40047,Garfield
73722,40003,Alfalfa
73724,40043,Dewey
73726,40003,Alfalfa
73727,40047,Garfield
73728,40003,Alfalfa
73729,40093,Major
73730,40047,Garfield
73731,40151,Woods
73733,40047,Garfield
73734,40073,Kingfisher
73735,40047,Garfield
73736,40047,Garfield
73737,40093,Major
73738,40047,Garfield
73739,40003,Alfalfa
73741,40003,Alfalfa
73742,40073,Kingfisher
73743,40047,Garfield
73744,40011,Blaine
73746,40151,Woods
73747,40093,Major
73749,40003,Alfalfa
73750,40073,Kingfisher
73753,40047,Garfield
73754,40047,Garfield
73755,40011,Blaine
73756,40073,Kingfisher
73757,40103,Noble
73758,40053,Grant
73759,40053,Grant
73760,40093,Major
73761,40053,Grant
73762,40017,Canadian
73763,40011,Blaine
73764,40073,Kingfisher
73766,40053,Grant
73768,40093,Major
73770,40011,Blaine
73771,40053,Grant
73772,40011,Blaine
73773,40047,Garfield
73801,40153,Woodward
73802,40153,Woodward
73832,40045,Ellis
73834,40059,Harper
73835,40043,Dewey
73838,40093,Major
73840,40045,Ellis
73841,40045,Ellis
73842,40151,Woods
73843,40045,Ellis
73844,40007,Beaver
73848,40007,Beaver
73851,40045,Ellis
73852,40153,Woodward
73853,40153,Woodward
73855,40059,Harper
73857,40153,Woodward
73858,40045,Ellis
73859,40043,Dewey
73860,40151,Woods
73901,40139,Texas
73931,40007,Beaver
73932,40007,Beaver
73933,40025,Cimarron
73937,40025,Cimarron
73938,40007,Beaver
73939,40139,Texas
73942,40139,Texas
73944,40139,Texas
73945,40139,Texas
73946,40025,Cimarron
73947,40025,Cimarron
73949,40139,Texas
73950,40007,Beaver
73951,40139,Texas
73960,48421,Sherman
74001,40113,Osage
74002,40113,Osage
74003,40113,Osage
74004,40147,Washington
74005,40147,Washington
74006,40147,Washington
74008,40143,Tulsa
74010,40037,Creek
74011,40143,Tulsa
74012,40143,Tulsa
74013,40143,Tulsa
74014,40145,Wagoner
74015,40131,Rogers
74016,40131,Rogers
74017,40131,Rogers
74018,40131,Rogers
74019,40131,Rogers
74020,40117,Pawnee
74021,40143,Tulsa
74022,40147,Washington
74023,40119,Payne
74026,40081,Lincoln
74027,40105,Nowata
74028,40037,Creek
74029,40147,Washington
74030,40037,Creek
74031,40131,Rogers
74032,40119,Payne
74033,40143,Tulsa
74034,40117,Pawnee
74035,40113,Osage
74036,40131,Rogers
74037,40143,Tulsa
74038,40037,Creek
74039,40037,Creek
74041,40037,Creek
74042,40105,Nowata
74043,40143,Tulsa
74044,40037,Creek
74045,40117,Pawnee
74046,40037,Creek
74047,40111,Okmulgee
74048,40105,Nowata
74050,40037,Creek
74051,40147,Washington
74052,40037,Creek
74053,40131,Rogers
74054,40113,Osage
74055,40143,Tulsa
74056,40113,Osage
74058,40117,Pawnee
74059,40119,Payne
74060,40113,Osage
74061,40147,Washington
74062,40119,Payne
74063,40143,Tulsa
74066,40037,Creek
74067,40037,Creek
74068,40037,Creek
74070,40113,Osage
74071,40037,Creek
74072,40105,Nowata
74073,40113,Osage
74074,40119,Payne
74075,40119,Payne
74076,40119,Payne
74077,40119,Payne
74078,40119,Payne
74079,40081,Lincoln
74080,40131,Rogers
74081,40117,Pawnee
74082,40147,Washington
74083,40105,Nowata
74084,40113,Osage
74085,40119,Payne
74101,40143,Tulsa
74102,40143,Tulsa
74103,40143,Tulsa
74104,40143,Tulsa
74105,40143,Tulsa
74106,40143,Tulsa
74107,40143,Tulsa
74108,40143,Tulsa
74110,40143,Tulsa
74112,40143,Tulsa
74114,40143,Tulsa
74115,40143,Tulsa
74116,40143,Tulsa
74117,40143,Tulsa
74119,40143,Tulsa
74120,40143,Tulsa
74121,40143,Tulsa
74126,40113,Osage
74127,40113,Osage
74128,40143,Tulsa
74129,40143,Tulsa
74130,40143,Tulsa
74131,40037,Creek
74132,40143,Tulsa
74133,40143,Tulsa
74134,40143,Tulsa
74135,40143,Tulsa
74136,40143,Tulsa
74137,40143,Tulsa
74141,40143,Tulsa
74145,40143,Tulsa
74146,40143,Tulsa
74147,40143,Tulsa
74148,40143,Tulsa
74149,40143,Tulsa
74150,40143,Tulsa
74152,40143,Tulsa
74153,40143,Tulsa
74155,40143,Tulsa
74156,40143,Tulsa
74157,40143,Tulsa
74158,40143,Tulsa
74159,40143,Tulsa
74169,40143,Tulsa
74170,40143,Tulsa
74171,40143,Tulsa
74172,40143,Tulsa
74182,40143,Tulsa
74186,40143,Tulsa
74187,40143,Tulsa
74192,40143,Tulsa
74193,40143,Tulsa
74301,40035,Craig
74330,40097,Mayes
74331,40041,Delaware
74332,40035,Craig
74333,40035,Craig
74335,40115,Ottawa
74337,40097,Mayes
74338,40041,Delaware
74339,40115,Ottawa
74340,40097,Mayes
74342,40041,Delaware
74343,40115,Ottawa
74344,40041,Delaware
74345,40041,Delaware
74346,40041,Delaware
74347,40041,Delaware
74349,40035,Craig
74350,40097,Mayes
74352,40097,Mayes
74354,40115,Ottawa
74355,40115,Ottawa
74358,40115,Ottawa
74359,40041,Delaware
74360,40115,Ottawa
74361,40097,Mayes
74362,40097,Mayes
74363,40115,Ottawa
74364,40041,Delaware
74365,40097,Mayes
74366,40097,Mayes
74367,40097,Mayes
74368,40041,Delaware
74369,40035,Craig
74370,40115,Ottawa
74401,40101,Muskogee
74402,40101,Muskogee
74403,40101,Muskogee
74421,40111,Okmulgee
74422,40101,Muskogee
74423,40101,Muskogee
74425,40121,Pittsburg
74426,40091,McIntosh
74427,40021,Cherokee
74428,40091,McIntosh
74429,40145,Wagoner
74430,40121,Pittsburg
74431,40111,Okmulgee
74432,40091,McIntosh
74434,40101,Muskogee
74435,40135,Sequoyah
74436,40101,Muskogee
74437,40111,Okmulgee
74438,40091,McIntosh
74439,40101,Muskogee
74440,40061,Haskell
74441,40021,Cherokee
74442,40121,Pittsburg
74444,40021,Cherokee
74445,40111,Okmulgee
74446,40145,Wagoner
74447,40111,Okmulgee
74450,40101,Muskogee
74451,40021,Cherokee
74452,40021,Cherokee
74454,40145,Wagoner
74455,40101,Muskogee
74456,40111,Okmulgee
74457,40021,Cherokee
74458,40145,Wagoner
74459,40091,McIntosh
74460,40111,Okmulgee
74461,40091,McIntosh
74462,40061,Haskell
74463,40101,Muskogee
74464,40021,Cherokee
74465,40021,Cherokee
74467,40145,Wagoner
74468,40101,Muskogee
74469,40101,Muskogee
74470,40101,Muskogee
74471,40021,Cherokee
74472,40061,Haskell
74477,40145,Wagoner
74501,40121,Pittsburg
74502,40121,Pittsburg
74521,40127,Pushmataha
74522,40121,Pittsburg
74523,40127,Pushmataha
74525,40005,Atoka
74528,40121,Pittsburg
74529,40121,Pittsburg
74530,40069,Johnston
74531,40063,Hughes
74533,40005,Atoka
74534,40029,Coal
74535,40029,Coal
74536,40127,Pushmataha
74538,40029,Coal
74540,40005,Atoka
74543,40127,Pushmataha
74545,40077,Latimer
74546,40121,Pittsburg
74547,40121,Pittsburg
74549,40079,Le Flore
74552,40061,Haskell
74553,40121,Pittsburg
74554,40121,Pittsburg
74555,40005,Atoka
74556,40029,Coal
74557,40127,Pushmataha
74558,40127,Pushmataha
74559,40077,Latimer
74560,40121,Pittsburg
74561,40121,Pittsburg
74562,40127,Pushmataha
74563,40077,Latimer
74565,40121,Pittsburg
74567,40127,Pushmataha
74569,40005,Atoka
74570,40063,Hughes
74571,40077,Latimer
74572,40029,Coal
74574,40127,Pushmataha
74576,40005,Atoka
74577,40079,Le Flore
74578,40077,Latimer
74601,40071,Kay
74602,40071,Kay
74604,40113,Osage
74630,40103,Noble
74631,40071,Kay
74632,40071,Kay
74633,40113,Osage
74636,40053,Grant
74637,40113,Osage
74640,40047,Garfield
74641,40071,Kay
74643,40053,Grant
74644,40103,Noble
74646,40071,Kay
74647,40071,Kay
74650,40113,Osage
74651,40103,Noble
74652,40113,Osage
74653,40071,Kay
74701,40013,Bryan
74702,40013,Bryan
74720,40013,Bryan
74721,40013,Bryan
74722,40089,McCurtain
74723,40013,Bryan
74724,40089,McCurtain
74726,40013,Bryan
74727,40023,Choctaw
74728,40089,McCurtain
74729,40013,Bryan
74730,40013,Bryan
74731,40013,Bryan
74733,40013,Bryan
74734,40089,McCurtain
74735,40023,Choctaw
74736,40089,McCurtain
74737,40089,McCurtain
74738,40023,Choctaw
74740,40089,McCurtain
74741,40013,Bryan
74743,40023,Choctaw
74745,40089,McCurtain
74747,40013,Bryan
74748,40069,Johnston
74750,40089,McCurtain
74752,40089,McCurtain
74753,40013,Bryan
74754,40089,McCurtain
74755,40089,McCurtain
74756,40023,Choctaw
74759,40023,Choctaw
74760,40127,Pushmataha
74761,40023,Choctaw
74764,40089,McCurtain
74766,40089,McCurtain
74801,40125,Pottawatomie
74802,40125,Pottawatomie
74804,40125,Pottawatomie
74818,40133,Seminole
74820,40123,Pontotoc
74821,40123,Pontotoc
74824,40081,Lincoln
74825,40123,Pontotoc
74826,40125,Pottawatomie
74827,40063,Hughes
74829,40107,Okfuskee
74830,40133,Seminole
74831,40087,McClain
74832,40081,Lincoln
74833,40107,Okfuskee
74834,40081,Lincoln
74836,40069,Johnston
74837,40133,Seminole
74839,40063,Hughes
74840,40133,Seminole
74842,40123,Pontotoc
74843,40123,Pontotoc
74844,40123,Pontotoc
74845,40091,McIntosh
74848,40063,Hughes
74849,40133,Seminole
74850,40063,Hughes
74851,40125,Pottawatomie
74852,40125,Pottawatomie
74854,40125,Pottawatomie
74855,40081,Lincoln
74856,40069,Johnston
74857,40027,Cleveland
74859,40107,Okfuskee
74860,40107,Okfuskee
74864,40081,Lincoln
74865,40123,Pontotoc
74866,40125,Pottawatomie
74867,40133,Seminole
74868,40133,Seminole
74869,40081,Lincoln
74871,40123,Pontotoc
74872,40049,Garvin
74873,40125,Pottawatomie
74875,40081,Lincoln
74878,40125,Pottawatomie
74880,40107,Okfuskee
74881,40081,Lincoln
74883,40063,Hughes
74884,40133,Seminole
74901,40079,Le Flore
74902,40079,Le Flore
74930,40079,Le Flore
74931,40001,Adair
74932,40079,Le Flore
74935,40079,Le Flore
74936,40135,Sequoyah
74937,40079,Le Flore
74939,40079,Le Flore
74940,40079,Le Flore
74941,40061,Haskell
74942,40079,Le Flore
74943,40061,Haskell
74944,40061,Haskell
74945,40135,Sequoyah
74946,40135,Sequoyah
74947,40079,Le Flore
74948,40135,Sequoyah
74949,40079,Le Flore
74951,40079,Le Flore
74953,40079,Le Flore
74954,40135,Sequoyah
74955,40135,Sequoyah
74956,40079,Le Flore
74957,40079,Le Flore
74959,40079,Le Flore
74960,40001,Adair
74962,40135,Sequoyah
74963,40089,McCurtain
74964,40001,Adair
74965,40001,Adair
74966,40079,Le Flore
75001,48113,Dallas
75002,48085,Collin
75006,48113,Dallas
75007,48121,Denton
75009,48085,Collin
75010,48121,Denton
75011,48113,Dallas
75013,48085,Collin
75014,48113,Dallas
75015,48113,Dallas
75016,48113,Dallas
75017,48113,Dallas
75019,48113,Dallas
75020,48181,Grayson
75021,48181,Grayson
75022,48121,Denton
75023,48085,Collin
75024,48085,Collin
75025,48085,Collin
75026,48085,Collin
75027,48121,Denton
75028,48121,Denton
75029,48121,Denton
75030,48113,Dallas
75032,48397,Rockwall
75033,48121,Denton
75034,48085,Collin
75035,48085,Collin
75036,48121,Denton
75038,48113,Dallas
75039,48113,Dallas
75040,48113,Dallas
75041,48113,Dallas
75042,48113,Dallas
75043,48113,Dallas
75044,48113,Dallas
75045,48113,Dallas
75046,48113,Dallas
75047,48113,Dallas
75048,48113,Dallas
75049,48113,Dallas
75050,48113,Dallas
75051,48113,Dallas
75052,48113,Dallas
75053,48113,Dallas
75054,48439,Tarrant
75056,48121,Denton
75057,48121,Denton
75058,48181,Grayson
75059,48113,Dallas
75060,48113,Dallas
75061,48113,Dallas
75062,48113,Dallas
75063,48113,Dallas
75064,48113,Dallas
75065,48121,Denton
75067,48121,Denton
75068,48121,Denton
75069,48085,Collin
75070,48085,Collin
75071,48085,Collin
75072,48085,Collin
75074,48085,Collin
75075,48085,Collin
75076,48181,Grayson
75077,48121,Denton
75078,48085,Collin
75080,48113,Dallas
75081,48113,Dallas
75082,48085,Collin
75083,48113,Dallas
75085,48113,Dallas
75086,48085,Collin
75087,48397,Rockwall
75088,48113,Dallas
75089,48113,Dallas
75090,48181,Grayson
75091,48181,Grayson
75092,48181,Grayson
75093,48085,Collin
75094,48085,Collin
75097,48085,Collin
75098,48085,Collin
75099,48113,Dallas
75101,48139,Ellis
75102,48349,Navarro
75103,48467,Van Zandt
75104,48113,Dallas
75105,48349,Navarro
75106,48113,Dallas
75109,48349,Navarro
75110,48349,Navarro
75114,48257,Kaufman
75115,48113,Dallas
75116,48113,Dallas
75117,48467,Van Zandt
75118,48257,Kaufman
75119,48139,Ellis
75120,48139,Ellis
75121,48085,Collin
75123,48113,Dallas
75124,48213,Henderson
75125,48139,Ellis
75126,48257,Kaufman
75127,48467,Van Zandt
75132,48397,Rockwall
75134,48113,Dallas
75135,48231,Hunt
75137,48113,Dallas
75138,48113,Dallas
75140,48467,Van Zandt
75141,48113,Dallas
75142,48257,Kaufman
75143,48257,Kaufman
75144,48349,Navarro
75146,48113,Dallas
75147,48467,Van Zandt
75148,48213,Henderson
75149,48113,Dallas
75150,48113,Dallas
75151,48349,Navarro
75152,48139,Ellis
75153,48349,Navarro
75154,48139,Ellis
75155,48349,Navarro
75156,48213,Henderson
75157,48257,Kaufman
75158,48257,Kaufman
75159,48113,Dallas
75160,48257,Kaufman
75161,48257,Kaufman
75163,48213,Henderson
75164,48085,Collin
75165,48139,Ellis
75166,48085,Collin
75167,48139,Ellis
75168,48139,Ellis
75169,48467,Van Zandt
75172,48113,Dallas
75173,48085,Collin
75180,48113,Dallas
75181,48113,Dallas
75182,48113,Dallas
75185,48113,Dallas
75187,48113,Dallas
75189,48397,Rockwall
75201,48113,Dallas
75202,48113,Dallas
75203,48113,Dallas
75204,48113,Dallas
75205,48113,Dallas
75206,48113,Dallas
75207,48113,Dallas
75208,48113,Dallas
75209,48113,Dallas
75210,48113,Dallas
75211,48113,Dallas
75212,48113,Dallas
75214,48113,Dallas
75215,48113,Dallas
75216,48113,Dallas
75217,48113,Dallas
75218,48113,Dallas
75219,48113,Dallas
75220,48113,Dallas
75221,48113,Dallas
75222,48113,Dallas
75223,48113,Dallas
75224,48113,Dallas
75225,48113,Dallas
75226,48113,Dallas
75227,48113,Dallas
75228,48113,Dallas
75229,48113,Dallas
75230,48113,Dallas
75231,48113,Dallas
75232,48113,Dallas
75233,48113,Dallas
75234,48113,Dallas
75235,48113,Dallas
75236,48113,Dallas
75237,48113,Dallas
75238,48113,Dallas
75240,48113,Dallas
75241,48113,Dallas
75242,48113,Dallas
75243,48113,Dallas
75244,48113,Dallas
75246,48113,Dallas
75247,48113,Dallas
75248,48113,Dallas
75249,48113,Dallas
75250,48113,Dallas
75251,48113,Dallas
75252,48085,Collin
75253,48113,Dallas
75254,48113,Dallas
75260,48113,Dallas
75261,48439,Tarrant
75262,48113,Dallas
75263,48113,Dallas
75264,48113,Dallas
75265,48113,Dallas
75266,48113,Dallas
75267,48113,Dallas
75270,48113,Dallas
75275,48113,Dallas
75277,48113,Dallas
75283,48113,Dallas
75284,48113,Dallas
75285,48113,Dallas
75287,48085,Collin
75301,48113,Dallas
75303,48113,Dallas
75312,48113,Dallas
75313,48113,Dallas
75315,48113,Dallas
75320,48113,Dallas
75326,48113,Dallas
75336,48113,Dallas
75339,48113,Dallas
75342,48113,Dallas
75354,48113,Dallas
75355,48113,Dallas
75356,48113,Dallas
75357,48113,Dallas
75358,48113,Dallas
75359,48113,Dallas
75360,48113,Dallas
75367,48113,Dallas
75368,48113,Dallas
75370,48113,Dallas
75371,48113,Dallas
75372,48113,Dallas
75373,48113,Dallas
75374,48113,Dallas
75376,48113,Dallas
75378,48113,Dallas
75379,48113,Dallas
75380,48113,Dallas
75381,48113,Dallas
75382,48113,Dallas
75389,48113,Dallas
75390,48113,Dallas
75391,48113,Dallas
75392,48113,Dallas
75393,48113,Dallas
75394,48113,Dallas
75395,48113,Dallas
75397,48113,Dallas
75398,48113,Dallas
75401,48231,Hunt
75402,48231,Hunt
75403,48231,Hunt
75404,48231,Hunt
75407,48085,Collin
75409,48085,Collin
75410,48499,Wood
75411,48277,Lamar
75412,48387,Red River
75413,48147,Fannin
75414,48181,Grayson
75415,48119,Delta
75416,48277,Lamar
75417,48387,Red River
75418,48147,Fannin
75420,48223,Hopkins
75421,48277,Lamar
75422,48231,Hunt
75423,48231,Hunt
75424,48085,Collin
75425,48277,Lamar
75426,48387,Red River
75428,48231,Hunt
75429,48231,Hunt
75431,48223,Hopkins
75432,48119,Delta
75433,48223,Hopkins
75434,48277,Lamar
75435,48277,Lamar
75436,48387,Red River
75437,48223,Hopkins
75438,48147,Fannin
75439,48147,Fannin
75440,48379,Rains
75441,48119,Delta
75442,48085,Collin
75443,48147,Fannin
75444,48499,Wood
75446,48147,Fannin
75447,48147,Fannin
75448,48119,Delta
75449,48147,Fannin
75450,48119,Delta
75451,48063,Camp
75452,48147,Fannin
75453,48231,Hunt
75454,48085,Collin
75455,48449,Titus
75456,48449,Titus
75457,48159,Franklin
75458,48231,Hunt
75459,48181,Grayson
75460,48277,Lamar
75461,48277,Lamar
75462,48277,Lamar
75468,48277,Lamar
75469,48119,Delta
75470,48277,Lamar
75471,48223,Hopkins
75472,48379,Rains
75473,48277,Lamar
75474,48231,Hunt
75475,48147,Fannin
75476,48147,Fannin
75477,48277,Lamar
75478,48223,Hopkins
75479,48147,Fannin
75480,48159,Franklin
75481,48223,Hopkins
75482,48223,Hopkins
75483,48223,Hopkins
75485,48085,Collin
75486,48277,Lamar
75487,48159,Franklin
75488,48147,Fannin
75489,48181,Grayson
75490,48147,Fannin
75491,48181,Grayson
75492,48147,Fannin
75493,48449,Titus
75494,48499,Wood
75495,48181,Grayson
75496,48231,Hunt
75497,48499,Wood
75501,48037,Bowie
75503,48037,Bowie
75504,48037,Bowie
75505,48037,Bowie
75507,48037,Bowie
75550,48387,Red River
75551,48067,Cass
75554,48387,Red River
75555,48067,Cass
75556,48067,Cass
75558,48449,Titus
75559,48037,Bowie
75560,48067,Cass
75561,48037,Bowie
75562,48067,Cass
75563,48067,Cass
75564,48067,Cass
75565,48067,Cass
75566,48067,Cass
75567,48037,Bowie
75568,48067,Cass
75569,48037,Bowie
75570,48037,Bowie
75571,48343,Morris
75572,48067,Cass
75573,48037,Bowie
75574,48037,Bowie
75599,48037,Bowie
75601,48183,Gregg
75602,48203,Harrison
75603,48183,Gregg
75604,48183,Gregg
75605,48183,Gregg
75606,48183,Gregg
75607,48183,Gregg
75608,48183,Gregg
75615,48183,Gregg
75630,48067,Cass
75631,48365,Panola
75633,48365,Panola
75636,48343,Morris
75637,48365,Panola
75638,48343,Morris
75639,48365,Panola
75640,48203,Harrison
75641,48401,Rusk
75642,48365,Panola
75643,48365,Panola
75644,48459,Upshur
75645,48459,Upshur
75647,48183,Gregg
75650,48203,Harrison
75651,48203,Harrison
75652,48401,Rusk
75653,48401,Rusk
75654,48401,Rusk
75656,48067,Cass
75657,48315,Marion
75658,48401,Rusk
75659,48203,Harrison
75660,48183,Gregg
75661,48203,Harrison
75662,48183,Gregg
75663,48183,Gregg
75666,48401,Rusk
75667,48401,Rusk
75668,48343,Morris
75669,48365,Panola
75670,48203,Harrison
75671,48203,Harrison
75672,48203,Harrison
75680,48401,Rusk
75681,48401,Rusk
75682,48401,Rusk
75683,48459,Upshur
75684,48401,Rusk
75685,48365,Panola
75686,48063,Camp
75687,48401,Rusk
75688,48203,Harrison
75689,48401,Rusk
75691,48401,Rusk
75692,48203,Harrison
75693,48183,Gregg
75694,48203,Harrison
75701,48423,Smith
75702,48423,Smith
75703,48423,Smith
75704,48423,Smith
75705,48423,Smith
75706,48423,Smith
75707,48423,Smith
75708,48423,Smith
75709,48423,Smith
75710,48423,Smith
75711,48423,Smith
75712,48423,Smith
75713,48423,Smith
75750,48423,Smith
75751,48213,Henderson
75752,48213,Henderson
75754,48467,Van Zandt
75755,48459,Upshur
75756,48213,Henderson
75757,48073,Cherokee
75758,48213,Henderson
75759,48073,Cherokee
75760,48347,Nacogdoches
75762,48423,Smith
75763,48001,Anderson
75764,48073,Cherokee
75765,48499,Wood
75766,48073,Cherokee
75770,48213,Henderson
75771,48423,Smith
75772,48073,Cherokee
75773,48499,Wood
75778,48213,Henderson
75779,48001,Anderson
75780,48073,Cherokee
75782,48213,Henderson
75783,48499,Wood
75784,48401,Rusk
75785,48073,Cherokee
75788,48347,Nacogdoches
75789,48073,Cherokee
75790,48467,Van Zandt
75791,48423,Smith
75792,48423,Smith
75797,48459,Upshur
75798,48423,Smith
75799,48423,Smith
75801,48001,Anderson
75802,48001,Anderson
75803,48001,Anderson
75831,48289,Leon
75832,48001,Anderson
75833,48289,Leon
75834,48455,Trinity
75835,48225,Houston
75838,48161,Freestone
75839,48001,Anderson
75840,48161,Freestone
75844,48225,Houston
75845,48455,Trinity
75846,48289,Leon
75847,48225,Houston
75848,48161,Freestone
75849,48225,Houston
75850,48289,Leon
75851,48225,Houston
75852,48313,Madison
75853,48001,Anderson
75855,48289,Leon
75856,48225,Houston
75858,48225,Houston
75859,48161,Freestone
75860,48161,Freestone
75861,48001,Anderson
75862,48455,Trinity
75865,48455,Trinity
75880,48001,Anderson
75882,48001,Anderson
75884,48001,Anderson
75886,48001,Anderson
75901,48005,Angelina
75902,48005,Angelina
75903,48005,Angelina
75904,48005,Angelina
75915,48005,Angelina
75925,48073,Cherokee
75926,48455,Trinity
75928,48351,Newton
75929,48405,San Augustine
75930,48405,San Augustine
75931,48241,Jasper
75932,48351,Newton
75933,48351,Newton
75934,48373,Polk
75935,48419,Shelby
75936,48457,Tyler
75937,48347,Nacogdoches
75938,48457,Tyler
75939,48373,Polk
75941,48005,Angelina
75942,48457,Tyler
75943,48347,Nacogdoches
75944,48347,Nacogdoches
75946,48347,Nacogdoches
75948,48403,Sabine
75949,48005,Angelina
75951,48241,Jasper
75954,48419,Shelby
75956,48241,Jasper
75958,48347,Nacogdoches
75959,48403,Sabine
75960,48373,Polk
75961,48347,Nacogdoches
75962,48347,Nacogdoches
75963,48347,Nacogdoches
75964,48347,Nacogdoches
75965,48347,Nacogdoches
75966,48351,Newton
75968,48403,Sabine
75969,48005,Angelina
75972,48405,San Augustine
75973,48419,Shelby
75974,48419,Shelby
75975,48419,Shelby
75976,48073,Cherokee
75977,48351,Newton
75978,48347,Nacogdoches
75979,48457,Tyler
75980,48005,Angelina
75990,48457,Tyler
76001,48439,Tarrant
76002,48439,Tarrant
76003,48439,Tarrant
76004,48439,Tarrant
76005,48439,Tarrant
76006,48439,Tarrant
76007,48439,Tarrant
76008,48367,Parker
76009,48251,Johnson
76010,48439,Tarrant
76011,48439,Tarrant
76012,48439,Tarrant
76013,48439,Tarrant
76014,48439,Tarrant
76015,48439,Tarrant
76016,48439,Tarrant
76017,48439,Tarrant
76018,48439,Tarrant
76019,48439,Tarrant
76020,48367,Parker
76021,48439,Tarrant
76022,48439,Tarrant
76023,48497,Wise
76028,48251,Johnson
76031,48251,Johnson
76033,48251,Johnson
76034,48439,Tarrant
76035,48367,Parker
76036,48439,Tarrant
76039,48439,Tarrant
76040,48439,Tarrant
76041,48139,Ellis
76043,48425,Somervell
76044,48251,Johnson
76048,48221,Hood
76049,48221,Hood
76050,48251,Johnson
76051,48439,Tarrant
76052,48439,Tarrant
76053,48439,Tarrant
76054,48439,Tarrant
76055,48217,Hill
76058,48251,Johnson
76059,48251,Johnson
76060,48439,Tarrant
76061,48251,Johnson
76063,48439,Tarrant
76064,48139,Ellis
76065,48139,Ellis
76066,48367,Parker
76067,48363,Palo Pinto
76068,48363,Palo Pinto
76070,48425,Somervell
76071,48497,Wise
76073,48497,Wise
76077,48425,Somervell
76078,48497,Wise
76082,48367,Parker
76084,48251,Johnson
76085,48367,Parker
76086,48367,Parker
76087,48367,Parker
76088,48367,Parker
76092,48439,Tarrant
76093,48251,Johnson
76094,48439,Tarrant
76095,48439,Tarrant
76096,48439,Tarrant
76097,48251,Johnson
76098,48367,Parker
76099,48439,Tarrant
76101,48439,Tarrant
76102,48439,Tarrant
76103,48439,Tarrant
76104,48439,Tarrant
76105,48439,Tarrant
76106,48439,Tarrant
76107,48439,Tarrant
76108,48439,Tarrant
76109,48439,Tarrant
76110,48439,Tarrant
76111,48439,Tarrant
76112,48439,Tarrant
76113,48439,Tarrant
76114,48439,Tarrant
76115,48439,Tarrant
76116,48439,Tarrant
76117,48439,Tarrant
76118,48439,Tarrant
76119,48439,Tarrant
76120,48439,Tarrant
76121,48439,Tarrant
76122,48439,Tarrant
76123,48439,Tarrant
76124,48439,Tarrant
76126,48439,Tarrant
76127,48439,Tarrant
76129,48439,Tarrant
76130,48439,Tarrant
76131,48439,Tarrant
76132,48439,Tarrant
76133,48439,Tarrant
76134,48439,Tarrant
76135,48439,Tarrant
76136,48439,Tarrant
76137,48439,Tarrant
76140,48439,Tarrant
76147,48439,Tarrant
76148,48439,Tarrant
76150,48439,Tarrant
76155,48439,Tarrant
76161,48439,Tarrant
76162,48439,Tarrant
76163,48439,Tarrant
76164,48439,Tarrant
76166,48439,Tarrant
76177,48439,Tarrant
76179,48439,Tarrant
76180,48439,Tarrant
76181,48439,Tarrant
76182,48439,Tarrant
76185,48439,Tarrant
76190,48439,Tarrant
76191,48439,Tarrant
76192,48439,Tarrant
76193,48439,Tarrant
76195,48439,Tarrant
76196,48439,Tarrant
76197,48439,Tarrant
76198,48439,Tarrant
76199,48439,Tarrant
76201,48121,Denton
76202,48121,Denton
76203,48121,Denton
76204,48121,Denton
76205,48121,Denton
76206,48121,Denton
76207,48121,Denton
76208,48121,Denton
76209,48121,Denton
76210,48121,Denton
76225,48497,Wise
76226,48121,Denton
76227,48121,Denton
76228,48077,Clay
76230,48337,Montague
76233,48181,Grayson
76234,48497,Wise
76238,48097,Cooke
76239,48337,Montague
76240,48097,Cooke
76241,48097,Cooke
76244,48439,Tarrant
76245,48181,Grayson
76246,48497,Wise
76247,48121,Denton
76248,48439,Tarrant
76249,48121,Denton
76250,48097,Cooke
76251,48337,Montague
76252,48097,Cooke
76253,48097,Cooke
76255,48337,Montague
76258,48121,Denton
76259,48121,Denton
76261,48337,Montague
76262,48121,Denton
76263,48097,Cooke
76264,48181,Grayson
76265,48337,Montague
76266,48121,Denton
76267,48497,Wise
76268,48181,Grayson
76270,48337,Montague
76271,48181,Grayson
76272,48097,Cooke
76273,48181,Grayson
76301,48485,Wichita
76302,48485,Wichita
76305,48077,Clay
76306,48485,Wichita
76307,48485,Wichita
76308,48485,Wichita
76309,48485,Wichita
76310,48009,Archer
76311,48485,Wichita
76351,48009,Archer
76352,48077,Clay
76354,48485,Wichita
76357,48077,Clay
76360,48485,Wichita
76363,48275,Knox
76364,48487,Wilbarger
76365,48077,Clay
76366,48009,Archer
76367,48485,Wichita
76369,48485,Wichita
76370,48009,Archer
76371,48275,Knox
76372,48447,Throckmorton
76373,48487,Wilbarger
76374,48503,Young
76377,48077,Clay
76379,48009,Archer
76380,48023,Baylor
76384,48487,Wilbarger
76385,48487,Wilbarger
76388,48207,Haskell
76389,48009,Archer
76401,48143,Erath
76402,48143,Erath
76424,48429,Stephens
76426,48497,Wise
76427,48237,Jack
76429,48429,Stephens
76430,48417,Shackelford
76431,48497,Wise
76432,48049,Brown
76433,48143,Erath
76435,48133,Eastland
76436,48093,Comanche
76437,48133,Eastland
76439,48367,Parker
76442,48093,Comanche
76443,48059,Callahan
76444,48093,Comanche
76445,48133,Eastland
76446,48143,Erath
76448,48133,Eastland
76449,48363,Palo Pinto
76450,48503,Young
76452,48093,Comanche
76453,48363,Palo Pinto
76454,48133,Eastland
76455,48093,Comanche
76457,48193,Hamilton
76458,48237,Jack
76459,48237,Jack
76460,48503,Young
76461,48143,Erath
76462,48221,Hood
76463,48143,Erath
76464,48417,Shackelford
76465,48143,Erath
76466,48133,Eastland
76467,48221,Hood
76468,48093,Comanche
76469,48059,Callahan
76470,48133,Eastland
76471,48133,Eastland
76472,48363,Palo Pinto
76474,48093,Comanche
76475,48363,Palo Pinto
76476,48221,Hood
76481,48503,Young
76483,48447,Throckmorton
76484,48363,Palo Pinto
76485,48367,Parker
76486,48237,Jack
76487,48367,Parker
76490,48367,Parker
76491,48447,Throckmorton
76501,48027,Bell
76502,48027,Bell
76503,48027,Bell
76504,48027,Bell
76508,48027,Bell
76511,48027,Bell
76513,48027,Bell
76518,48331,Milam
76519,48331,Milam
76520,48331,Milam
76522,48099,Coryell
76523,48331,Milam
76524,48145,Falls
76525,48193,Hamilton
76526,48099,Coryell
76527,48491,Williamson
76528,48099,Coryell
76530,48491,Williamson
76531,48193,Hamilton
76533,48027,Bell
76534,48027,Bell
76537,48491,Williamson
76538,48193,Hamilton
76539,48281,Lampasas
76540,48027,Bell
76541,48027,Bell
76542,48027,Bell
76543,48027,Bell
76544,48099,Coryell
76547,48027,Bell
76548,48027,Bell
76549,48027,Bell
76550,48281,Lampasas
76554,48027,Bell
76556,48331,Milam
76557,48027,Bell
76558,48099,Coryell
76559,48027,Bell
76561,48099,Coryell
76564,48027,Bell
76565,48193,Hamilton
76566,48099,Coryell
76567,48331,Milam
76569,48027,Bell
76570,48145,Falls
76571,48027,Bell
76573,48491,Williamson
76574,48491,Williamson
76577,48331,Milam
76578,48491,Williamson
76579,48027,Bell
76596,48099,Coryell
76597,48099,Coryell
76598,48099,Coryell
76599,48099,Coryell
76621,48217,Hill
76622,48217,Hill
76623,48139,Ellis
76624,48309,McLennan
76626,48349,Navarro
76627,48217,Hill
76628,48217,Hill
76629,48395,Robertson
76630,48309,McLennan
76631,48217,Hill
76632,48145,Falls
76633,48309,McLennan
76634,48035,Bosque
76635,48293,Limestone
76636,48217,Hill
76637,48035,Bosque
76638,48309,McLennan
76639,48349,Navarro
76640,48309,McLennan
76641,48349,Navarro
76642,48293,Limestone
76643,48309,McLennan
76644,48035,Bosque
76645,48217,Hill
76648,48217,Hill
76649,48035,Bosque
76650,48217,Hill
76651,48139,Ellis
76652,48035,Bosque
76653,48293,Limestone
76654,48309,McLennan
76655,48309,McLennan
76656,48145,Falls
76657,48309,McLennan
76660,48217,Hill
76661,48145,Falls
76664,48293,Limestone
76665,48035,Bosque
76666,48217,Hill
76667,48293,Limestone
76670,48139,Ellis
76671,48035,Bosque
76673,48217,Hill
76676,48217,Hill
76678,48293,Limestone
76679,48349,Navarro
76680,48145,Falls
76681,48349,Navarro
76682,48145,Falls
76684,48309,McLennan
76685,48145,Falls
76686,48293,Limestone
76687,48293,Limestone
76689,48035,Bosque
76690,48035,Bosque
76691,48309,McLennan
76692,48217,Hill
76693,48161,Freestone
76701,48309,McLennan
76702,48309,McLennan
76703,48309,McLennan
76704,48309,McLennan
76705,48309,McLennan
76706,48309,McLennan
76707,48309,McLennan
76708,48309,McLennan
76710,48309,McLennan
76711,48309,McLennan
76712,48309,McLennan
76714,48309,McLennan
76715,48309,McLennan
76716,48309,McLennan
76797,48309,McLennan
76798,48309,McLennan
76799,48309,McLennan
76801,48049,Brown
76802,48049,Brown
76803,48049,Brown
76804,48049,Brown
76820,48319,Mason
76821,48399,Runnels
76823,48049,Brown
76824,48411,San Saba
76825,48307,McCulloch
76827,48049,Brown
76828,48083,Coleman
76831,48299,Llano
76832,48411,San Saba
76834,48083,Coleman
76836,48307,McCulloch
76837,48095,Concho
76841,48413,Schleicher
76842,48319,Mason
76844,48333,Mills
76845,48083,Coleman
76848,48327,Menard
76849,48267,Kimble
76852,48307,McCulloch
76853,48281,Lampasas
76854,48267,Kimble
76855,48095,Concho
76856,48319,Mason
76857,48049,Brown
76858,48095,Concho
76859,48327,Menard
76861,48451,Tom Green
76862,48095,Concho
76864,48333,Mills
76865,48399,Runnels
76866,48095,Concho
76869,48411,San Saba
76870,48333,Mills
76871,48411,San Saba
76872,48307,McCulloch
76873,48083,Coleman
76874,48267,Kimble
76875,48399,Runnels
76877,48411,San Saba
76878,48083,Coleman
76880,48333,Mills
76882,48399,Runnels
76883,48137,Edwards
76884,48083,Coleman
76885,48299,Llano
76886,48451,Tom Green
76887,48307,McCulloch
76888,48083,Coleman
76890,48049,Brown
76901,48451,Tom Green
76902,48451,Tom Green
76903,48451,Tom Green
76904,48451,Tom Green
76905,48451,Tom Green
76906,48451,Tom Green
76908,48451,Tom Green
76909,48451,Tom Green
76930,48235,Irion
76932,48383,Reagan
76933,48081,Coke
76934,48451,Tom Green
76935,48413,Schleicher
76936,48413,Schleicher
76937,48451,Tom Green
76939,48451,Tom Green
76940,48451,Tom Green
76941,48235,Irion
76943,48105,Crockett
76945,48081,Coke
76949,48081,Coke
76950,48435,Sutton
76951,48431,Sterling
76953,48081,Coke
76955,48451,Tom Green
76957,48451,Tom Green
76958,48451,Tom Green
77001,48201,Harris
77002,48201,Harris
77003,48201,Harris
77004,48201,Harris
77005,48201,Harris
77006,48201,Harris
77007,48201,Harris
77008,48201,Harris
77009,48201,Harris
77010,48201,Harris
77011,48201,Harris
77012,48201,Harris
77013,48201,Harris
77014,48201,Harris
77015,48201,Harris
77016,48201,Harris
77017,48201,Harris
77018,48201,Harris
77019,48201,Harris
77020,48201,Harris
77021,48201,Harris
77022,48201,Harris
77023,48201,Harris
77024,48201,Harris
77025,48201,Harris
77026,48201,Harris
77027,48201,Harris
77028,48201,Harris
77029,48201,Harris
77030,48201,Harris
77031,48201,Harris
77032,48201,Harris
77033,48201,Harris
77034,48201,Harris
77035,48201,Harris
77036,48201,Harris
77037,48201,Harris
77038,48201,Harris
77039,48201,Harris
77040,48201,Harris
77041,48201,Harris
77042,48201,Harris
77043,48201,Harris
77044,48201,Harris
77045,48201,Harris
77046,48201,Harris
77047,48201,Harris
77048,48201,Harris
77049,48201,Harris
77050,48201,Harris
77051,48201,Harris
77052,48201,Harris
77053,48157,Fort Bend
77054,48201,Harris
77055,48201,Harris
77056,48201,Harris
77057,48201,Harris
77058,48201,Harris
77059,48201,Harris
77060,48201,Harris
77061,48201,Harris
77062,48201,Harris
77063,48201,Harris
77064,48201,Harris
77065,48201,Harris
77066,48201,Harris
77067,48201,Harris
77068,48201,Harris
77069,48201,Harris
77070,48201,Harris
77071,48201,Harris
77072,48201,Harris
77073,48201,Harris
77074,48201,Harris
77075,48201,Harris
77076,48201,Harris
77077,48201,Harris
77078,48201,Harris
77079,48201,Harris
77080,48201,Harris
77081,48201,Harris
77082,48201,Harris
77083,48201,Harris
77084,48201,Harris
77085,48201,Harris
77086,48201,Harris
77087,48201,Harris
77088,48201,Harris
77089,48201,Harris
77090,48201,Harris
77091,48201,Harris
77092,48201,Harris
77093,48201,Harris
77094,48201,Harris
77095,48201,Harris
77096,48201,Harris
77098,48201,Harris
77099,48201,Harris
77201,48201,Harris
77202,48201,Harris
77203,48201,Harris
77204,48201,Harris
77205,48201,Harris
77206,48201,Harris
77207,48201,Harris
77208,48201,Harris
77209,48201,Harris
77210,48201,Harris
77212,48201,Harris
77213,48201,Harris
77215,48201,Harris
77216,48201,Harris
77217,48201,Harris
77218,48201,Harris
77219,48201,Harris
77220,48201,Harris
77221,48201,Harris
77222,48201,Harris
77223,48201,Harris
77224,48201,Harris
77225,48201,Harris
77226,48201,Harris
77227,48201,Harris
77228,48201,Harris
77229,48201,Harris
77230,48201,Harris
77231,48201,Harris
77233,48201,Harris
77234,48201,Harris
77235,48201,Harris
77236,48201,Harris
77237,48201,Harris
77238,48201,Harris
77240,48201,Harris
77241,48201,Harris
77242,48201,Harris
77243,48201,Harris
77244,48201,Harris
77245,48201,Harris
77248,48201,Harris
77249,48201,Harris
77251,48201,Harris
77252,48201,Harris
77253,48201,Harris
77254,48201,Harris
77255,48201,Harris
77256,48201,Harris
77257,48201,Harris
77258,48201,Harris
77259,48201,Harris
77261,48201,Harris
77262,48201,Harris
77263,48201,Harris
77265,48201,Harris
77266,48201,Harris
77267,48201,Harris
77268,48201,Harris
77269,48201,Harris
77270,48201,Harris
77271,48201,Harris
77272,48201,Harris
77273,48201,Harris
77274,48201,Harris
77275,48201,Harris
77277,48201,Harris
77279,48201,Harris
77280,48201,Harris
77282,48201,Harris
77284,48201,Harris
77287,48201,Harris
77288,48201,Harris
77289,48201,Harris
77290,48201,Harris
77291,48201,Harris
77292,48201,Harris
77293,48201,Harris
77297,48201,Harris
77299,48201,Harris
77301,48339,Montgomery
77302,48339,Montgomery
77303,48339,Montgomery
77304,48339,Montgomery
77305,48339,Montgomery
77306,48339,Montgomery
77315,48201,Harris
77316,48339,Montgomery
77318,48339,Montgomery
77320,48471,Walker
77325,48201,Harris
77326,48373,Polk
77327,48291,Liberty
77328,48407,San Jacinto
77331,48407,San Jacinto
77332,48373,Polk
77333,48339,Montgomery
77334,48471,Walker
77335,48373,Polk
77336,48201,Harris
77337,48201,Harris
77338,48201,Harris
77339,48201,Harris
77340,48471,Walker
77341,48471,Walker
77342,48471,Walker
77343,48471,Walker
77344,48471,Walker
77345,48201,Harris
77346,48201,Harris
77347,48201,Harris
77348,48471,Walker
77349,48471,Walker
77350,48373,Polk
77351,48373,Polk
77353,48339,Montgomery
77354,48339,Montgomery
77355,48339,Montgomery
77356,48339,Montgomery
77357,48339,Montgomery
77358,48471,Walker
77359,48407,San Jacinto
77360,48373,Polk
77362,48339,Montgomery
77363,48185,Grimes
77364,48407,San Jacinto
77365,48339,Montgomery
77367,48471,Walker
77368,48291,Liberty
77369,48291,Liberty
77371,48407,San Jacinto
77372,48339,Montgomery
77373,48201,Harris
77374,48199,Hardin
77375,48201,Harris
77376,48199,Hardin
77377,48201,Harris
77378,48339,Montgomery
77379,48201,Harris
77380,48339,Montgomery
77381,48339,Montgomery
77382,48339,Montgomery
77383,48201,Harris
77384,48339,Montgomery
77385,48339,Montgomery
77386,48339,Montgomery
77387,48339,Montgomery
77388,48201,Harris
77389,48201,Harris
77391,48201,Harris
77393,48339,Montgomery
77396,48201,Harris
77399,48373,Polk
77401,48201,Harris
77402,48201,Harris
77404,48321,Matagorda
77406,48157,Fort Bend
77407,48157,Fort Bend
77410,48201,Harris
77411,48201,Harris
77412,48089,Colorado
77413,48201,Harris
77414,48321,Matagorda
77415,48321,Matagorda
77417,48157,Fort Bend
77418,48015,Austin
77419,48321,Matagorda
77420,48481,Wharton
77422,48039,Brazoria
77423,48473,Waller
77426,48477,Washington
77428,48321,Matagorda
77429,48201,Harris
77430,48039,Brazoria
77431,48039,Brazoria
77432,48481,Wharton
77433,48201,Harris
77434,48089,Colorado
77435,48481,Wharton
77436,48481,Wharton
77437,48481,Wharton
77440,48321,Matagorda
77441,48157,Fort Bend
77442,48089,Colorado
77443,48481,Wharton
77444,48157,Fort Bend
77445,48473,Waller
77446,48473,Waller
77447,48201,Harris
77448,48481,Wharton
77449,48201,Harris
77450,48201,Harris
77451,48157,Fort Bend
77452,48015,Austin
77453,48481,Wharton
77454,48481,Wharton
77455,48481,Wharton
77456,48321,Matagorda
77457,48321,Matagorda
77458,48321,Matagorda
77459,48157,Fort Bend
77460,48089,Colorado
77461,48157,Fort Bend
77463,48039,Brazoria
77464,48157,Fort Bend
77465,48321,Matagorda
77466,48473,Waller
77467,48481,Wharton
77468,48321,Matagorda
77469,48157,Fort Bend
77470,48089,Colorado
77471,48157,Fort Bend
77473,48015,Austin
77474,48015,Austin
77475,48089,Colorado
77476,48157,Fort Bend
77477,48157,Fort Bend
77478,48157,Fort Bend
77479,48157,Fort Bend
77480,48039,Brazoria
77481,48157,Fort Bend
77482,48321,Matagorda
77483,48321,Matagorda
77484,48473,Waller
77485,48015,Austin
77486,48039,Brazoria
77487,48157,Fort Bend
77488,48481,Wharton
77489,48157,Fort Bend
77491,48201,Harris
77492,48201,Harris
77493,48201,Harris
77494,48157,Fort Bend
77496,48157,Fort Bend
77497,48157,Fort Bend
77498,48157,Fort Bend
77501,48201,Harris
77502,48201,Harris
77503,48201,Harris
77504,48201,Harris
77505,48201,Harris
77506,48201,Harris
77507,48201,Harris
77508,48201,Harris
77510,48167,Galveston
77511,48039,Brazoria
77512,48039,Brazoria
77514,48071,Chambers
77515,48039,Brazoria
77516,48039,Brazoria
77517,48167,Galveston
77518,48167,Galveston
77519,48199,Hardin
77520,48201,Harris
77521,48201,Harris
77522,48201,Harris
77523,48071,Chambers
77530,48201,Harris
77531,48039,Brazoria
77532,48201,Harris
77533,48291,Liberty
77534,48039,Brazoria
77535,48291,Liberty
77536,48201,Harris
77538,48291,Liberty
77539,48167,Galveston
77541,48039,Brazoria
77542,48039,Brazoria
77545,48157,Fort Bend
77546,48167,Galveston
77547,48201,Harris
77549,48167,Galveston
77550,48167,Galveston
77551,48167,Galveston
77552,48167,Galveston
77553,48167,Galveston
77554,48167,Galveston
77555,48167,Galveston
77560,48071,Chambers
77561,48291,Liberty
77562,48201,Harris
77563,48167,Galveston
77564,48291,Liberty
77565,48167,Galveston
77566,48039,Brazoria
77568,48167,Galveston
77571,48201,Harris
77572,48201,Harris
77573,48167,Galveston
77574,48167,Galveston
77575,48291,Liberty
77577,48039,Brazoria
77578,48039,Brazoria
77580,48071,Chambers
77581,48039,Brazoria
77582,48291,Liberty
77583,48039,Brazoria
77584,48039,Brazoria
77585,48199,Hardin
77586,48201,Harris
77587,48201,Harris
77588,48039,Brazoria
77590,48167,Galveston
77591,48167,Galveston
77592,48167,Galveston
77597,48071,Chambers
77598,48201,Harris
77611,48361,Orange
77612,48241,Jasper
77613,48245,Jefferson
77614,48351,Newton
77615,48241,Jasper
77616,48457,Tyler
77617,48167,Galveston
77619,48245,Jefferson
77622,48245,Jefferson
77623,48167,Galveston
77624,48457,Tyler
77625,48199,Hardin
77626,48361,Orange
77627,48245,Jefferson
77629,48245,Jefferson
77630,48361,Orange
77631,48361,Orange
77632,48361,Orange
77639,48361,Orange
77640,48245,Jefferson
77641,48245,Jefferson
77642,48245,Jefferson
77643,48245,Jefferson
77650,48167,Galveston
77651,48245,Jefferson
77655,48245,Jefferson
77656,48199,Hardin
77657,48199,Hardin
77659,48199,Hardin
77660,48457,Tyler
77661,48071,Chambers
77662,48361,Orange
77663,48199,Hardin
77664,48457,Tyler
77665,48071,Chambers
77670,48361,Orange
77701,48245,Jefferson
77702,48245,Jefferson
77703,48245,Jefferson
77704,48245,Jefferson
77705,48245,Jefferson
77706,48245,Jefferson
77707,48245,Jefferson
77708,48245,Jefferson
77710,48245,Jefferson
77713,48245,Jefferson
77720,48245,Jefferson
77725,48245,Jefferson
77726,48245,Jefferson
77801,48041,Brazos
77802,48041,Brazos
77803,48041,Brazos
77805,48041,Brazos
77806,48041,Brazos
77807,48041,Brazos
77808,48041,Brazos
77830,48185,Grimes
77831,48185,Grimes
77833,48477,Washington
77834,48477,Washington
77835,48477,Washington
77836,48051,Burleson
77837,48395,Robertson
77838,48051,Burleson
77840,48041,Brazos
77841,48041,Brazos
77842,48041,Brazos
77843,48041,Brazos
77844,48041,Brazos
77845,48041,Brazos
77850,48289,Leon
77852,48051,Burleson
77853,48287,Lee
77855,48289,Leon
77856,48395,Robertson
77857,48331,Milam
77859,48395,Robertson
77861,48185,Grimes
77862,48041,Brazos
77863,48051,Burleson
77864,48313,Madison
77865,48289,Leon
77866,48041,Brazos
77867,48395,Robertson
77868,48185,Grimes
77870,48395,Robertson
77871,48289,Leon
77872,48313,Madison
77873,48339,Montgomery
77875,48185,Grimes
77876,48185,Grimes
77878,48051,Burleson
77879,48051,Burleson
77880,48477,Washington
77881,48041,Brazos
77882,48395,Robertson
77901,48469,Victoria
77902,48469,Victoria
77903,48469,Victoria
77904,48469,Victoria
77905,48469,Victoria
77950,48007,Aransas
77951,48469,Victoria
77954,48123,DeWitt
77957,48239,Jackson
77960,48175,Goliad
77961,48239,Jackson
77962,48239,Jackson
77963,48175,Goliad
77964,48285,Lavaca
77967,48123,DeWitt
77968,48469,Victoria
77969,48239,Jackson
77970,48239,Jackson
77971,48239,Jackson
77973,48469,Victoria
77974,48123,DeWitt
77975,48285,Lavaca
77976,48469,Victoria
77977,48469,Victoria
77978,48057,Calhoun
77979,48057,Calhoun
77982,48057,Calhoun
77983,48057,Calhoun
77984,48285,Lavaca
77986,48285,Lavaca
77987,48285,Lavaca
77988,48469,Victoria
77989,48123,DeWitt
77990,48391,Refugio
77991,48239,Jackson
77993,48175,Goliad
77994,48123,DeWitt
77995,48123,DeWitt
78001,48283,La Salle
78002,48029,Bexar
78003,48019,Bandera
78004,48259,Kendall
78005,48163,Frio
78006,48259,Kendall
78007,48311,McMullen
78008,48013,Atascosa
78009,48325,Medina
78010,48265,Kerr
78011,48013,Atascosa
78012,48013,Atascosa
78013,48259,Kendall
78014,48283,La Salle
78015,48259,Kendall
78016,48325,Medina
78017,48163,Frio
78019,48479,Webb
78021,48283,La Salle
78022,48297,Live Oak
78023,48029,Bexar
78024,48265,Kerr
78025,48265,Kerr
78026,48013,Atascosa
78027,48259,Kendall
78028,48265,Kerr
78029,48265,Kerr
78039,48325,Medina
78040,48479,Webb
78041,48479,Webb
78042,48479,Webb
78043,48479,Webb
78044,48479,Webb
78045,48479,Webb
78046,48479,Webb
78050,48013,Atascosa
78052,48013,Atascosa
78054,48029,Bexar
78055,48019,Bandera
78056,48325,Medina
78057,48163,Frio
78058,48265,Kerr
78059,48325,Medina
78060,48297,Live Oak
78061,48163,Frio
78062,48013,Atascosa
78063,48019,Bandera
78064,48013,Atascosa
78065,48013,Atascosa
78066,48325,Medina
78067,48505,Zapata
78069,48013,Atascosa
78070,48091,Comal
78071,48297,Live Oak
78072,48311,McMullen
78073,48029,Bexar
78074,48259,Kendall
78075,48297,Live Oak
78076,48505,Zapata
78101,48029,Bexar
78102,48025,Bee
78104,48025,Bee
78107,48175,Goliad
78108,48187,Guadalupe
78109,48029,Bexar
78111,48255,Karnes
78112,48029,Bexar
78113,48493,Wilson
78114,48493,Wilson
78115,48187,Guadalupe
78116,48255,Karnes
78117,48255,Karnes
78118,48255,Karnes
78119,48255,Karnes
78121,48493,Wilson
78122,48177,Gonzales
78123,48187,Guadalupe
78124,48187,Guadalupe
78125,48025,Bee
78130,48187,Guadalupe
78131,48091,Comal
78132,48091,Comal
78133,48091,Comal
78135,48091,Comal
78140,48177,Gonzales
78141,48123,DeWitt
78142,48025,Bee
78143,48493,Wilson
78144,48255,Karnes
78145,48025,Bee
78146,48025,Bee
78147,48493,Wilson
78148,48029,Bexar
78150,48029,Bexar
78151,48255,Karnes
78152,48029,Bexar
78154,48029,Bexar
78155,48187,Guadalupe
78156,48187,Guadalupe
78159,48177,Gonzales
78160,48493,Wilson
78161,48493,Wilson
78162,48025,Bee
78163,48091,Comal
78164,48123,DeWitt
78201,48029,Bexar
78202,48029,Bexar
78203,48029,Bexar
78204,48029,Bexar
78205,48029,Bexar
78206,48029,Bexar
78207,48029,Bexar
78208,48029,Bexar
78209,48029,Bexar
78210,48029,Bexar
78211,48029,Bexar
78212,48029,Bexar
78213,48029,Bexar
78214,48029,Bexar
78215,48029,Bexar
78216,48029,Bexar
78217,48029,Bexar
78218,48029,Bexar
78219,48029,Bexar
78220,48029,Bexar
78221,48029,Bexar
78222,48029,Bexar
78223,48029,Bexar
78224,48029,Bexar
78225,48029,Bexar
78226,48029,Bexar
78227,48029,Bexar
78228,48029,Bexar
78229,48029,Bexar
78230,48029,Bexar
78231,48029,Bexar
78232,48029,Bexar
78233,48029,Bexar
78234,48029,Bexar
78235,48029,Bexar
78236,48029,Bexar
78237,48029,Bexar
78238,48029,Bexar
78239,48029,Bexar
78240,48029,Bexar
78241,48029,Bexar
78242,48029,Bexar
78243,48029,Bexar
78244,48029,Bexar
78245,48029,Bexar
78246,48029,Bexar
78247,48029,Bexar
78248,48029,Bexar
78249,48029,Bexar
78250,48029,Bexar
78251,48029,Bexar
78252,48029,Bexar
78253,48029,Bexar
78254,48029,Bexar
78255,48029,Bexar
78256,48029,Bexar
78257,48029,Bexar
78258,48029,Bexar
78259,48029,Bexar
78260,48029,Bexar
78261,48029,Bexar
78263,48029,Bexar
78264,48029,Bexar
78265,48029,Bexar
78266,48091,Comal
78268,48029,Bexar
78269,48029,Bexar
78270,48029,Bexar
78278,48029,Bexar
78279,48029,Bexar
78280,48029,Bexar
78283,48029,Bexar
78284,48029,Bexar
78285,48029,Bexar
78288,48029,Bexar
78289,48029,Bexar
78291,48029,Bexar
78292,48029,Bexar
78293,48029,Bexar
78294,48029,Bexar
78295,48029,Bexar
78296,48029,Bexar
78297,48029,Bexar
78298,48029,Bexar
78299,48029,Bexar
78330,48355,Nueces
78332,48249,Jim Wells
78333,48249,Jim Wells
78335,48409,San Patricio
78336,48409,San Patricio
78338,48261,Kenedy
78339,48355,Nueces
78340,48391,Refugio
78341,48131,Duval
78342,48249,Jim Wells
78343,48355,Nueces
78344,48479,Webb
78347,48355,Nueces
78349,48131,Duval
78350,48297,Live Oak
78351,48355,Nueces
78352,48409,San Patricio
78353,48047,Brooks
78355,48047,Brooks
78357,48131,Duval
78358,48007,Aransas
78359,48409,San Patricio
78360,48247,Jim Hogg
78361,48247,Jim Hogg
78362,48409,San Patricio
78363,48273,Kleberg
78364,48273,Kleberg
78368,48409,San Patricio
78369,48479,Webb
78370,48409,San Patricio
78371,48479,Webb
78372,48249,Jim Wells
78373,48355,Nueces
78374,48409,San Patricio
78375,48249,Jim Wells
78376,48131,Duval
78377,48391,Refugio
78379,48273,Kleberg
78380,48355,Nueces
78381,48007,Aransas
78382,48007,Aransas
78383,48297,Live Oak
78384,48131,Duval
78385,48261,Kenedy
78387,48409,San Patricio
78389,48025,Bee
78390,48409,San Patricio
78391,48025,Bee
78393,48391,Refugio
78401,48355,Nueces
78402,48355,Nueces
78403,48355,Nueces
78404,48355,Nueces
78405,48355,Nueces
78406,48355,Nueces
78407,48355,Nueces
78408,48355,Nueces
78409,48355,Nueces
78410,48355,Nueces
78411,48355,Nueces
78412,48355,Nueces
78413,48355,Nueces
78414,48355,Nueces
78415,48355,Nueces
78416,48355,Nueces
78417,48355,Nueces
78418,48273,Kleberg
78419,48355,Nueces
78426,48355,Nueces
78427,48355,Nueces
78460,48355,Nueces
78463,48355,Nueces
78465,48355,Nueces
78466,48355,Nueces
78467,48355,Nueces
78468,48355,Nueces
78469,48355,Nueces
78472,48355,Nueces
78480,48355,Nueces
78501,48215,Hidalgo
78502,48215,Hidalgo
78503,48215,Hidalgo
78504,48215,Hidalgo
78505,48215,Hidalgo
78516,48215,Hidalgo
78520,48061,Cameron
78521,48061,Cameron
78522,48061,Cameron
78523,48061,Cameron
78526,48061,Cameron
78535,48061,Cameron
78536,48427,Starr
78537,48215,Hidalgo
78538,48215,Hidalgo
78539,48215,Hidalgo
78540,48215,Hidalgo
78541,48215,Hidalgo
78542,48215,Hidalgo
78543,48215,Hidalgo
78545,48427,Starr
78547,48427,Starr
78548,48427,Starr
78549,48215,Hidalgo
78550,48061,Cameron
78551,48061,Cameron
78552,48061,Cameron
78553,48061,Cameron
78557,48215,Hidalgo
78558,48215,Hidalgo
78559,48061,Cameron
78560,48215,Hidalgo
78561,48489,Willacy
78562,48215,Hidalgo
78563,48215,Hidalgo
78564,48505,Zapata
78565,48215,Hidalgo
78566,48061,Cameron
78567,48061,Cameron
78568,48061,Cameron
78569,48489,Willacy
78570,48215,Hidalgo
78572,48215,Hidalgo
78573,48215,Hidalgo
78574,48215,Hidalgo
78575,48061,Cameron
78576,48215,Hidalgo
78577,48215,Hidalgo
78578,48061,Cameron
78579,48215,Hidalgo
78580,48489,Willacy
78582,48427,Starr
78583,48061,Cameron
78584,48427,Starr
78585,48427,Starr
78586,48061,Cameron
78588,48427,Starr
78589,48215,Hidalgo
78590,48489,Willacy
78591,48427,Starr
78592,48061,Cameron
78593,48061,Cameron
78594,48489,Willacy
78595,48215,Hidalgo
78596,48215,Hidalgo
78597,48061,Cameron
78598,48489,Willacy
78599,48215,Hidalgo
78602,48021,Bastrop
78604,48177,Gonzales
78605,48053,Burnet
78606,48031,Blanco
78607,48299,Llano
78608,48053,Burnet
78609,48299,Llano
78610,48209,Hays
78611,48053,Burnet
78612,48021,Bastrop
78613,48491,Williamson
78614,48177,Gonzales
78615,48491,Williamson
78616,48055,Caldwell
78617,48453,Travis
78618,48171,Gillespie
78619,48209,Hays
78620,48209,Hays
78621,48021,Bastrop
78622,48055,Caldwell
78623,48091,Comal
78624,48171,Gillespie
78626,48491,Williamson
78627,48491,Williamson
78628,48491,Williamson
78629,48177,Gonzales
78630,48491,Williamson
78631,48267,Kimble
78632,48177,Gonzales
78633,48491,Williamson
78634,48491,Williamson
78635,48031,Blanco
78636,48031,Blanco
78638,48187,Guadalupe
78639,48299,Llano
78640,48209,Hays
78641,48453,Travis
78642,48491,Williamson
78643,48299,Llano
78644,48055,Caldwell
78645,48453,Travis
78646,48491,Williamson
78648,48055,Caldwell
78650,48021,Bastrop
78651,48453,Travis
78652,48453,Travis
78653,48453,Travis
78654,48053,Burnet
78655,48055,Caldwell
78656,48055,Caldwell
78657,48299,Llano
78658,48177,Gonzales
78659,48021,Bastrop
78660,48453,Travis
78661,48055,Caldwell
78662,48021,Bastrop
78663,48031,Blanco
78664,48491,Williamson
78665,48491,Williamson
78666,48209,Hays
78667,48209,Hays
78669,48453,Travis
78670,48187,Guadalupe
78671,48171,Gillespie
78672,48299,Llano
78673,48491,Williamson
78674,48491,Williamson
78675,48171,Gillespie
78676,48209,Hays
78677,48177,Gonzales
78680,48491,Williamson
78681,48491,Williamson
78682,48491,Williamson
78683,48491,Williamson
78691,48453,Travis
78701,48453,Travis
78702,48453,Travis
78703,48453,Travis
78704,48453,Travis
78705,48453,Travis
78708,48453,Travis
78709,48453,Travis
78710,48453,Travis
78711,48453,Travis
78712,48453,Travis
78713,48453,Travis
78714,48453,Travis
78715,48453,Travis
78716,48453,Travis
78717,48491,Williamson
78718,48453,Travis
78719,48453,Travis
78720,48453,Travis
78721,48453,Travis
78722,48453,Travis
78723,48453,Travis
78724,48453,Travis
78725,48453,Travis
78726,48453,Travis
78727,48453,Travis
78728,48453,Travis
78729,48491,Williamson
78730,48453,Travis
78731,48453,Travis
78732,48453,Travis
78733,48453,Travis
78734,48453,Travis
78735,48453,Travis
78736,48453,Travis
78737,48209,Hays
78738,48453,Travis
78739,48453,Travis
78741,48453,Travis
78742,48453,Travis
78744,48453,Travis
78745,48453,Travis
78746,48453,Travis
78747,48453,Travis
78748,48453,Travis
78749,48453,Travis
78750,48453,Travis
78751,48453,Travis
78752,48453,Travis
78753,48453,Travis
78754,48453,Travis
78755,48453,Travis
78756,48453,Travis
78757,48453,Travis
78758,48453,Travis
78759,48453,Travis
78760,48453,Travis
78761,48453,Travis
78762,48453,Travis
78763,48453,Travis
78764,48453,Travis
78765,48453,Travis
78766,48453,Travis
78767,48453,Travis
78768,48453,Travis
78769,48453,Travis
78772,48453,Travis
78773,48453,Travis
78774,48453,Travis
78778,48453,Travis
78779,48453,Travis
78783,48453,Travis
78799,48453,Travis
78801,48463,Uvalde
78802,48463,Uvalde
78827,48127,Dimmit
78828,48385,Real
78829,48507,Zavala
78830,48127,Dimmit
78832,48271,Kinney
78833,48385,Real
78834,48127,Dimmit
78836,48127,Dimmit
78837,48465,Val Verde
78838,48463,Uvalde
78839,48507,Zavala
78840,48465,Val Verde
78841,48465,Val Verde
78842,48465,Val Verde
78843,48465,Val Verde
78847,48465,Val Verde
78850,48325,Medina
78851,48443,Terrell
78852,48323,Maverick
78853,48323,Maverick
78860,48323,Maverick
78861,48325,Medina
78870,48463,Uvalde
78871,48465,Val Verde
78872,48507,Zavala
78873,48385,Real
78877,48323,Maverick
78879,48385,Real
78880,48137,Edwards
78881,48463,Uvalde
78883,48019,Bandera
78884,48019,Bandera
78885,48019,Bandera
78886,48325,Medina
78931,48015,Austin
78932,48477,Washington
78933,48089,Colorado
78934,48089,Colorado
78935,48089,Colorado
78938,48149,Fayette
78940,48149,Fayette
78941,48149,Fayette
78942,48287,Lee
78943,48089,Colorado
78944,48015,Austin
78945,48149,Fayette
78946,48287,Lee
78947,48287,Lee
78948,48287,Lee
78949,48149,Fayette
78950,48015,Austin
78951,48089,Colorado
78952,48149,Fayette
78953,48021,Bastrop
78954,48149,Fayette
78956,48149,Fayette
78957,48021,Bastrop
78959,48177,Gonzales
78960,48149,Fayette
78961,48149,Fayette
78962,48089,Colorado
78963,48149,Fayette
79001,48359,Oldham
79002,48179,Gray
79003,48211,Hemphill
79005,48295,Lipscomb
79007,48233,Hutchinson
79008,48233,Hutchinson
79009,48369,Parmer
79010,48375,Potter
79011,48483,Wheeler
79012,48381,Randall
79013,48341,Moore
79014,48211,Hemphill
79015,48381,Randall
79016,48381,Randall
79018,48205,Hartley
79019,48011,Armstrong
79021,48189,Hale
79022,48111,Dallam
79024,48295,Lipscomb
79025,48117,Deaf Smith
79027,48069,Castro
79029,48341,Moore
79031,48279,Lamb
79032,48189,Hale
79033,48357,Ochiltree
79034,48295,Lipscomb
79035,48369,Parmer
79036,48065,Carson
79039,48065,Carson
79040,48195,Hansford
79041,48189,Hale
79042,48381,Randall
79043,48069,Castro
79044,48205,Hartley
79045,48117,Deaf Smith
79046,48295,Lipscomb
79051,48111,Dallam
79052,48437,Swisher
79053,48369,Parmer
79054,48179,Gray
79056,48295,Lipscomb
79057,48179,Gray
79058,48375,Potter
79059,48393,Roberts
79061,48483,Wheeler
79062,48233,Hutchinson
79063,48069,Castro
79064,48279,Lamb
79065,48179,Gray
79066,48179,Gray
79068,48065,Carson
79070,48357,Ochiltree
79072,48189,Hale
79073,48189,Hale
79077,48087,Collingsworth
79078,48233,Hutchinson
79079,48483,Wheeler
79080,48233,Hutchinson
79081,48195,Hansford
79082,48279,Lamb
79083,48233,Hutchinson
79084,48421,Sherman
79085,48069,Castro
79086,48421,Sherman
79087,48111,Dallam
79088,48437,Swisher
79091,48381,Randall
79092,48359,Oldham
79093,48357,Ochiltree
79094,48011,Armstrong
79095,48087,Collingsworth
79096,48483,Wheeler
79097,48065,Carson
79098,48117,Deaf Smith
79101,48375,Potter
79102,48375,Potter
79103,48375,Potter
79104,48375,Potter
79105,48375,Potter
79106,48375,Potter
79107,48375,Potter
79108,48375,Potter
79109,48381,Randall
79110,48381,Randall
79111,48375,Potter
79114,48381,Randall
79116,48375,Potter
79117,48375,Potter
79118,48381,Randall
79119,48381,Randall
79120,48375,Potter
79121,48381,Randall
79124,48375,Potter
79159,48375,Potter
79166,48375,Potter
79168,48375,Potter
79172,48375,Potter
79174,48375,Potter
79178,48375,Potter
79185,48375,Potter
79189,48375,Potter
79201,48075,Childress
79220,48125,Dickens
79221,48153,Floyd
79223,48101,Cottle
79225,48197,Hardeman
79226,48129,Donley
79227,48155,Foard
79229,48125,Dickens
79230,48075,Childress
79231,48153,Floyd
79233,48191,Hall
79234,48345,Motley
79235,48153,Floyd
79236,48269,King
79237,48129,Donley
79239,48191,Hall
79240,48129,Donley
79241,48153,Floyd
79243,48125,Dickens
79244,48345,Motley
79245,48191,Hall
79247,48487,Wilbarger
79248,48101,Cottle
79250,48189,Hale
79251,48087,Collingsworth
79252,48197,Hardeman
79255,48045,Briscoe
79256,48345,Motley
79257,48045,Briscoe
79258,48153,Floyd
79259,48191,Hall
79261,48191,Hall
79311,48189,Hale
79312,48279,Lamb
79313,48219,Hockley
79314,48079,Cochran
79316,48445,Terry
79322,48107,Crosby
79323,48165,Gaines
79324,48017,Bailey
79325,48369,Parmer
79326,48279,Lamb
79329,48303,Lubbock
79330,48169,Garza
79331,48115,Dawson
79336,48219,Hockley
79338,48219,Hockley
79339,48279,Lamb
79342,48165,Gaines
79343,48107,Crosby
79344,48017,Bailey
79345,48445,Terry
79346,48079,Cochran
79347,48017,Bailey
79350,48303,Lubbock
79351,48115,Dawson
79353,48219,Hockley
79355,48501,Yoakum
79356,48169,Garza
79357,48107,Crosby
79358,48219,Hockley
79359,48165,Gaines
79360,48165,Gaines
79363,48303,Lubbock
79364,48303,Lubbock
79366,48303,Lubbock
79367,48219,Hockley
79369,48279,Lamb
79370,48125,Dickens
79371,48017,Bailey
79372,48219,Hockley
79373,48305,Lynn
79376,48501,Yoakum
79377,48115,Dawson
79378,48445,Terry
79379,48079,Cochran
79380,48219,Hockley
79381,48305,Lynn
79382,48303,Lubbock
79383,48305,Lynn
79401,48303,Lubbock
79402,48303,Lubbock
79403,48303,Lubbock
79404,48303,Lubbock
79406,48303,Lubbock
79407,48219,Hockley
79408,48303,Lubbock
79409,48303,Lubbock
79410,48303,Lubbock
79411,48303,Lubbock
79412,48303,Lubbock
79413,48303,Lubbock
79414,48303,Lubbock
79415,48303,Lubbock
79416,48303,Lubbock
79423,48303,Lubbock
79424,48303,Lubbock
79430,48303,Lubbock
79452,48303,Lubbock
79453,48303,Lubbock
79457,48303,Lubbock
79464,48303,Lubbock
79490,48303,Lubbock
79491,48303,Lubbock
79493,48303,Lubbock
79499,48303,Lubbock
79501,48253,Jones
79502,48433,Stonewall
79503,48253,Jones
79504,48059,Callahan
79505,48275,Knox
79506,48353,Nolan
79508,48441,Taylor
79510,48059,Callahan
79511,48227,Howard
79512,48335,Mitchell
79516,48415,Scurry
79517,48033,Borden
79518,48263,Kent
79519,48083,Coleman
79520,48253,Jones
79521,48207,Haskell
79525,48253,Jones
79526,48415,Scurry
79527,48415,Scurry
79528,48263,Kent
79529,48275,Knox
79530,48441,Taylor
79532,48335,Mitchell
79533,48417,Shackelford
79534,48151,Fisher
79535,48353,Nolan
79536,48441,Taylor
79537,48353,Nolan
79538,48083,Coleman
79539,48207,Haskell
79540,48433,Stonewall
79541,48441,Taylor
79543,48151,Fisher
79544,48207,Haskell
79545,48353,Nolan
79546,48151,Fisher
79547,48207,Haskell
79548,48207,Haskell
79549,48415,Scurry
79550,48415,Scurry
79553,48253,Jones
79556,48353,Nolan
79560,48151,Fisher
79561,48353,Nolan
79562,48441,Taylor
79563,48441,Taylor
79565,48335,Mitchell
79566,48441,Taylor
79567,48399,Runnels
79601,48253,Jones
79602,48441,Taylor
79603,48441,Taylor
79604,48441,Taylor
79605,48441,Taylor
79606,48441,Taylor
79607,48441,Taylor
79608,48441,Taylor
79697,48441,Taylor
79698,48441,Taylor
79699,48441,Taylor
79701,48329,Midland
79702,48329,Midland
79703,48329,Midland
79704,48329,Midland
79705,48317,Martin
79706,48329,Midland
79707,48329,Midland
79708,48329,Midland
79710,48329,Midland
79711,48329,Midland
79712,48329,Midland
79713,48317,Martin
79714,48003,Andrews
79718,48389,Reeves
79719,48475,Ward
79720,48227,Howard
79721,48227,Howard
79730,48371,Pecos
79731,48103,Crane
79733,48227,Howard
79734,48243,Jeff Davis
79735,48371,Pecos
79738,48033,Borden
79739,48173,Glasscock
79740,48371,Pecos
79741,48135,Ector
79742,48475,Ward
79743,48371,Pecos
79744,48105,Crockett
79745,48495,Winkler
79748,48227,Howard
79749,48317,Martin
79752,48461,Upton
79754,48301,Loving
79755,48461,Upton
79756,48475,Ward
79758,48135,Ector
79759,48135,Ector
79760,48135,Ector
79761,48135,Ector
79762,48135,Ector
79763,48135,Ector
79764,48135,Ector
79765,48329,Midland
79766,48135,Ector
79768,48135,Ector
79769,48135,Ector
79770,48389,Reeves
79772,48389,Reeves
79776,48135,Ector
79777,48475,Ward
79778,48461,Upton
79780,48389,Reeves
79781,48443,Terrell
79782,48317,Martin
79783,48317,Martin
79785,48389,Reeves
79786,48389,Reeves
79788,48475,Ward
79789,48495,Winkler
79821,48141,El Paso
79830,48043,Brewster
79831,48043,Brewster
79832,48043,Brewster
79834,48043,Brewster
79835,48141,El Paso
79836,48141,El Paso
79837,35035,Otero
79838,48141,El Paso
79839,48229,Hudspeth
79842,48043,Brewster
79843,48377,Presidio
79845,48377,Presidio
79846,48377,Presidio
79847,48109,Culberson
79848,48443,Terrell
79849,48141,El Paso
79851,48229,Hudspeth
79852,48043,Brewster
79853,48141,El Paso
79854,48243,Jeff Davis
79855,48109,Culberson
79901,48141,El Paso
79902,48141,El Paso
79903,48141,El Paso
79904,48141,El Paso
79905,48141,El Paso
79906,48141,El Paso
79907,48141,El Paso
79908,48141,El Paso
79910,48141,El Paso
79911,48141,El Paso
79912,48141,El Paso
79913,48141,El Paso
79914,48141,El Paso
79915,48141,El Paso
79916,48141,El Paso
79917,48141,El Paso
79918,48141,El Paso
79920,48141,El Paso
79922,48141,El Paso
79923,48141,El Paso
79924,48141,El Paso
79925,48141,El Paso
79926,48141,El Paso
79927,48141,El Paso
79928,48141,El Paso
79929,48141,El Paso
79930,48141,El Paso
79931,48141,El Paso
79932,48141,El Paso
79934,48141,El Paso
79935,48141,El Paso
79936,48141,El Paso
79937,48141,El Paso
79938,48141,El Paso
79940,48141,El Paso
79941,48141,El Paso
79942,48141,El Paso
79943,48141,El Paso
79944,48141,El Paso
79945,48141,El Paso
79946,48141,El Paso
79947,48141,El Paso
79948,48141,El Paso
79949,48141,El Paso
79950,48141,El Paso
79951,48141,El Paso
79952,48141,El Paso
79953,48141,El Paso
79954,48141,El Paso
79955,48141,El Paso
79958,48141,El Paso
79960,48141,El Paso
79961,48141,El Paso
79968,48141,El Paso
79976,48141,El Paso
79978,48141,El Paso
79980,48141,El Paso
79990,48141,El Paso
79995,48141,El Paso
79996,48141,El Paso
79997,48141,El Paso
79998,48141,El Paso
79999,48141,El Paso
80001,08059,Jefferson
80002,08059,Jefferson
80003,08059,Jefferson
80004,08059,Jefferson
80005,08059,Jefferson
80006,08059,Jefferson
80007,08059,Jefferson
80010,08005,Arapahoe
80011,08001,Adams
80012,08005,Arapahoe
80013,08005,Arapahoe
80014,08005,Arapahoe
80015,08005,Arapahoe
80016,08005,Arapahoe
80017,08005,Arapahoe
80018,08005,Arapahoe
80019,08001,Adams
80020,08014,Broomfield
80021,08059,Jefferson
80022,08001,Adams
80023,08014,Broomfield
80024,08001,Adams
80025,08013,Boulder
80026,08013,Boulder
80027,08013,Boulder
80030,08001,Adams
80031,08001,Adams
80033,08059,Jefferson
80034,08059,Jefferson
80035,08001,Adams
80036,08001,Adams
80037,08001,Adams
80038,08013,Boulder
80040,08001,Adams
80041,08005,Arapahoe
80042,08001,Adams
80044,08005,Arapahoe
80045,08001,Adams
80046,08005,Arapahoe
80047,08005,Arapahoe
80101,08039,Elbert
80102,08001,Adams
80103,08001,Adams
80104,08035,Douglas
80105,08005,Arapahoe
80106,08039,Elbert
80107,08039,Elbert
80108,08035,Douglas
80109,08035,Douglas
80110,08005,Arapahoe
80111,08005,Arapahoe
80112,08005,Arapahoe
80113,08005,Arapahoe
80116,08035,Douglas
80117,08039,Elbert
80118,08035,Douglas
80120,08005,Arapahoe
80121,08005,Arapahoe
80122,08005,Arapahoe
80123,08059,Jefferson
80124,08035,Douglas
80125,08035,Douglas
80126,08035,Douglas
80127,08059,Jefferson
80128,08059,Jefferson
80129,08035,Douglas
80130,08035,Douglas
80131,08035,Douglas
80132,08041,El Paso
80133,08041,El Paso
80134,08035,Douglas
80135,08035,Douglas
80136,08001,Adams
80137,08005,Arapahoe
80138,08035,Douglas
80150,08005,Arapahoe
80151,08005,Arapahoe
80155,08005,Arapahoe
80160,08005,Arapahoe
80161,08005,Arapahoe
80162,08059,Jefferson
80163,08035,Douglas
80165,08005,Arapahoe
80166,08005,Arapahoe
80201,08031,Denver
80202,08031,Denver
80203,08031,Denver
80204,08031,Denver
80205,08031,Denver
80206,08031,Denver
80207,08031,Denver
80208,08031,Denver
80209,08031,Denver
80210,08031,Denver
80211,08031,Denver
80212,08031,Denver
80214,08059,Jefferson
80215,08059,Jefferson
80216,08031,Denver
80217,08031,Denver
80218,08031,Denver
80219,08031,Denver
80220,08031,Denver
80221,08001,Adams
80222,08031,Denver
80223,08031,Denver
80224,08031,Denver
80225,08059,Jefferson
80226,08059,Jefferson
80227,08059,Jefferson
80228,08059,Jefferson
80229,08001,Adams
80230,08031,Denver
80231,08031,Denver
80232,08059,Jefferson
80233,08001,Adams
80234,08001,Adams
80235,08059,Jefferson
80236,08031,Denver
80237,08031,Denver
80238,08031,Denver
80239,08031,Denver
80241,08001,Adams
80243,08031,Denver
80244,08031,Denver
80246,08031,Denver
80247,08031,Denver
80248,08031,Denver
80249,08031,Denver
80250,08031,Denver
80251,08031,Denver
80252,08031,Denver
80256,08031,Denver
80257,08031,Denver
80259,08031,Denver
80260,08001,Adams
80261,08031,Denver
80262,08031,Denver
80263,08031,Denver
80264,08031,Denver
80265,08031,Denver
80266,08031,Denver
80271,08031,Denver
80273,08031,Denver
80274,08031,Denver
80281,08031,Denver
80290,08031,Denver
80291,08031,Denver
80293,08031,Denver
80294,08031,Denver
80299,08031,Denver
80301,08013,Boulder
80302,08013,Boulder
80303,08013,Boulder
80304,08013,Boulder
80305,08013,Boulder
80306,08013,Boulder
80307,08013,Boulder
80308,08013,Boulder
80309,08013,Boulder
80310,08013,Boulder
80314,08013,Boulder
80401,08059,Jefferson
80402,08059,Jefferson
80403,08059,Jefferson
80419,08059,Jefferson
80420,08093,Park
80421,08093,Park
80422,08047,Gilpin
80423,08037,Eagle
80424,08117,Summit
80425,08059,Jefferson
80426,08037,Eagle
80427,08047,Gilpin
80428,08107,Routt
80429,08065,Lake
80430,08057,Jackson
80432,08093,Park
80433,08059,Jefferson
80434,08057,Jackson
80435,08117,Summit
80436,08019,Clear Creek
80437,08059,Jefferson
80438,08019,Clear Creek
80439,08019,Clear Creek
80440,08093,Park
80442,08049,Grand
80443,08117,Summit
80444,08019,Clear Creek
80446,08049,Grand
80447,08049,Grand
80448,08093,Park
80449,08093,Park
80451,08049,Grand
80452,08019,Clear Creek
80453,08059,Jefferson
80454,08059,Jefferson
80455,08013,Boulder
80456,08093,Park
80457,08059,Jefferson
80459,08049,Grand
80461,08065,Lake
80463,08107,Routt
80465,08059,Jefferson
80466,08013,Boulder
80467,08107,Routt
80468,08049,Grand
80469,08107,Routt
80470,08059,Jefferson
80471,08013,Boulder
80473,08057,Jackson
80474,08047,Gilpin
80475,08093,Park
80476,08019,Clear Creek
80477,08107,Routt
80478,08049,Grand
80479,08107,Routt
80480,08057,Jackson
80481,08013,Boulder
80482,08049,Grand
80483,08107,Routt
80487,08107,Routt
80488,08107,Routt
80497,08117,Summit
80498,08117,Summit
80501,08013,Boulder
80502,08013,Boulder
80503,08013,Boulder
80504,08123,Weld
80510,08013,Boulder
80511,08069,Larimer
80512,08069,Larimer
80513,08069,Larimer
80514,08123,Weld
80515,08069,Larimer
80516,08123,Weld
80517,08069,Larimer
80520,08123,Weld
80521,08069,Larimer
80522,08069,Larimer
80523,08069,Larimer
80524,08069,Larimer
80525,08069,Larimer
80526,08069,Larimer
80527,08069,Larimer
80528,08069,Larimer
80530,08123,Weld
80532,08069,Larimer
80533,08013,Boulder
80534,08123,Weld
80535,08069,Larimer
80536,08069,Larimer
80537,08069,Larimer
80538,08069,Larimer
80539,08069,Larimer
80540,08013,Boulder
80541,08069,Larimer
80542,08123,Weld
80543,08123,Weld
80544,08013,Boulder
80545,08069,Larimer
80546,08123,Weld
80547,08069,Larimer
80549,08069,Larimer
80550,08123,Weld
80551,08123,Weld
80553,08069,Larimer
80601,08001,Adams
80602,08001,Adams
80603,08001,Adams
80610,08123,Weld
80611,08123,Weld
80612,08123,Weld
80614,08001,Adams
80615,08123,Weld
80620,08123,Weld
80621,08123,Weld
80622,08123,Weld
80623,08123,Weld
80624,08123,Weld
80631,08123,Weld
80632,08123,Weld
80633,08123,Weld
80634,08123,Weld
80638,08123,Weld
80639,08123,Weld
80640,08001,Adams
80642,08123,Weld
80643,08123,Weld
80644,08123,Weld
80645,08123,Weld
80646,08123,Weld
80648,08123,Weld
80649,08123,Weld
80650,08123,Weld
80651,08123,Weld
80652,08123,Weld
80653,08087,Morgan
80654,08087,Morgan
80701,08087,Morgan
80705,08087,Morgan
80720,08121,Washington
80721,08095,Phillips
80722,08075,Logan
80723,08087,Morgan
80726,08075,Logan
80727,08125,Yuma
80728,08075,Logan
80729,08123,Weld
80731,08095,Phillips
80732,08123,Weld
80733,08087,Morgan
80734,08095,Phillips
80735,08125,Yuma
80736,08075,Logan
80737,08115,Sedgwick
80740,08121,Washington
80741,08075,Logan
80742,08123,Weld
80743,08121,Washington
80744,08115,Sedgwick
80745,08075,Logan
80746,08095,Phillips
80747,08075,Logan
80749,08115,Sedgwick
80750,08087,Morgan
80751,08075,Logan
80754,08123,Weld
80755,08125,Yuma
80757,08121,Washington
80758,08125,Yuma
80759,08125,Yuma
80801,08121,Washington
80802,08017,Cheyenne
80804,08073,Lincoln
80805,08063,Kit Carson
80807,08063,Kit Carson
80808,08041,El Paso
80809,08041,El Paso
80810,08017,Cheyenne
80812,08121,Washington
80813,08119,Teller
80814,08119,Teller
80815,08063,Kit Carson
80816,08119,Teller
80817,08041,El Paso
80818,08073,Lincoln
80819,08041,El Paso
80820,08093,Park
80821,08073,Lincoln
80822,08125,Yuma
80823,08073,Lincoln
80824,08125,Yuma
80825,08017,Cheyenne
80826,08073,Lincoln
80827,08093,Park
80828,08073,Lincoln
80829,08041,El Paso
80830,08039,Elbert
80831,08041,El Paso
80832,08039,Elbert
80833,08073,Lincoln
80834,08063,Kit Carson
80835,08039,Elbert
80836,08063,Kit Carson
80840,08041,El Paso
80841,08041,El Paso
80860,08119,Teller
80861,08063,Kit Carson
80862,08017,Cheyenne
80863,08119,Teller
80864,08041,El Paso
80866,08119,Teller
80901,08041,El Paso
80902,08041,El Paso
80903,08041,El Paso
80904,08041,El Paso
80905,08041,El Paso
80906,08041,El Paso
80907,08041,El Paso
80908,08041,El Paso
80909,08041,El Paso
80910,08041,El Paso
80911,08041,El Paso
80912,08041,El Paso
80913,08041,El Paso
80914,08041,El Paso
80915,08041,El Paso
80916,08041,El Paso
80917,08041,El Paso
80918,08041,El Paso
80919,08041,El Paso
80920,08041,El Paso
80921,08041,El Paso
80922,08041,El Paso
80923,08041,El Paso
80924,08041,El Paso
80925,08041,El Paso
80926,08041,El Paso
80927,08041,El Paso
80928,08041,El Paso
80929,08041,El Paso
80930,08041,El Paso
80931,08041,El Paso
80932,08041,El Paso
80933,08041,El Paso
80934,08041,El Paso
80935,08041,El Paso
80936,08041,El Paso
80937,08041,El Paso
80938,08041,El Paso
80939,08041,El Paso
80941,08041,El Paso
80942,08041,El Paso
80944,08041,El Paso
80946,08041,El Paso
80947,08041,El Paso
80949,08041,El Paso
80950,08041,El Paso
80951,08041,El Paso
80960,08041,El Paso
80962,08041,El Paso
80970,08041,El Paso
80977,08041,El Paso
80995,08041,El Paso
80997,08041,El Paso
81001,08101,Pueblo
81002,08101,Pueblo
81003,08101,Pueblo
81004,08101,Pueblo
81005,08101,Pueblo
81006,08101,Pueblo
81007,08101,Pueblo
81008,08101,Pueblo
81009,08101,Pueblo
81010,08101,Pueblo
81011,08101,Pueblo
81012,08101,Pueblo
81019,08101,Pueblo
81020,08071,Las Animas
81021,08061,Kiowa
81022,08101,Pueblo
81023,08101,Pueblo
81024,08071,Las Animas
81025,08101,Pueblo
81027,08071,Las Animas
81029,08009,Baca
81030,08089,Otero
81033,08025,Crowley
81034,08025,Crowley
81036,08061,Kiowa
81038,08011,Bent
81039,08101,Pueblo
81040,08055,Huerfano
81041,08099,Prowers
81043,08099,Prowers
81044,08011,Bent
81045,08061,Kiowa
81046,08071,Las Animas
81047,08099,Prowers
81049,08071,Las Animas
81050,08089,Otero
81052,08099,Prowers
81054,08011,Bent
81055,08055,Huerfano
81057,08011,Bent
81058,08089,Otero
81059,08071,Las Animas
81062,08025,Crowley
81063,08025,Crowley
81064,08009,Baca
81067,08089,Otero
81069,08055,Huerfano
81071,08061,Kiowa
81073,08009,Baca
81076,08025,Crowley
81077,08089,Otero
81081,08071,Las Animas
81082,08071,Las Animas
81084,08009,Baca
81087,08009,Baca
81089,08055,Huerfano
81090,08009,Baca
81091,08071,Las Animas
81092,08011,Bent
81101,08003,Alamosa
81102,08003,Alamosa
81120,08021,Conejos
81121,08007,Archuleta
81122,08067,La Plata
81123,08023,Costilla
81124,08021,Conejos
81125,08109,Saguache
81126,08023,Costilla
81128,08007,Archuleta
81129,08021,Conejos
81130,08079,Mineral
81131,08109,Saguache
81132,08105,Rio Grande
81133,08023,Costilla
81135,08105,Rio Grande
81136,08003,Alamosa
81137,08067,La Plata
81138,08023,Costilla
81140,08021,Conejos
81141,08021,Conejos
81143,08109,Saguache
81144,08105,Rio Grande
81146,08003,Alamosa
81147,08007,Archuleta
81148,08021,Conejos
81149,08109,Saguache
81151,08023,Costilla
81152,08023,Costilla
81154,08105,Rio Grande
81155,08109,Saguache
81157,08007,Archuleta
81201,08015,Chaffee
81210,08051,Gunnison
81211,08015,Chaffee
81212,08043,Fremont
81215,08043,Fremont
81220,08051,Gunnison
81221,08043,Fremont
81222,08043,Fremont
81223,08043,Fremont
81224,08051,Gunnison
81225,08051,Gunnison
81226,08043,Fremont
81227,08015,Chaffee
81228,08015,Chaffee
81230,08051,Gunnison
81231,08051,Gunnison
81232,08043,Fremont
81233,08043,Fremont
81235,08053,Hinsdale
81236,08015,Chaffee
81237,08051,Gunnison
81239,08051,Gunnison
81240,08043,Fremont
81241,08051,Gunnison
81242,08015,Chaffee
81243,08051,Gunnison
81244,08043,Fremont
81248,08109,Saguache
81251,08065,Lake
81252,08027,Custer
81253,08027,Custer
81290,08043,Fremont
81301,08067,La Plata
81302,08067,La Plata
81303,08067,La Plata
81320,08033,Dolores
81321,08083,Montezuma
81323,08033,Dolores
81324,08033,Dolores
81325,08033,Dolores
81326,08067,La Plata
81327,08083,Montezuma
81328,08083,Montezuma
81329,08067,La Plata
81330,08083,Montezuma
81331,08083,Montezuma
81332,08033,Dolores
81334,08083,Montezuma
81335,08083,Montezuma
81401,08085,Montrose
81402,08085,Montrose
81403,08085,Montrose
81410,08029,Delta
81411,08085,Montrose
81413,08029,Delta
81414,08029,Delta
81415,08085,Montrose
81416,08029,Delta
81418,08029,Delta
81419,08029,Delta
81420,08029,Delta
81422,08085,Montrose
81423,08113,San Miguel
81424,08085,Montrose
81425,08085,Montrose
81426,08113,San Miguel
81427,08091,Ouray
81428,08029,Delta
81429,08085,Montrose
81430,08113,San Miguel
81431,08113,San Miguel
81432,08091,Ouray
81433,08111,San Juan
81434,08051,Gunnison
81435,08113,San Miguel
81501,08077,Mesa
81502,08077,Mesa
81503,08077,Mesa
81504,08077,Mesa
81505,08077,Mesa
81506,08077,Mesa
81507,08077,Mesa
81520,08077,Mesa
81521,08077,Mesa
81522,08077,Mesa
81523,08077,Mesa
81524,08077,Mesa
81525,08077,Mesa
81526,08077,Mesa
81527,08077,Mesa
81601,08045,Garfield
81602,08045,Garfield
81610,08081,Moffat
81611,08097,Pitkin
81612,08097,Pitkin
81615,08097,Pitkin
81620,08037,Eagle
81621,08037,Eagle
81623,08097,Pitkin
81624,08077,Mesa
81625,08081,Moffat
81626,08081,Moffat
81630,08045,Garfield
81631,08037,Eagle
81632,08037,Eagle
81633,08081,Moffat
81635,08045,Garfield
81636,08045,Garfield
81637,08045,Garfield
81638,08081,Moffat
81639,08107,Routt
81640,08081,Moffat
81641,08103,Rio Blanco
81642,08097,Pitkin
81643,08077,Mesa
81645,08037,Eagle
81646,08077,Mesa
81647,08045,Garfield
81648,08103,Rio Blanco
81649,08037,Eagle
81650,08103,Rio Blanco
81652,08045,Garfield
81653,08107,Routt
81654,08097,Pitkin
81655,08037,Eagle
81656,08097,Pitkin
81657,08037,Eagle
81658,08037,Eagle
82001,56021,Laramie
82002,56021,Laramie
82003,56021,Laramie
82005,56021,Laramie
82006,56021,Laramie
82007,56021,Laramie
82008,56021,Laramie
82009,56021,Laramie
82010,56021,Laramie
82050,56021,Laramie
82051,56001,Albany
82052,56001,Albany
82053,56021,Laramie
82054,56021,Laramie
82055,56001,Albany
82058,56001,Albany
82059,56021,Laramie
82060,56021,Laramie
82061,56021,Laramie
82063,08069,Larimer
82070,56001,Albany
82071,56001,Albany
82072,56001,Albany
82073,56001,Albany
82081,56021,Laramie
82082,56021,Laramie
82083,56001,Albany
82084,56001,Albany
82190,56029,Park
82201,56031,Platte
82210,56031,Platte
82212,56015,Goshen
82213,56031,Platte
82214,56031,Platte
82215,56031,Platte
82217,56015,Goshen
82218,56015,Goshen
82219,56015,Goshen
82221,56015,Goshen
82222,56027,Niobrara
82223,56015,Goshen
82224,56009,Converse
82225,56027,Niobrara
82227,56027,Niobrara
82229,56009,Converse
82240,56015,Goshen
82242,56027,Niobrara
82243,56015,Goshen
82244,56015,Goshen
82301,56007,Carbon
82310,56013,Fremont
82321,56007,Carbon
82322,56037,Sweetwater
82323,56007,Carbon
82324,56007,Carbon
82325,56007,Carbon
82327,56007,Carbon
82329,56007,Carbon
82331,56007,Carbon
82332,56007,Carbon
82334,56007,Carbon
82335,56007,Carbon
82336,56037,Sweetwater
82401,56043,Washakie
82410,56003,Big Horn
82411,56003,Big Horn
82412,56003,Big Horn
82414,56029,Park
82420,56003,Big Horn
82421,56003,Big Horn
82422,56003,Big Horn
82423,56003,Big Horn
82426,56003,Big Horn
82428,56003,Big Horn
82430,56017,Hot Springs
82431,56003,Big Horn
82432,56003,Big Horn
82433,56029,Park
82434,56003,Big Horn
82435,56029,Park
82440,56029,Park
82441,56003,Big Horn
82442,56043,Washakie
82443,56017,Hot Springs
82450,56029,Park
82501,56013,Fremont
82510,56013,Fremont
82512,56013,Fremont
82513,56013,Fremont
82514,56013,Fremont
82515,56013,Fremont
82516,56013,Fremont
82520,56013,Fremont
82523,56013,Fremont
82524,56013,Fremont
82601,56025,Natrona
82602,56025,Natrona
82604,56025,Natrona
82605,56025,Natrona
82609,56025,Natrona
82615,56007,Carbon
82620,56025,Natrona
82630,56025,Natrona
82633,56009,Converse
82635,56025,Natrona
82636,56025,Natrona
82637,56009,Converse
82638,56025,Natrona
82639,56019,Johnson
82640,56019,Johnson
82642,56013,Fremont
82643,56025,Natrona
82644,56025,Natrona
82646,56025,Natrona
82648,56025,Natrona
82649,56013,Fremont
82701,56045,Weston
82710,56011,Crook
82711,56011,Crook
82712,56011,Crook
82714,56011,Crook
82715,56045,Weston
82716,56005,Campbell
82717,56005,Campbell
82718,56005,Campbell
82720,56011,Crook
82721,56011,Crook
82723,56045,Weston
82725,56005,Campbell
82727,56005,Campbell
82729,56011,Crook
82730,56045,Weston
82731,56005,Campbell
82732,56005,Campbell
82801,56033,Sheridan
82831,56005,Campbell
82832,56033,Sheridan
82833,56033,Sheridan
82834,56019,Johnson
82835,56033,Sheridan
82836,56033,Sheridan
82837,56033,Sheridan
82838,56033,Sheridan
82839,56033,Sheridan
82840,56019,Johnson
82842,56033,Sheridan
82844,56033,Sheridan
82845,56033,Sheridan
82901,56037,Sweetwater
82902,56037,Sweetwater
82922,56035,Sublette
82923,56035,Sublette
82925,56035,Sublette
82929,56037,Sweetwater
82930,49043,Summit
82931,56041,Uinta
82932,56037,Sweetwater
82933,56041,Uinta
82934,56037,Sweetwater
82935,56037,Sweetwater
82936,56041,Uinta
82937,56041,Uinta
82938,56037,Sweetwater
82939,56041,Uinta
82941,56035,Sublette
82942,56037,Sweetwater
82943,56037,Sweetwater
82944,56041,Uinta
82945,56037,Sweetwater
83001,56039,Teton
83002,56039,Teton
83011,56039,Teton
83012,56039,Teton
83013,56039,Teton
83014,56039,Teton
83025,56039,Teton
83101,56023,Lincoln
83110,56023,Lincoln
83111,56023,Lincoln
83112,56023,Lincoln
83113,56035,Sublette
83114,56023,Lincoln
83115,56035,Sublette
83116,56023,Lincoln
83118,56023,Lincoln
83119,56023,Lincoln
83120,16019,Bonneville
83121,56023,Lincoln
83122,56023,Lincoln
83123,56023,Lincoln
83124,56023,Lincoln
83126,56023,Lincoln
83127,56023,Lincoln
83128,56023,Lincoln
83201,16005,Bannock
83202,16005,Bannock
83203,16011,Bingham
83204,16077,Power
83205,16005,Bannock
83206,16005,Bannock
83209,16005,Bannock
83210,16011,Bingham
83211,16077,Power
83212,16077,Power
83213,16023,Butte
83214,16005,Bannock
83215,16011,Bingham
83217,16029,Caribou
83218,16011,Bingham
83220,16007,Bear Lake
83221,16011,Bingham
83223,16007,Bear Lake
83226,16037,Custer
83227,16037,Custer
83228,16041,Franklin
83229,16059,Lemhi
83230,16029,Caribou
83232,16041,Franklin
83233,16007,Bear Lake
83234,16005,Bannock
83235,16037,Custer
83236,16011,Bingham
83237,16041,Franklin
83238,16007,Bear Lake
83239,16007,Bear Lake
83241,16029,Caribou
83243,16071,Oneida
83244,16023,Butte
83245,16005,Bannock
83246,16005,Bannock
83250,16005,Bannock
83251,16037,Custer
83252,16071,Oneida
83253,16059,Lemhi
83254,16007,Bear Lake
83255,16023,Butte
83256,16011,Bingham
83261,16007,Bear Lake
83262,16011,Bingham
83263,16041,Franklin
83271,16077,Power
83272,16007,Bear Lake
83274,16011,Bingham
83276,16029,Caribou
83277,16011,Bingham
83278,16037,Custer
83281,16005,Bannock
83283,16041,Franklin
83285,16019,Bonneville
83286,16041,Franklin
83287,16007,Bear Lake
83301,16083,Twin Falls
83302,16083,Twin Falls
83303,16083,Twin Falls
83311,16031,Cassia
83312,16031,Cassia
83313,16013,Blaine
83314,16047,Gooding
83316,16083,Twin Falls
83318,16031,Cassia
83320,16013,Blaine
83321,16083,Twin Falls
83322,16025,Camas
83323,16031,Cassia
83324,16063,Lincoln
83325,16053,Jerome
83327,16025,Camas
83328,16083,Twin Falls
83330,16047,Gooding
83332,16083,Twin Falls
83333,16013,Blaine
83334,16083,Twin Falls
83335,16053,Jerome
83336,16067,Minidoka
83337,16039,Elmore
83338,16053,Jerome
83340,16013,Blaine
83341,16083,Twin Falls
83342,16031,Cassia
83343,16067,Minidoka
83344,16031,Cassia
83346,16031,Cassia
83347,16067,Minidoka
83348,16013,Blaine
83349,16063,Lincoln
83350,16067,Minidoka
83352,16063,Lincoln
83353,16013,Blaine
83354,16013,Blaine
83355,16047,Gooding
83401,16019,Bonneville
83402,16019,Bonneville
83403,16019,Bonneville
83404,16019,Bonneville
83405,16019,Bonneville
83406,16019,Bonneville
83414,56039,Teton
83415,16019,Bonneville
83420,16043,Fremont
83421,16043,Fremont
83422,16081,Teton
83423,16033,Clark
83424,16081,Teton
83425,16051,Jefferson
83427,16019,Bonneville
83428,16019,Bonneville
83429,16043,Fremont
83431,16051,Jefferson
83433,16043,Fremont
83434,16051,Jefferson
83435,16051,Jefferson
83436,16065,Madison
83438,16043,Fremont
83440,16065,Madison
83441,16065,Madison
83442,16051,Jefferson
83443,16019,Bonneville
83444,16051,Jefferson
83445,16043,Fremont
83446,16033,Clark
83448,16065,Madison
83449,16019,Bonneville
83450,16051,Jefferson
83451,16065,Madison
83452,16081,Teton
83454,16019,Bonneville
83455,16081,Teton
83460,16065,Madison
83462,16059,Lemhi
83463,16059,Lemhi
83464,16059,Lemhi
83465,16059,Lemhi
83466,16059,Lemhi
83467,16059,Lemhi
83468,16059,Lemhi
83469,16059,Lemhi
83501,16069,Nez Perce
83520,16035,Clearwater
83522,16049,Idaho
83523,16061,Lewis
83524,16069,Nez Perce
83525,16049,Idaho
83526,16049,Idaho
83530,16049,Idaho
83531,16049,Idaho
83533,16049,Idaho
83535,16069,Nez Perce
83536,16049,Idaho
83537,16057,Latah
83539,16049,Idaho
83540,16069,Nez Perce
83541,16069,Nez Perce
83542,16049,Idaho
83543,16061,Lewis
83544,16035,Clearwater
83545,16069,Nez Perce
83546,16035,Clearwater
83547,16049,Idaho
83548,16069,Nez Perce
83549,16049,Idaho
83552,16049,Idaho
83553,16035,Clearwater
83554,16049,Idaho
83555,16069,Nez Perce
83601,16039,Elmore
83602,16015,Boise
83604,16073,Owyhee
83605,16027,Canyon
83606,16027,Canyon
83607,16027,Canyon
83610,16087,Washington
83611,16085,Valley
83612,16003,Adams
83615,16085,Valley
83616,16001,Ada
83617,16045,Gem
83619,16075,Payette
83622,16015,Boise
83623,16039,Elmore
83624,16073,Owyhee
83626,16027,Canyon
83627,16073,Owyhee
83628,16073,Owyhee
83629,16015,Boise
83630,16027,Canyon
83631,16015,Boise
83632,16003,Adams
83633,16039,Elmore
83634,16001,Ada
83635,16085,Valley
83636,16045,Gem
83637,16015,Boise
83638,16085,Valley
83639,16073,Owyhee
83641,16073,Owyhee
83642,16001,Ada
83643,16003,Adams
83644,16027,Canyon
83645,16087,Washington
83646,16001,Ada
83647,16039,Elmore
83648,16039,Elmore
83650,16073,Owyhee
83651,16027,Canyon
83652,16027,Canyon
83653,16027,Canyon
83654,16003,Adams
83655,16075,Payette
83656,16027,Canyon
83657,16045,Gem
83660,16027,Canyon
83661,16075,Payette
83666,16015,Boise
83669,16001,Ada
83670,16045,Gem
83671,16049,Idaho
83672,16087,Washington
83676,16027,Canyon
83677,16085,Valley
83680,16001,Ada
83686,16027,Canyon
83687,16027,Canyon
83701,16001,Ada
83702,16001,Ada
83703,16001,Ada
83704,16001,Ada
83705,16001,Ada
83706,16001,Ada
83707,16001,Ada
83708,16001,Ada
83709,16001,Ada
83711,16001,Ada
83712,16001,Ada
83713,16001,Ada
83714,16001,Ada
83715,16001,Ada
83716,16039,Elmore
83717,16001,Ada
83719,16001,Ada
83720,16001,Ada
83722,16001,Ada
83724,16001,Ada
83725,16001,Ada
83726,16001,Ada
83728,16001,Ada
83729,16001,Ada
83731,16001,Ada
83732,16001,Ada
83735,16001,Ada
83756,16001,Ada
83799,16001,Ada
83801,16055,Kootenai
83802,16079,Shoshone
83803,16017,Bonner
83804,16017,Bonner
83805,16021,Boundary
83806,16057,Latah
83808,16079,Shoshone
83809,16017,Bonner
83810,16055,Kootenai
83811,16017,Bonner
83812,16079,Shoshone
83813,16017,Bonner
83814,16055,Kootenai
83815,16055,Kootenai
83816,16055,Kootenai
83821,16017,Bonner
83822,16017,Bonner
83823,16057,Latah
83824,16009,Benewah
83825,16017,Bonner
83826,16021,Boundary
83827,16035,Clearwater
83830,16009,Benewah
83832,16057,Latah
83833,16055,Kootenai
83834,16057,Latah
83835,16055,Kootenai
83836,16017,Bonner
83837,16079,Shoshone
83839,16079,Shoshone
83840,16017,Bonner
83841,16017,Bonner
83842,16055,Kootenai
83843,16057,Latah
83844,16057,Latah
83845,16021,Boundary
83846,16079,Shoshone
83847,16021,Boundary
83848,16017,Bonner
83849,16079,Shoshone
83850,16079,Shoshone
83851,16009,Benewah
83852,16017,Bonner
83853,16021,Boundary
83854,16055,Kootenai
83855,16057,Latah
83856,16017,Bonner
83857,16057,Latah
83858,16055,Kootenai
83860,16017,Bonner
83861,16009,Benewah
83864,16017,Bonner
83865,16017,Bonner
83866,16009,Benewah
83867,16079,Shoshone
83868,16079,Shoshone
83869,16055,Kootenai
83870,16009,Benewah
83871,16057,Latah
83872,16057,Latah
83873,16079,Shoshone
83874,16079,Shoshone
83876,16055,Kootenai
83877,16055,Kootenai
84001,49013,Duchesne
84002,49013,Duchesne
84003,49049,Utah
84004,49049,Utah
84005,49049,Utah
84006,49035,Salt Lake
84007,49013,Duchesne
84008,49047,Uintah
84009,49035,Salt Lake
84010,49011,Davis
84011,49011,Davis
84013,49049,Utah
84014,49011,Davis
84015,49011,Davis
84016,49011,Davis
84017,49043,Summit
84018,49029,Morgan
84020,49035,Salt Lake
84021,49013,Duchesne
84022,49045,Tooele
84023,49009,Daggett
84024,49043,Summit
84025,49011,Davis
84026,49047,Uintah
84027,49013,Duchesne
84028,49033,Rich
84029,49045,Tooele
84031,49013,Duchesne
84032,49051,Wasatch
84033,49043,Summit
84034,49045,Tooele
84035,49047,Uintah
84036,49043,Summit
84037,49011,Davis
84038,49033,Rich
84039,49047,Uintah
84040,49011,Davis
84041,49011,Davis
84042,49049,Utah
84043,49049,Utah
84044,49035,Salt Lake
84045,49049,Utah
84046,49009,Daggett
84047,49035,Salt Lake
84048,49049,Utah
84049,49051,Wasatch
84050,49029,Morgan
84051,49013,Duchesne
84052,49013,Duchesne
84053,49013,Duchesne
84054,49011,Davis
84055,49043,Summit
84056,49011,Davis
84057,49049,Utah
84058,49049,Utah
84059,49049,Utah
84060,49043,Summit
84061,49043,Summit
84062,49049,Utah
84063,49047,Uintah
84064,49033,Rich
84065,49035,Salt Lake
84066,49013,Duchesne
84067,49057,Weber
84068,49043,Summit
84069,49045,Tooele
84070,49035,Salt Lake
84071,49045,Tooele
84072,49013,Duchesne
84073,49013,Duchesne
84074,49045,Tooele
84075,49011,Davis
84076,49047,Uintah
84078,49047,Uintah
84079,49047,Uintah
84080,49045,Tooele
84081,49035,Salt Lake
84082,49051,Wasatch
84083,49045,Tooele
84084,49035,Salt Lake
84085,49047,Uintah
84086,49033,Rich
84087,49011,Davis
84088,49035,Salt Lake
84089,49011,Davis
84090,49035,Salt Lake
84091,49035,Salt Lake
84092,49035,Salt Lake
84093,49035,Salt Lake
84094,49035,Salt Lake
84095,49035,Salt Lake
84096,49035,Salt Lake
84097,49049,Utah
84098,49043,Summit
84101,49035,Salt Lake
84102,49035,Salt Lake
84103,49035,Salt Lake
84104,49035,Salt Lake
84105,49035,Salt Lake
84106,49035,Salt Lake
84107,49035,Salt Lake
84108,49035,Salt Lake
84109,49035,Salt Lake
84110,49035,Salt Lake
84111,49035,Salt Lake
84112,49035,Salt Lake
84113,49035,Salt Lake
84114,49035,Salt Lake
84115,49035,Salt Lake
84116,49035,Salt Lake
84117,49035,Salt Lake
84118,49035,Salt Lake
84119,49035,Salt Lake
84120,49035,Salt Lake
84121,49035,Salt Lake
84122,49035,Salt Lake
84123,49035,Salt Lake
84124,49035,Salt Lake
84125,49035,Salt Lake
84126,49035,Salt Lake
84127,49035,Salt Lake
84128,49035,Salt Lake
84129,49035,Salt Lake
84130,49035,Salt Lake
84131,49035,Salt Lake
84132,49035,Salt Lake
84133,49035,Salt Lake
84134,49035,Salt Lake
84136,49035,Salt Lake
84138,49035,Salt Lake
84139,49035,Salt Lake
84141,49035,Salt Lake
84143,49035,Salt Lake
84145,49035,Salt Lake
84147,49035,Salt Lake
84148,49035,Salt Lake
84150,49035,Salt Lake
84151,49035,Salt Lake
84152,49035,Salt Lake
84157,49035,Salt Lake
84158,49035,Salt Lake
84165,49035,Salt Lake
84170,49035,Salt Lake
84171,49035,Salt Lake
84180,49035,Salt Lake
84184,49035,Salt Lake
84189,49035,Salt Lake
84190,49035,Salt Lake
84199,49035,Salt Lake
84201,49057,Weber
84244,49057,Weber
84301,49003,Box Elder
84302,49003,Box Elder
84304,49005,Cache
84305,49005,Cache
84306,49003,Box Elder
84307,49003,Box Elder
84308,49005,Cache
84309,49003,Box Elder
84310,49057,Weber
84311,49003,Box Elder
84312,49003,Box Elder
84313,49003,Box Elder
84314,49003,Box Elder
84315,49057,Weber
84316,49003,Box Elder
84317,49057,Weber
84318,49005,Cache
84319,49005,Cache
84320,49005,Cache
84321,49005,Cache
84322,49005,Cache
84323,49005,Cache
84324,49003,Box Elder
84325,49005,Cache
84326,49005,Cache
84327,49005,Cache
84328,49005,Cache
84329,49003,Box Elder
84330,49003,Box Elder
84331,49003,Box Elder
84332,49005,Cache
84333,49005,Cache
84334,49003,Box Elder
84335,49005,Cache
84336,49003,Box Elder
84337,49003,Box Elder
84338,49005,Cache
84339,49005,Cache
84340,49003,Box Elder
84341,49005,Cache
84401,49057,Weber
84402,49057,Weber
84403,49057,Weber
84404,49057,Weber
84405,49057,Weber
84407,49057,Weber
84408,49057,Weber
84409,49057,Weber
84412,49057,Weber
84414,49057,Weber
84415,49057,Weber
84501,49007,Carbon
84510,49037,San Juan
84511,49037,San Juan
84512,49037,San Juan
84513,49015,Emery
84515,49019,Grand
84516,49015,Emery
84518,49015,Emery
84520,49007,Carbon
84521,49015,Emery
84522,49015,Emery
84523,49015,Emery
84525,49015,Emery
84526,49007,Carbon
84528,49015,Emery
84529,49007,Carbon
84530,49037,San Juan
84531,49037,San Juan
84532,49019,Grand
84533,49037,San Juan
84534,49037,San Juan
84535,49037,San Juan
84536,49037,San Juan
84537,49015,Emery
84539,49007,Carbon
84540,49019,Grand
84542,49007,Carbon
84601,49049,Utah
84602,49049,Utah
84603,49049,Utah
84604,49049,Utah
84605,49049,Utah
84606,49049,Utah
84620,49041,Sevier
84621,49039,Sanpete
84622,49039,Sanpete
84623,49039,Sanpete
84624,49027,Millard
84626,49049,Utah
84627,49039,Sanpete
84628,49023,Juab
84629,49039,Sanpete
84630,49039,Sanpete
84631,49027,Millard
84632,49039,Sanpete
84633,49049,Utah
84634,49039,Sanpete
84635,49027,Millard
84636,49027,Millard
84637,49027,Millard
84638,49027,Millard
84639,49023,Juab
84640,49027,Millard
84642,49039,Sanpete
84643,49039,Sanpete
84644,49027,Millard
84645,49023,Juab
84646,49039,Sanpete
84647,49039,Sanpete
84648,49023,Juab
84649,49027,Millard
84651,49049,Utah
84652,49041,Sevier
84653,49049,Utah
84654,49041,Sevier
84655,49049,Utah
84656,49027,Millard
84657,49041,Sevier
84660,49049,Utah
84662,49039,Sanpete
84663,49049,Utah
84664,49049,Utah
84665,49039,Sanpete
84667,49039,Sanpete
84701,49041,Sevier
84710,49025,Kane
84711,49041,Sevier
84712,49031,Piute
84713,49001,Beaver
84714,49021,Iron
84715,49055,Wayne
84716,49017,Garfield
84718,49017,Garfield
84719,49021,Iron
84720,49021,Iron
84721,49021,Iron
84722,49053,Washington
84723,49031,Piute
84724,49041,Sevier
84725,49053,Washington
84726,49017,Garfield
84728,49027,Millard
84729,49025,Kane
84730,49041,Sevier
84731,49001,Beaver
84732,49031,Piute
84733,49053,Washington
84734,49055,Wayne
84735,49017,Garfield
84736,49017,Garfield
84737,49053,Washington
84738,49053,Washington
84739,49041,Sevier
84740,49031,Piute
84741,49025,Kane
84742,49021,Iron
84743,49031,Piute
84744,49041,Sevier
84745,49053,Washington
84746,49053,Washington
84747,49055,Wayne
84749,49055,Wayne
84750,49031,Piute
84751,49001,Beaver
84752,49001,Beaver
84753,49021,Iron
84754,49041,Sevier
84755,49025,Kane
84756,49021,Iron
84757,49053,Washington
84758,49025,Kane
84759,49017,Garfield
84760,49021,Iron
84761,49021,Iron
84762,49025,Kane
84763,49053,Washington
84764,49017,Garfield
84765,49053,Washington
84766,49041,Sevier
84767,49053,Washington
84770,49053,Washington
84771,49053,Washington
84772,49021,Iron
84773,49055,Wayne
84774,49053,Washington
84775,49055,Wayne
84776,49017,Garfield
84779,49053,Washington
84780,49053,Washington
84781,49053,Washington
84782,49053,Washington
84783,49053,Washington
84784,49053,Washington
84790,49053,Washington
84791,49053,Washington
85001,04013,Maricopa
85002,04013,Maricopa
85003,04013,Maricopa
85004,04013,Maricopa
85005,04013,Maricopa
85006,04013,Maricopa
85007,04013,Maricopa
85008,04013,Maricopa
85009,04013,Maricopa
85010,04013,Maricopa
85011,04013,Maricopa
85012,04013,Maricopa
85013,04013,Maricopa
85014,04013,Maricopa
85015,04013,Maricopa
85016,04013,Maricopa
85017,04013,Maricopa
85018,04013,Maricopa
85019,04013,Maricopa
85020,04013,Maricopa
85021,04013,Maricopa
85022,04013,Maricopa
85023,04013,Maricopa
85024,04013,Maricopa
85025,04013,Maricopa
85026,04013,Maricopa
85027,04013,Maricopa
85028,04013,Maricopa
85029,04013,Maricopa
85030,04013,Maricopa
85031,04013,Maricopa
85032,04013,Maricopa
85033,04013,Maricopa
85034,04013,Maricopa
85035,04013,Maricopa
85036,04013,Maricopa
85037,04013,Maricopa
85038,04013,Maricopa
85039,04013,Maricopa
85040,04013,Maricopa
85041,04013,Maricopa
85042,04013,Maricopa
85043,04013,Maricopa
85044,04013,Maricopa
85045,04013,Maricopa
85046,04013,Maricopa
85048,04013,Maricopa
85050,04013,Maricopa
85051,04013,Maricopa
85053,04013,Maricopa
85054,04013,Maricopa
85060,04013,Maricopa
85061,04013,Maricopa
85062,04013,Maricopa
85063,04013,Maricopa
85064,04013,Maricopa
85065,04013,Maricopa
85066,04013,Maricopa
85067,04013,Maricopa
85068,04013,Maricopa
85069,04013,Maricopa
85070,04013,Maricopa
85071,04013,Maricopa
85072,04013,Maricopa
85073,04013,Maricopa
85074,04013,Maricopa
85075,04013,Maricopa
85076,04013,Maricopa
85078,04013,Maricopa
85079,04013,Maricopa
85080,04013,Maricopa
85082,04013,Maricopa
85083,04013,Maricopa
85085,04013,Maricopa
85086,04013,Maricopa
85087,04013,Maricopa
85097,04013,Maricopa
85098,04013,Maricopa
85117,04021,Pinal
85118,04021,Pinal
85119,04021,Pinal
85120,04021,Pinal
85121,04021,Pinal
85122,04021,Pinal
85123,04021,Pinal
85127,04013,Maricopa
85128,04021,Pinal
85130,04021,Pinal
85131,04021,Pinal
85132,04021,Pinal
85135,04007,Gila
85137,04021,Pinal
85138,04021,Pinal
85139,04021,Pinal
85140,04021,Pinal
85141,04021,Pinal
85142,04021,Pinal
85143,04021,Pinal
85144,04021,Pinal
85145,04021,Pinal
85147,04021,Pinal
85172,04021,Pinal
85173,04021,Pinal
85178,04021,Pinal
85190,04013,Maricopa
85191,04021,Pinal
85192,04021,Pinal
85193,04021,Pinal
85194,04021,Pinal
85201,04013,Maricopa
85202,04013,Maricopa
85203,04013,Maricopa
85204,04013,Maricopa
85205,04013,Maricopa
85206,04013,Maricopa
85207,04013,Maricopa
85208,04013,Maricopa
85209,04013,Maricopa
85210,04013,Maricopa
85211,04013,Maricopa
85212,04013,Maricopa
85213,04013,Maricopa
85214,04013,Maricopa
85215,04013,Maricopa
85216,04013,Maricopa
85224,04013,Maricopa
85225,04013,Maricopa
85226,04013,Maricopa
85233,04013,Maricopa
85234,04013,Maricopa
85236,04013,Maricopa
85244,04013,Maricopa
85246,04013,Maricopa
85248,04013,Maricopa
85249,04013,Maricopa
85250,04013,Maricopa
85251,04013,Maricopa
85252,04013,Maricopa
85253,04013,Maricopa
85254,04013,Maricopa
85255,04013,Maricopa
85256,04013,Maricopa
85257,04013,Maricopa
85258,04013,Maricopa
85259,04013,Maricopa
85260,04013,Maricopa
85261,04013,Maricopa
85262,04013,Maricopa
85263,04013,Maricopa
85264,04013,Maricopa
85266,04013,Maricopa
85267,04013,Maricopa
85268,04013,Maricopa
85269,04013,Maricopa
85271,04013,Maricopa
85274,04013,Maricopa
85275,04013,Maricopa
85277,04013,Maricopa
85280,04013,Maricopa
85281,04013,Maricopa
85282,04013,Maricopa
85283,04013,Maricopa
85284,04013,Maricopa
85285,04013,Maricopa
85286,04013,Maricopa
85287,04013,Maricopa
85288,04013,Maricopa
85295,04013,Maricopa
85296,04013,Maricopa
85297,04013,Maricopa
85298,04013,Maricopa
85299,04013,Maricopa
85301,04013,Maricopa
85302,04013,Maricopa
85303,04013,Maricopa
85304,04013,Maricopa
85305,04013,Maricopa
85306,04013,Maricopa
85307,04013,Maricopa
85308,04013,Maricopa
85309,04013,Maricopa
85310,04013,Maricopa
85311,04013,Maricopa
85312,04013,Maricopa
85318,04013,Maricopa
85320,04013,Maricopa
85321,04019,Pima
85322,04013,Maricopa
85323,04013,Maricopa
85324,04025,Yavapai
85325,04012,La Paz
85326,04013,Maricopa
85327,04013,Maricopa
85328,04012,La Paz
85329,04013,Maricopa
85331,04013,Maricopa
85332,04025,Yavapai
85333,04013,Maricopa
85334,04012,La Paz
85335,04013,Maricopa
85336,04027,Yuma
85337,04013,Maricopa
85338,04013,Maricopa
85339,04013,Maricopa
85340,04013,Maricopa
85341,04019,Pima
85342,04025,Yavapai
85343,04013,Maricopa
85344,04012,La Paz
85345,04013,Maricopa
85346,04012,La Paz
85347,04027,Yuma
85348,04012,La Paz
85349,04027,Yuma
85350,04027,Yuma
85351,04013,Maricopa
85352,04027,Yuma
85353,04013,Maricopa
85354,04013,Maricopa
85355,04013,Maricopa
85356,04027,Yuma
85357,04012,La Paz
85358,04013,Maricopa
85359,04012,La Paz
85360,04015,Mohave
85361,04013,Maricopa
85362,04025,Yavapai
85363,04013,Maricopa
85364,04027,Yuma
85365,04027,Yuma
85366,04027,Yuma
85367,04027,Yuma
85369,04027,Yuma
85371,04012,La Paz
85372,04013,Maricopa
85373,04013,Maricopa
85374,04013,Maricopa
85375,04013,Maricopa
85376,04013,Maricopa
85377,04013,Maricopa
85378,04013,Maricopa
85379,04013,Maricopa
85380,04013,Maricopa
85381,04013,Maricopa
85382,04013,Maricopa
85383,04013,Maricopa
85385,04013,Maricopa
85387,04013,Maricopa
85388,04013,Maricopa
85390,04013,Maricopa
85392,04013,Maricopa
85395,04013,Maricopa
85396,04013,Maricopa
85501,04007,Gila
85502,04007,Gila
85530,04009,Graham
85531,04009,Graham
85532,04007,Gila
85533,04011,Greenlee
85534,04011,Greenlee
85535,04009,Graham
85536,04009,Graham
85539,04007,Gila
85540,04011,Greenlee
85541,04007,Gila
85542,04009,Graham
85543,04009,Graham
85544,04007,Gila
85545,04013,Maricopa
85546,04009,Graham
85547,04007,Gila
85548,04009,Graham
85550,04007,Gila
85551,04009,Graham
85552,04009,Graham
85553,04007,Gila
85554,04007,Gila
85601,04019,Pima
85602,04003,Cochise
85603,04003,Cochise
85605,04003,Cochise
85606,04003,Cochise
85607,04003,Cochise
85608,04003,Cochise
85609,04003,Cochise
85610,04003,Cochise
85611,04023,Santa Cruz
85613,04003,Cochise
85614,04019,Pima
85615,04003,Cochise
85616,04003,Cochise
85617,04003,Cochise
85618,04021,Pinal
85619,04019,Pima
85620,04003,Cochise
85621,04023,Santa Cruz
85622,04019,Pima
85623,04021,Pinal
85624,04023,Santa Cruz
85625,04003,Cochise
85626,04003,Cochise
85627,04003,Cochise
85628,04023,Santa Cruz
85629,04019,Pima
85630,04003,Cochise
85631,04021,Pinal
85632,04003,Cochise
85633,04019,Pima
85634,04019,Pima
85635,04003,Cochise
85636,04003,Cochise
85637,04023,Santa Cruz
85638,04003,Cochise
85639,04019,Pima
85640,04023,Santa Cruz
85641,04019,Pima
85643,04009,Graham
85644,04003,Cochise
85645,04019,Pima
85646,04023,Santa Cruz
85648,04023,Santa Cruz
85650,04003,Cochise
85652,04019,Pima
85653,04019,Pima
85654,04019,Pima
85655,04003,Cochise
85658,04021,Pinal
85662,04023,Santa Cruz
85670,04003,Cochise
85671,04003,Cochise
85701,04019,Pima
85702,04019,Pima
85703,04019,Pima
85704,04019,Pima
85705,04019,Pima
85706,04019,Pima
85707,04019,Pima
85708,04019,Pima
85709,04019,Pima
85710,04019,Pima
85711,04019,Pima
85712,04019,Pima
85713,04019,Pima
85714,04019,Pima
85715,04019,Pima
85716,04019,Pima
85717,04019,Pima
85718,04019,Pima
85719,04019,Pima
85720,04019,Pima
85721,04019,Pima
85722,04019,Pima
85723,04019,Pima
85724,04019,Pima
85725,04019,Pima
85726,04019,Pima
85728,04019,Pima
85730,04019,Pima
85731,04019,Pima
85732,04019,Pima
85733,04019,Pima
85734,04019,Pima
85735,04019,Pima
85736,04019,Pima
85737,04019,Pima
85738,04019,Pima
85739,04021,Pinal
85740,04019,Pima
85741,04019,Pima
85742,04019,Pima
85743,04019,Pima
85744,04019,Pima
85745,04019,Pima
85746,04019,Pima
85747,04019,Pima
85748,04019,Pima
85749,04019,Pima
85750,04019,Pima
85751,04019,Pima
85752,04019,Pima
85754,04019,Pima
85755,04019,Pima
85756,04019,Pima
85757,04019,Pima
85775,04019,Pima
85901,04017,Navajo
85902,04017,Navajo
85911,04017,Navajo
85912,04017,Navajo
85920,04001,Apache
85922,04011,Greenlee
85923,04017,Navajo
85924,04001,Apache
85925,04001,Apache
85926,04017,Navajo
85927,04001,Apache
85928,04017,Navajo
85929,04017,Navajo
85930,04001,Apache
85931,04005,Coconino
85932,04001,Apache
85933,04017,Navajo
85934,04017,Navajo
85935,04017,Navajo
85936,04001,Apache
85937,04017,Navajo
85938,04001,Apache
85939,04017,Navajo
85940,04001,Apache
85941,04007,Gila
85942,04017,Navajo
86001,04005,Coconino
86002,04005,Coconino
86003,04005,Coconino
86004,04005,Coconino
86005,04005,Coconino
86011,04005,Coconino
86015,04005,Coconino
86016,04005,Coconino
86017,04005,Coconino
86018,04005,Coconino
86020,04005,Coconino
86021,04015,Mohave
86022,04005,Coconino
86023,04005,Coconino
86024,04005,Coconino
86025,04017,Navajo
86028,04001,Apache
86029,04017,Navajo
86030,04005,Coconino
86031,04017,Navajo
86032,04017,Navajo
86033,04017,Navajo
86034,04017,Navajo
86035,04005,Coconino
86036,04005,Coconino
86038,04005,Coconino
86039,04017,Navajo
86040,04005,Coconino
86042,04017,Navajo
86043,04017,Navajo
86044,04005,Coconino
86045,04005,Coconino
86046,04005,Coconino
86047,04017,Navajo
86052,04005,Coconino
86053,04005,Coconino
86054,04017,Navajo
86301,04025,Yavapai
86302,04025,Yavapai
86303,04025,Yavapai
86304,04025,Yavapai
86305,04025,Yavapai
86312,04025,Yavapai
86313,04025,Yavapai
86314,04025,Yavapai
86315,04025,Yavapai
86320,04005,Coconino
86321,04025,Yavapai
86322,04025,Yavapai
86323,04025,Yavapai
86324,04025,Yavapai
86325,04025,Yavapai
86326,04025,Yavapai
86327,04025,Yavapai
86329,04025,Yavapai
86331,04025,Yavapai
86332,04025,Yavapai
86333,04025,Yavapai
86334,04025,Yavapai
86335,04025,Yavapai
86336,04025,Yavapai
86337,04025,Yavapai
86338,04025,Yavapai
86339,04005,Coconino
86340,04025,Yavapai
86341,04025,Yavapai
86342,04025,Yavapai
86343,04025,Yavapai
86351,04025,Yavapai
86401,04015,Mohave
86402,04015,Mohave
86403,04015,Mohave
86404,04015,Mohave
86405,04015,Mohave
86406,04015,Mohave
86409,04015,Mohave
86411,04015,Mohave
86412,04015,Mohave
86413,04015,Mohave
86426,04015,Mohave
86427,04015,Mohave
86429,04015,Mohave
86430,04015,Mohave
86431,04015,Mohave
86432,04015,Mohave
86433,04015,Mohave
86434,04015,Mohave
86435,04005,Coconino
86436,04015,Mohave
86437,04015,Mohave
86438,04015,Mohave
86439,04015,Mohave
86440,04015,Mohave
86441,04015,Mohave
86442,04015,Mohave
86443,04015,Mohave
86444,04015,Mohave
86445,04015,Mohave
86446,04015,Mohave
86502,04001,Apache
86503,04001,Apache
86504,04001,Apache
86505,04001,Apache
86506,04001,Apache
86507,04001,Apache
86508,04001,Apache
86510,04017,Navajo
86511,04001,Apache
86512,04001,Apache
86514,04001,Apache
86515,35031,McKinley
86520,04001,Apache
86535,04001,Apache
86538,04001,Apache
86540,04001,Apache
86544,04001,Apache
86545,04001,Apache
86547,04001,Apache
86556,04001,Apache
87001,35043,Sandoval
87002,35061,Valencia
87004,35043,Sandoval
87005,35006,Cibola
87006,35053,Socorro
87007,35006,Cibola
87008,35001,Bernalillo
87009,35057,Torrance
87010,35049,Santa Fe
87011,35053,Socorro
87012,35039,Rio Arriba
87013,35043,Sandoval
87014,35006,Cibola
87015,35049,Santa Fe
87016,35057,Torrance
87017,35039,Rio Arriba
87018,35043,Sandoval
87020,35006,Cibola
87021,35006,Cibola
87022,35001,Bernalillo
87023,35061,Valencia
87024,35043,Sandoval
87025,35043,Sandoval
87026,35006,Cibola
87027,35043,Sandoval
87028,35053,Socorro
87029,35039,Rio Arriba
87031,35061,Valencia
87032,35057,Torrance
87034,35006,Cibola
87035,35057,Torrance
87036,35057,Torrance
87037,35045,San Juan
87038,35006,Cibola
87040,35006,Cibola
87041,35043,Sandoval
87042,35061,Valencia
87043,35043,Sandoval
87044,35043,Sandoval
87045,35031,McKinley
87046,35039,Rio Arriba
87047,35043,Sandoval
87048,35043,Sandoval
87049,35006,Cibola
87051,35006,Cibola
87052,35043,Sandoval
87053,35043,Sandoval
87056,35049,Santa Fe
87059,35001,Bernalillo
87060,35061,Valencia
87061,35057,Torrance
87062,35053,Socorro
87063,35057,Torrance
87064,35039,Rio Arriba
87068,35001,Bernalillo
87070,35057,Torrance
87072,35043,Sandoval
87083,35043,Sandoval
87101,35001,Bernalillo
87102,35001,Bernalillo
87103,35001,Bernalillo
87104,35001,Bernalillo
87105,35001,Bernalillo
87106,35001,Bernalillo
87107,35001,Bernalillo
87108,35001,Bernalillo
87109,35001,Bernalillo
87110,35001,Bernalillo
87111,35001,Bernalillo
87112,35001,Bernalillo
87113,35001,Bernalillo
87114,35001,Bernalillo
87115,35001,Bernalillo
87116,35001,Bernalillo
87117,35001,Bernalillo
87119,35001,Bernalillo
87120,35001,Bernalillo
87121,35001,Bernalillo
87122,35001,Bernalillo
87123,35001,Bernalillo
87124,35043,Sandoval
87125,35001,Bernalillo
87131,35001,Bernalillo
87144,35043,Sandoval
87151,35001,Bernalillo
87153,35001,Bernalillo
87154,35001,Bernalillo
87158,35001,Bernalillo
87174,35001,Bernalillo
87176,35001,Bernalillo
87181,35001,Bernalillo
87184,35001,Bernalillo
87185,35001,Bernalillo
87187,35001,Bernalillo
87190,35001,Bernalillo
87191,35001,Bernalillo
87192,35001,Bernalillo
87193,35001,Bernalillo
87194,35001,Bernalillo
87195,35001,Bernalillo
87196,35001,Bernalillo
87197,35001,Bernalillo
87198,35001,Bernalillo
87199,35001,Bernalillo
87301,35031,McKinley
87302,35031,McKinley
87305,35031,McKinley
87310,35031,McKinley
87311,35031,McKinley
87312,35031,McKinley
87313,35031,McKinley
87315,35006,Cibola
87316,35031,McKinley
87317,35031,McKinley
87319,35031,McKinley
87320,35031,McKinley
87321,35006,Cibola
87322,35031,McKinley
87323,35031,McKinley
87325,35031,McKinley
87326,35031,McKinley
87327,35031,McKinley
87328,04001,Apache
87347,35031,McKinley
87357,35006,Cibola
87364,35045,San Juan
87365,35031,McKinley
87375,35031,McKinley
87401,35045,San Juan
87402,35045,San Juan
87410,35045,San Juan
87412,35039,Rio Arriba
87413,35045,San Juan
87415,35045,San Juan
87416,35045,San Juan
87417,35045,San Juan
87418,35045,San Juan
87419,35045,San Juan
87420,35045,San Juan
87421,35045,San Juan
87455,35045,San Juan
87461,35045,San Juan
87499,35045,San Juan
87501,35049,Santa Fe
87502,35049,Santa Fe
87503,35049,Santa Fe
87504,35049,Santa Fe
87505,35049,Santa Fe
87506,35049,Santa Fe
87507,35049,Santa Fe
87508,35049,Santa Fe
87509,35049,Santa Fe
87510,35039,Rio Arriba
87511,35039,Rio Arriba
87512,35055,Taos
87513,35055,Taos
87514,35055,Taos
87515,35039,Rio Arriba
87516,35039,Rio Arriba
87517,35055,Taos
87518,35039,Rio Arriba
87519,35055,Taos
87520,35039,Rio Arriba
87521,35039,Rio Arriba
87522,35049,Santa Fe
87523,35039,Rio Arriba
87524,35055,Taos
87525,35055,Taos
87527,35039,Rio Arriba
87528,35039,Rio Arriba
87529,35055,Taos
87530,35039,Rio Arriba
87531,35055,Taos
87532,35039,Rio Arriba
87533,35039,Rio Arriba
87535,35049,Santa Fe
87537,35039,Rio Arriba
87538,35047,San Miguel
87539,35039,Rio Arriba
87540,35049,Santa Fe
87543,35055,Taos
87544,35043,Sandoval
87545,35028,Los Alamos
87547,35028,Los Alamos
87548,35039,Rio Arriba
87549,35039,Rio Arriba
87551,35039,Rio Arriba
87552,35047,San Miguel
87553,35055,Taos
87554,35039,Rio Arriba
87556,35055,Taos
87557,35055,Taos
87558,35055,Taos
87560,35047,San Miguel
87562,35047,San Miguel
87564,35055,Taos
87565,35047,San Miguel
87566,35039,Rio Arriba
87567,35049,Santa Fe
87569,35047,San Miguel
87571,35055,Taos
87573,35047,San Miguel
87574,35049,Santa Fe
87575,35039,Rio Arriba
87576,35055,Taos
87577,35039,Rio Arriba
87578,35039,Rio Arriba
87579,35055,Taos
87580,35055,Taos
87581,35039,Rio Arriba
87582,35039,Rio Arriba
87583,35047,San Miguel
87592,35049,Santa Fe
87594,35049,Santa Fe
87654,35051,Sierra
87701,35047,San Miguel
87710,35007,Colfax
87711,35047,San Miguel
87712,35033,Mora
87713,35033,Mora
87714,35007,Colfax
87715,35033,Mora
87718,35007,Colfax
87722,35033,Mora
87723,35033,Mora
87724,35019,Guadalupe
87728,35007,Colfax
87729,35007,Colfax
87730,35021,Harding
87731,35047,San Miguel
87732,35033,Mora
87733,35021,Harding
87734,35033,Mora
87735,35033,Mora
87736,35033,Mora
87740,35007,Colfax
87742,35047,San Miguel
87743,35021,Harding
87745,35047,San Miguel
87746,35047,San Miguel
87747,35007,Colfax
87749,35007,Colfax
87750,35033,Mora
87752,35033,Mora
87753,35033,Mora
87801,35053,Socorro
87820,35003,Catron
87821,35003,Catron
87823,35053,Socorro
87824,35003,Catron
87825,35053,Socorro
87827,35003,Catron
87828,35053,Socorro
87829,35003,Catron
87830,35003,Catron
87831,35053,Socorro
87832,35053,Socorro
87901,35051,Sierra
87930,35051,Sierra
87931,35051,Sierra
87933,35051,Sierra
87935,35051,Sierra
87936,35013,Doña Ana
87937,35013,Doña Ana
87939,35051,Sierra
87940,35013,Doña Ana
87941,35013,Doña Ana
87942,35051,Sierra
87943,35051,Sierra
88001,35013,Doña Ana
88002,35013,Doña Ana
88003,35013,Doña Ana
88004,35013,Doña Ana
88005,35013,Doña Ana
88006,35013,Doña Ana
88007,35013,Doña Ana
88008,35013,Doña Ana
88009,35023,Hidalgo
88011,35013,Doña Ana
88012,35013,Doña Ana
88013,35013,Doña Ana
88020,35023,Hidalgo
88021,35013,Doña Ana
88022,35017,Grant
88023,35017,Grant
88024,35013,Doña Ana
88025,35017,Grant
88026,35017,Grant
88027,35013,Doña Ana
88028,35017,Grant
88029,35029,Luna
88030,35029,Luna
88031,35029,Luna
88032,35013,Doña Ana
88033,35013,Doña Ana
88034,35017,Grant
88036,35017,Grant
88038,35017,Grant
88039,35003,Catron
88040,35023,Hidalgo
88041,35017,Grant
88042,35051,Sierra
88043,35017,Grant
88044,35013,Doña Ana
88045,35023,Hidalgo
88046,35013,Doña Ana
88047,35013,Doña Ana
88048,35013,Doña Ana
88049,35017,Grant
88051,35017,Grant
88052,35013,Doña Ana
88053,35017,Grant
88054,35013,Doña Ana
88055,35017,Grant
88056,35023,Hidalgo
88058,35013,Doña Ana
88061,35017,Grant
88062,35017,Grant
88063,35013,Doña Ana
88065,35017,Grant
88072,35013,Doña Ana
88081,35035,Otero
88101,35009,Curry
88102,35009,Curry
88103,35009,Curry
88112,35009,Curry
88113,35041,Roosevelt
88114,35025,Lea
88115,35041,Roosevelt
88116,35041,Roosevelt
88118,35041,Roosevelt
88119,35011,De Baca
88120,35037,Quay
88121,35037,Quay
88122,35041,Roosevelt
88123,35041,Roosevelt
88124,35009,Curry
88125,35041,Roosevelt
88126,35041,Roosevelt
88130,35041,Roosevelt
88132,35041,Roosevelt
88133,35009,Curry
88134,35011,De Baca
88135,35009,Curry
88136,35011,De Baca
88201,35005,Chaves
88202,35005,Chaves
88203,35005,Chaves
88210,35015,Eddy
88211,35015,Eddy
88213,35025,Lea
88220,35015,Eddy
88221,35015,Eddy
88230,35005,Chaves
88231,35025,Lea
88232,35005,Chaves
88240,35025,Lea
88241,35025,Lea
88242,35025,Lea
88244,35025,Lea
88250,35005,Chaves
88252,35025,Lea
88253,35005,Chaves
88254,35015,Eddy
88255,35015,Eddy
88256,35015,Eddy
88260,35025,Lea
88262,35025,Lea
88263,35015,Eddy
88264,35025,Lea
88265,35025,Lea
88267,35025,Lea
88268,35015,Eddy
88301,35027,Lincoln
88310,35035,Otero
88311,35035,Otero
88312,35027,Lincoln
88314,35035,Otero
88316,35027,Lincoln
88317,35035,Otero
88318,35027,Lincoln
88321,35057,Torrance
88323,35027,Lincoln
88324,35027,Lincoln
88325,35035,Otero
88330,35035,Otero
88336,35027,Lincoln
88337,35035,Otero
88338,35027,Lincoln
88339,35005,Chaves
88340,35035,Otero
88341,35027,Lincoln
88342,35035,Otero
88343,35027,Lincoln
88344,35035,Otero
88345,35027,Lincoln
88346,35027,Lincoln
88347,35035,Otero
88348,35027,Lincoln
88349,35035,Otero
88350,35035,Otero
88351,35027,Lincoln
88352,35035,Otero
88353,35019,Guadalupe
88354,35035,Otero
88355,35027,Lincoln
88401,35037,Quay
88410,35059,Union
88411,35037,Quay
88414,35007,Colfax
88415,35059,Union
88416,35047,San Miguel
88417,35019,Guadalupe
88418,35059,Union
88419,35059,Union
88421,35047,San Miguel
88422,35059,Union
88424,35059,Union
88426,35021,Harding
88427,35037,Quay
88430,35037,Quay
88431,35019,Guadalupe
88433,35037,Quay
88434,35037,Quay
88435,35019,Guadalupe
88436,35059,Union
88439,35047,San Miguel
88510,48141,El Paso
88511,48141,El Paso
88512,48141,El Paso
88513,48141,El Paso
88514,48141,El Paso
88515,48141,El Paso
88517,48141,El Paso
88518,48141,El Paso
88519,48141,El Paso
88520,48141,El Paso
88521,48141,El Paso
88523,48141,El Paso
88524,48141,El Paso
88525,48141,El Paso
88526,48141,El Paso
88527,48141,El Paso
88528,48141,El Paso
88529,48141,El Paso
88530,48141,El Paso
88531,48141,El Paso
88532,48141,El Paso
88533,48141,El Paso
88534,48141,El Paso
88535,48141,El Paso
88536,48141,El Paso
88538,48141,El Paso
88539,48141,El Paso
88540,48141,El Paso
88541,48141,El Paso
88542,48141,El Paso
88543,48141,El Paso
88544,48141,El Paso
88545,48141,El Paso
88546,48141,El Paso
88547,48141,El Paso
88548,48141,El Paso
88549,48141,El Paso
88550,48141,El Paso
88553,48141,El Paso
88554,48141,El Paso
88555,48141,El Paso
88556,48141,El Paso
88557,48141,El Paso
88558,48141,El Paso
88559,48141,El Paso
88560,48141,El Paso
88561,48141,El Paso
88562,48141,El Paso
88563,48141,El Paso
88565,48141,El Paso
88566,48141,El Paso
88567,48141,El Paso
88568,48141,El Paso
88569,48141,El Paso
88570,48141,El Paso
88571,48141,El Paso
88572,48141,El Paso
88573,48141,El Paso
88574,48141,El Paso
88575,48141,El Paso
88576,48141,El Paso
88577,48141,El Paso
88578,48141,El Paso
88579,48141,El Paso
88580,48141,El Paso
88581,48141,El Paso
88582,48141,El Paso
88583,48141,El Paso
88584,48141,El Paso
88585,48141,El Paso
88586,48141,El Paso
88587,48141,El Paso
88588,48141,El Paso
88589,48141,El Paso
88590,48141,El Paso
88595,48141,El Paso
88901,32003,Clark
88905,32003,Clark
89001,32017,Lincoln
89002,32003,Clark
89003,32023,Nye
89004,32003,Clark
89005,32003,Clark
89006,32003,Clark
89007,32003,Clark
89008,32017,Lincoln
89009,32003,Clark
89010,32009,Esmeralda
89011,32003,Clark
89012,32003,Clark
89013,32009,Esmeralda
89014,32003,Clark
89015,32003,Clark
89016,32003,Clark
89017,32017,Lincoln
89018,32003,Clark
89019,32003,Clark
89020,32023,Nye
89021,32003,Clark
89022,32023,Nye
89023,32023,Nye
89024,32003,Clark
89025,32003,Clark
89026,32003,Clark
89027,32003,Clark
89028,32003,Clark
89029,32003,Clark
89030,32003,Clark
89031,32003,Clark
89032,32003,Clark
89033,32003,Clark
89034,32003,Clark
89036,32003,Clark
89037,32003,Clark
89039,32003,Clark
89040,32003,Clark
89041,32023,Nye
89042,32017,Lincoln
89043,32017,Lincoln
89044,32003,Clark
89045,32023,Nye
89046,32003,Clark
89047,32009,Esmeralda
89048,32023,Nye
89049,32023,Nye
89052,32003,Clark
89053,32003,Clark
89054,32003,Clark
89060,32023,Nye
89061,32023,Nye
89067,32003,Clark
89070,32003,Clark
89074,32003,Clark
89077,32003,Clark
89081,32003,Clark
89084,32003,Clark
89085,32003,Clark
89086,32003,Clark
89087,32003,Clark
89101,32003,Clark
89102,32003,Clark
89103,32003,Clark
89104,32003,Clark
89105,32003,Clark
89106,32003,Clark
89107,32003,Clark
89108,32003,Clark
89109,32003,Clark
89110,32003,Clark
89111,32003,Clark
89112,32003,Clark
89113,32003,Clark
89114,32003,Clark
89115,32003,Clark
89116,32003,Clark
89117,32003,Clark
89118,32003,Clark
89119,32003,Clark
89120,32003,Clark
89121,32003,Clark
89122,32003,Clark
89123,32003,Clark
89124,32003,Clark
89125,32003,Clark
89126,32003,Clark
89127,32003,Clark
89128,32003,Clark
89129,32003,Clark
89130,32003,Clark
89131,32003,Clark
89132,32003,Clark
89133,32003,Clark
89134,32003,Clark
89135,32003,Clark
89136,32003,Clark
89137,32003,Clark
89138,32003,Clark
89139,32003,Clark
89140,32003,Clark
89141,32003,Clark
89142,32003,Clark
89143,32003,Clark
89144,32003,Clark
89145,32003,Clark
89146,32003,Clark
89147,32003,Clark
89148,32003,Clark
89149,32003,Clark
89150,32003,Clark
89151,32003,Clark
89152,32003,Clark
89153,32003,Clark
89154,32003,Clark
89155,32003,Clark
89156,32003,Clark
89157,32003,Clark
89158,32003,Clark
89159,32003,Clark
89160,32003,Clark
89161,32003,Clark
89162,32003,Clark
89163,32003,Clark
89164,32003,Clark
89165,32003,Clark
89166,32003,Clark
89169,32003,Clark
89170,32003,Clark
89173,32003,Clark
89177,32003,Clark
89178,32003,Clark
89179,32003,Clark
89180,32003,Clark
89183,32003,Clark
89185,32003,Clark
89191,32003,Clark
89193,32003,Clark
89195,32003,Clark
89199,32003,Clark
89301,32033,White Pine
89310,32015,Lander
89311,32033,White Pine
89314,32023,Nye
89315,32033,White Pine
89316,32011,Eureka
89317,32033,White Pine
89318,32033,White Pine
89319,32033,White Pine
89402,32031,Washoe
89403,32019,Lyon
89404,32013,Humboldt
89405,32031,Washoe
89406,32001,Churchill
89407,32001,Churchill
89408,32001,Churchill
89409,32023,Nye
89410,32005,Douglas
89411,32005,Douglas
89412,32031,Washoe
89413,32005,Douglas
89414,32013,Humboldt
89415,32021,Mineral
89418,32027,Pershing
89419,32027,Pershing
89420,32021,Mineral
89421,41045,Malheur
89422,32021,Mineral
89423,32005,Douglas
89424,32031,Washoe
89425,32013,Humboldt
89426,32013,Humboldt
89427,32021,Mineral
89428,32019,Lyon
89429,32019,Lyon
89430,32019,Lyon
89431,32031,Washoe
89432,32031,Washoe
89433,32031,Washoe
89434,32029,Storey
89435,32031,Washoe
89436,32031,Washoe
89437,32029,Storey
89438,32013,Humboldt
89439,32031,Washoe
89440,32029,Storey
89441,32031,Washoe
89442,32031,Washoe
89444,32019,Lyon
89445,32013,Humboldt
89446,32013,Humboldt
89447,32019,Lyon
89448,32005,Douglas
89449,32005,Douglas
89450,32031,Washoe
89451,32031,Washoe
89452,32031,Washoe
89460,32005,Douglas
89496,32001,Churchill
89501,32031,Washoe
89502,32031,Washoe
89503,32031,Washoe
89504,32031,Washoe
89505,32031,Washoe
89506,32031,Washoe
89507,32031,Washoe
89508,32031,Washoe
89509,32031,Washoe
89510,32031,Washoe
89511,32031,Washoe
89512,32031,Washoe
89513,32031,Washoe
89515,32031,Washoe
89519,32031,Washoe
89520,32031,Washoe
89521,32031,Washoe
89523,32031,Washoe
89533,32031,Washoe
89555,32031,Washoe
89557,32031,Washoe
89570,32031,Washoe
89595,32031,Washoe
89599,32031,Washoe
89701,32510,Carson City
89702,32510,Carson City
89703,32510,Carson City
89704,32031,Washoe
89705,32005,Douglas
89706,32510,Carson City
89711,32510,Carson City
89712,32510,Carson City
89713,32510,Carson City
89714,32510,Carson City
89721,32510,Carson City
89801,32007,Elko
89802,32007,Elko
89803,32007,Elko
89815,32007,Elko
89820,32015,Lander
89821,32011,Eureka
89822,32011,Eureka
89823,32007,Elko
89825,32007,Elko
89826,32007,Elko
89828,32007,Elko
89830,32007,Elko
89831,32007,Elko
89832,32007,Elko
89833,32007,Elko
89834,32007,Elko
89835,32007,Elko
89883,32007,Elko
90001,06037,Los Angeles
90002,06037,Los Angeles
90003,06037,Los Angeles
90004,06037,Los Angeles
90005,06037,Los Angeles
90006,06037,Los Angeles
90007,06037,Los Angeles
90008,06037,Los Angeles
90009,06037,Los Angeles
90010,06037,Los Angeles
90011,06037,Los Angeles
90012,06037,Los Angeles
90013,06037,Los Angeles
90014,06037,Los Angeles
90015,06037,Los Angeles
90016,06037,Los Angeles
90017,06037,Los Angeles
90018,06037,Los Angeles
90019,06037,Los Angeles
90020,06037,Los Angeles
90021,06037,Los Angeles
90022,06037,Los Angeles
90023,06037,Los Angeles
90024,06037,Los Angeles
90025,06037,Los Angeles
90026,06037,Los Angeles
90027,06037,Los Angeles
90028,06037,Los Angeles
90029,06037,Los Angeles
90030,06037,Los Angeles
90031,06037,Los Angeles
90032,06037,Los Angeles
90033,06037,Los Angeles
90034,06037,Los Angeles
90035,06037,Los Angeles
90036,06037,Los Angeles
90037,06037,Los Angeles
90038,06037,Los Angeles
90039,06037,Los Angeles
90040,06037,Los Angeles
90041,06037,Los Angeles
90042,06037,Los Angeles
90043,06037,Los Angeles
90044,06037,Los Angeles
90045,06037,Los Angeles
90046,06037,Los Angeles
90047,06037,Los Angeles
90048,06037,Los Angeles
90049,06037,Los Angeles
90050,06037,Los Angeles
90051,06037,Los Angeles
90052,06037,Los Angeles
90053,06037,Los Angeles
90054,06037,Los Angeles
90055,06037,Los Angeles
90056,06037,Los Angeles
90057,06037,Los Angeles
90058,06037,Los Angeles
90059,06037,Los Angeles
90060,06037,Los Angeles
90061,06037,Los Angeles
90062,06037,Los Angeles
90063,06037,Los Angeles
90064,06037,Los Angeles
90065,06037,Los Angeles
90066,06037,Los Angeles
90067,06037,Los Angeles
90068,06037,Los Angeles
90069,06037,Los Angeles
90070,06037,Los Angeles
90071,06037,Los Angeles
90072,06037,Los Angeles
90073,06037,Los Angeles
90074,06037,Los Angeles
90075,06037,Los Angeles
90076,06037,Los Angeles
90077,06037,Los Angeles
90078,06037,Los Angeles
90079,06037,Los Angeles
90080,06037,Los Angeles
90081,06037,Los Angeles
90082,06037,Los Angeles
90083,06037,Los Angeles
90084,06037,Los Angeles
90086,06037,Los Angeles
90087,06037,Los Angeles
90088,06037,Los Angeles
90089,06037,Los Angeles
90090,06037,Los Angeles
90091,06037,Los Angeles
90093,06037,Los Angeles
90094,06037,Los Angeles
90095,06037,Los Angeles
90096,06037,Los Angeles
90099,06037,Los Angeles
90134,06037,Los Angeles
90189,06037,Los Angeles
90201,06037,Los Angeles
90202,06037,Los Angeles
90209,06037,Los Angeles
90210,06037,Los Angeles
90211,06037,Los Angeles
90212,06037,Los Angeles
90213,06037,Los Angeles
90220,06037,Los Angeles
90221,06037,Los Angeles
90222,06037,Los Angeles
90223,06037,Los Angeles
90224,06037,Los Angeles
90230,06037,Los Angeles
90231,06037,Los Angeles
90232,06037,Los Angeles
90233,06037,Los Angeles
90239,06037,Los Angeles
90240,06037,Los Angeles
90241,06037,Los Angeles
90242,06037,Los Angeles
90245,06037,Los Angeles
90247,06037,Los Angeles
90248,06037,Los Angeles
90249,06037,Los Angeles
90250,06037,Los Angeles
90251,06037,Los Angeles
90254,06037,Los Angeles
90255,06037,Los Angeles
90260,06037,Los Angeles
90261,06037,Los Angeles
90262,06037,Los Angeles
90263,06037,Los Angeles
90264,06037,Los Angeles
90265,06037,Los Angeles
90266,06037,Los Angeles
90267,06037,Los Angeles
90270,06037,Los Angeles
90272,06037,Los Angeles
90274,06037,Los Angeles
90275,06037,Los Angeles
90277,06037,Los Angeles
90278,06037,Los Angeles
90280,06037,Los Angeles
90290,06037,Los Angeles
90291,06037,Los Angeles
90292,06037,Los Angeles
90293,06037,Los Angeles
90294,06037,Los Angeles
90295,06037,Los Angeles
90296,06037,Los Angeles
90301,06037,Los Angeles
90302,06037,Los Angeles
90303,06037,Los Angeles
90304,06037,Los Angeles
90305,06037,Los Angeles
90306,06037,Los Angeles
90307,06037,Los Angeles
90308,06037,Los Angeles
90309,06037,Los Angeles
90310,06037,Los Angeles
90311,06037,Los Angeles
90312,06037,Los Angeles
90401,06037,Los Angeles
90402,06037,Los Angeles
90403,06037,Los Angeles
90404,06037,Los Angeles
90405,06037,Los Angeles
90406,06037,Los Angeles
90407,06037,Los Angeles
90408,06037,Los Angeles
90409,06037,Los Angeles
90410,06037,Los Angeles
90411,06037,Los Angeles
90501,06037,Los Angeles
90502,06037,Los Angeles
90503,06037,Los Angeles
90504,06037,Los Angeles
90505,06037,Los Angeles
90506,06037,Los Angeles
90507,06037,Los Angeles
90508,06037,Los Angeles
90509,06037,Los Angeles
90510,06037,Los Angeles
90601,06037,Los Angeles
90602,06037,Los Angeles
90603,06037,Los Angeles
90604,06037,Los Angeles
90605,06037,Los Angeles
90606,06037,Los Angeles
90607,06037,Los Angeles
90608,06037,Los Angeles
90609,06037,Los Angeles
90610,06037,Los Angeles
90620,06059,Orange
90621,06059,Orange
90622,06059,Orange
90623,06059,Orange
90624,06059,Orange
90630,06059,Orange
90631,06059,Orange
90632,06059,Orange
90633,06059,Orange
90637,06037,Los Angeles
90638,06037,Los Angeles
90639,06037,Los Angeles
90640,06037,Los Angeles
90650,06037,Los Angeles
90651,06037,Los Angeles
90652,06037,Los Angeles
90660,06037,Los Angeles
90661,06037,Los Angeles
90662,06037,Los Angeles
90670,06037,Los Angeles
90671,06037,Los Angeles
90680,06059,Orange
90701,06037,Los Angeles
90702,06037,Los Angeles
90703,06037,Los Angeles
90704,06037,Los Angeles
90706,06037,Los Angeles
90707,06037,Los Angeles
90710,06037,Los Angeles
90711,06037,Los Angeles
90712,06037,Los Angeles
90713,06037,Los Angeles
90714,06037,Los Angeles
90715,06037,Los Angeles
90716,06037,Los Angeles
90717,06037,Los Angeles
90720,06059,Orange
90721,06059,Orange
90723,06037,Los Angeles
90731,06037,Los Angeles
90732,06037,Los Angeles
90733,06037,Los Angeles
90734,06037,Los Angeles
90740,06059,Orange
90742,06059,Orange
90743,06059,Orange
90744,06037,Los Angeles
90745,06037,Los Angeles
90746,06037,Los Angeles
90747,06037,Los Angeles
90748,06037,Los Angeles
90749,06037,Los Angeles
90755,06037,Los Angeles
90801,06037,Los Angeles
90802,06037,Los Angeles
90803,06037,Los Angeles
90804,06037,Los Angeles
90805,06037,Los Angeles
90806,06037,Los Angeles
90807,06037,Los Angeles
90808,06037,Los Angeles
90809,06037,Los Angeles
90810,06037,Los Angeles
90813,06037,Los Angeles
90814,06037,Los Angeles
90815,06037,Los Angeles
90822,06037,Los Angeles
90831,06037,Los Angeles
90832,06037,Los Angeles
90833,06037,Los Angeles
90834,06037,Los Angeles
90835,06037,Los Angeles
90840,06037,Los Angeles
90842,06037,Los Angeles
90844,06037,Los Angeles
90846,06037,Los Angeles
90847,06037,Los Angeles
90848,06037,Los Angeles
90853,06037,Los Angeles
90895,06037,Los Angeles
90899,06037,Los Angeles
91001,06037,Los Angeles
91003,06037,Los Angeles
91006,06037,Los Angeles
91007,06037,Los Angeles
91008,06037,Los Angeles
91009,06037,Los Angeles
91010,06037,Los Angeles
91011,06037,Los Angeles
91012,06037,Los Angeles
91016,06037,Los Angeles
91017,06037,Los Angeles
91020,06037,Los Angeles
91021,06037,Los Angeles
91023,06037,Los Angeles
91024,06037,Los Angeles
91025,06037,Los Angeles
91030,06037,Los Angeles
91031,06037,Los Angeles
91040,06037,Los Angeles
91041,06037,Los Angeles
91042,06037,Los Angeles
91043,06037,Los Angeles
91046,06037,Los Angeles
91066,06037,Los Angeles
91077,06037,Los Angeles
91101,06037,Los Angeles
91102,06037,Los Angeles
91103,06037,Los Angeles
91104,06037,Los Angeles
91105,06037,Los Angeles
91106,06037,Los Angeles
91107,06037,Los Angeles
91108,06037,Los Angeles
91109,06037,Los Angeles
91110,06037,Los Angeles
91114,06037,Los Angeles
91115,06037,Los Angeles
91116,06037,Los Angeles
91117,06037,Los Angeles
91118,06037,Los Angeles
91121,06037,Los Angeles
91123,06037,Los Angeles
91124,06037,Los Angeles
91125,06037,Los Angeles
91126,06037,Los Angeles
91129,06037,Los Angeles
91182,06037,Los Angeles
91184,06037,Los Angeles
91185,06037,Los Angeles
91188,06037,Los Angeles
91189,06037,Los Angeles
91199,06037,Los Angeles
91201,06037,Los Angeles
91202,06037,Los Angeles
91203,06037,Los Angeles
91204,06037,Los Angeles
91205,06037,Los Angeles
91206,06037,Los Angeles
91207,06037,Los Angeles
91208,06037,Los Angeles
91209,06037,Los Angeles
91210,06037,Los Angeles
91214,06037,Los Angeles
91221,06037,Los Angeles
91222,06037,Los Angeles
91224,06037,Los Angeles
91225,06037,Los Angeles
91226,06037,Los Angeles
91301,06037,Los Angeles
91302,06037,Los Angeles
91303,06037,Los Angeles
91304,06037,Los Angeles
91305,06037,Los Angeles
91306,06037,Los Angeles
91307,06037,Los Angeles
91308,06037,Los Angeles
91309,06037,Los Angeles
91310,06037,Los Angeles
91311,06037,Los Angeles
91313,06037,Los Angeles
91316,06037,Los Angeles
91319,06111,Ventura
91320,06111,Ventura
91321,06037,Los Angeles
91322,06037,Los Angeles
91324,06037,Los Angeles
91325,06037,Los Angeles
91326,06037,Los Angeles
91327,06037,Los Angeles
91328,06037,Los Angeles
91329,06037,Los Angeles
91330,06037,Los Angeles
91331,06037,Los Angeles
91333,06037,Los Angeles
91334,06037,Los Angeles
91335,06037,Los Angeles
91337,06037,Los Angeles
91340,06037,Los Angeles
91341,06037,Los Angeles
91342,06037,Los Angeles
91343,06037,Los Angeles
91344,06037,Los Angeles
91345,06037,Los Angeles
91346,06037,Los Angeles
91350,06037,Los Angeles
91351,06037,Los Angeles
91352,06037,Los Angeles
91353,06037,Los Angeles
91354,06037,Los Angeles
91355,06037,Los Angeles
91356,06037,Los Angeles
91357,06037,Los Angeles
91358,06111,Ventura
91359,06111,Ventura
91360,06111,Ventura
91361,06111,Ventura
91362,06111,Ventura
91364,06037,Los Angeles
91365,06037,Los Angeles
91367,06037,Los Angeles
91371,06037,Los Angeles
91372,06037,Los Angeles
91376,06037,Los Angeles
91377,06111,Ventura
91380,06037,Los Angeles
91381,06037,Los Angeles
91382,06037,Los Angeles
91383,06037,Los Angeles
91384,06037,Los Angeles
91385,06037,Los Angeles
91386,06037,Los Angeles
91387,06037,Los Angeles
91390,06037,Los Angeles
91392,06037,Los Angeles
91393,06037,Los Angeles
91394,06037,Los Angeles
91395,06037,Los Angeles
91396,06037,Los Angeles
91401,06037,Los Angeles
91402,06037,Los Angeles
91403,06037,Los Angeles
91404,06037,Los Angeles
91405,06037,Los Angeles
91406,06037,Los Angeles
91407,06037,Los Angeles
91408,06037,Los Angeles
91409,06037,Los Angeles
91410,06037,Los Angeles
91411,06037,Los Angeles
91412,06037,Los Angeles
91413,06037,Los Angeles
91416,06037,Los Angeles
91423,06037,Los Angeles
91426,06037,Los Angeles
91436,06037,Los Angeles
91470,06037,Los Angeles
91482,06037,Los Angeles
91495,06037,Los Angeles
91496,06037,Los Angeles
91499,06037,Los Angeles
91501,06037,Los Angeles
91502,06037,Los Angeles
91503,06037,Los Angeles
91504,06037,Los Angeles
91505,06037,Los Angeles
91506,06037,Los Angeles
91507,06037,Los Angeles
91508,06037,Los Angeles
91510,06037,Los Angeles
91521,06037,Los Angeles
91522,06037,Los Angeles
91523,06037,Los Angeles
91526,06037,Los Angeles
91601,06037,Los Angeles
91602,06037,Los Angeles
91603,06037,Los Angeles
91604,06037,Los Angeles
91605,06037,Los Angeles
91606,06037,Los Angeles
91607,06037,Los Angeles
91608,06037,Los Angeles
91609,06037,Los Angeles
91610,06037,Los Angeles
91611,06037,Los Angeles
91612,06037,Los Angeles
91614,06037,Los Angeles
91615,06037,Los Angeles
91616,06037,Los Angeles
91617,06037,Los Angeles
91618,06037,Los Angeles
91701,06071,San Bernardino
91702,06037,Los Angeles
91706,06037,Los Angeles
91708,06071,San Bernardino
91709,06071,San Bernardino
91710,06071,San Bernardino
91711,06037,Los Angeles
91714,06037,Los Angeles
91715,06037,Los Angeles
91716,06037,Los Angeles
91722,06037,Los Angeles
91723,06037,Los Angeles
91724,06037,Los Angeles
91729,06071,San Bernardino
91730,06071,San Bernardino
91731,06037,Los Angeles
91732,06037,Los Angeles
91733,06037,Los Angeles
91734,06037,Los Angeles
91735,06037,Los Angeles
91737,06071,San Bernardino
91739,06071,San Bernardino
91740,06037,Los Angeles
91741,06037,Los Angeles
91743,06071,San Bernardino
91744,06037,Los Angeles
91745,06037,Los Angeles
91746,06037,Los Angeles
91747,06037,Los Angeles
91748,06037,Los Angeles
91749,06037,Los Angeles
91750,06037,Los Angeles
91752,06065,Riverside
91754,06037,Los Angeles
91755,06037,Los Angeles
91756,06037,Los Angeles
91758,06071,San Bernardino
91759,06037,Los Angeles
91761,06071,San Bernardino
91762,06071,San Bernardino
91763,06071,San Bernardino
91764,06071,San Bernardino
91765,06037,Los Angeles
91766,06037,Los Angeles
91767,06037,Los Angeles
91768,06037,Los Angeles
91769,06037,Los Angeles
91770,06037,Los Angeles
91771,06037,Los Angeles
91772,06037,Los Angeles
91773,06037,Los Angeles
91775,06037,Los Angeles
91776,06037,Los Angeles
91778,06037,Los Angeles
91780,06037,Los Angeles
91784,06071,San Bernardino
91785,06071,San Bernardino
91786,06071,San Bernardino
91788,06037,Los Angeles
91789,06037,Los Angeles
91790,06037,Los Angeles
91791,06037,Los Angeles
91792,06037,Los Angeles
91793,06037,Los Angeles
91801,06037,Los Angeles
91802,06037,Los Angeles
91803,06037,Los Angeles
91804,06037,Los Angeles
91896,06037,Los Angeles
91899,06037,Los Angeles
91901,06073,San Diego
91902,06073,San Diego
91903,06073,San Diego
91905,06073,San Diego
91906,06073,San Diego
91908,06073,San Diego
91909,06073,San Diego
91910,06073,San Diego
91911,06073,San Diego
91912,06073,San Diego
91913,06073,San Diego
91914,06073,San Diego
91915,06073,San Diego
91916,06073,San Diego
91917,06073,San Diego
91921,06073,San Diego
91931,06073,San Diego
91932,06073,San Diego
91933,06073,San Diego
91934,06073,San Diego
91935,06073,San Diego
91941,06073,San Diego
91942,06073,San Diego
91943,06073,San Diego
91944,06073,San Diego
91945,06073,San Diego
91946,06073,San Diego
91948,06073,San Diego
91950,06073,San Diego
91951,06073,San Diego
91962,06073,San Diego
91963,06073,San Diego
91976,06073,San Diego
91977,06073,San Diego
91978,06073,San Diego
91979,06073,San Diego
91980,06073,San Diego
91987,06073,San Diego
92003,06073,San Diego
92004,06073,San Diego
92007,06073,San Diego
92008,06073,San Diego
92009,06073,San Diego
92010,06073,San Diego
92011,06073,San Diego
92013,06073,San Diego
92014,06073,San Diego
92018,06073,San Diego
92019,06073,San Diego
92020,06073,San Diego
92021,06073,San Diego
92022,06073,San Diego
92023,06073,San Diego
92024,06073,San Diego
92025,06073,San Diego
92026,06073,San Diego
92027,06073,San Diego
92028,06073,San Diego
92029,06073,San Diego
92030,06073,San Diego
92033,06073,San Diego
92036,06073,San Diego
92037,06073,San Diego
92038,06073,San Diego
92039,06073,San Diego
92040,06073,San Diego
92046,06073,San Diego
92049,06073,San Diego
92051,06073,San Diego
92052,06073,San Diego
92054,06073,San Diego
92055,06073,San Diego
92056,06073,San Diego
92057,06073,San Diego
92058,06073,San Diego
92059,06073,San Diego
92060,06073,San Diego
92061,06073,San Diego
92064,06073,San Diego
92065,06073,San Diego
92066,06073,San Diego
92067,06073,San Diego
92068,06073,San Diego
92069,06073,San Diego
92070,06073,San Diego
92071,06073,San Diego
92072,06073,San Diego
92074,06073,San Diego
92075,06073,San Diego
92078,06073,San Diego
92079,06073,San Diego
92081,06073,San Diego
92082,06073,San Diego
92083,06073,San Diego
92084,06073,San Diego
92085,06073,San Diego
92086,06073,San Diego
92088,06073,San Diego
92091,06073,San Diego
92092,06073,San Diego
92093,06073,San Diego
92096,06073,San Diego
92101,06073,San Diego
92102,06073,San Diego
92103,06073,San Diego
92104,06073,San Diego
92105,06073,San Diego
92106,06073,San Diego
92107,06073,San Diego
92108,06073,San Diego
92109,06073,San Diego
92110,06073,San Diego
92111,06073,San Diego
92112,06073,San Diego
92113,06073,San Diego
92114,06073,San Diego
92115,06073,San Diego
92116,06073,San Diego
92117,06073,San Diego
92118,06073,San Diego
92119,06073,San Diego
92120,06073,San Diego
92121,06073,San Diego
92122,06073,San Diego
92123,06073,San Diego
92124,06073,San Diego
92126,06073,San Diego
92127,06073,San Diego
92128,06073,San Diego
92129,06073,San Diego
92130,06073,San Diego
92131,06073,San Diego
92132,06073,San Diego
92134,06073,San Diego
92135,06073,San Diego
92136,06073,San Diego
92137,06073,San Diego
92138,06073,San Diego
92139,06073,San Diego
92140,06073,San Diego
92142,06073,San Diego
92143,06073,San Diego
92145,06073,San Diego
92147,06073,San Diego
92149,06073,San Diego
92150,06073,San Diego
92152,06073,San Diego
92153,06073,San Diego
92154,06073,San Diego
92155,06073,San Diego
92158,06073,San Diego
92159,06073,San Diego
92160,06073,San Diego
92161,06073,San Diego
92163,06073,San Diego
92165,06073,San Diego
92166,06073,San Diego
92167,06073,San Diego
92168,06073,San Diego
92169,06073,San Diego
92170,06073,San Diego
92171,06073,San Diego
92172,06073,San Diego
92173,06073,San Diego
92174,06073,San Diego
92175,06073,San Diego
92176,06073,San Diego
92177,06073,San Diego
92178,06073,San Diego
92179,06073,San Diego
92182,06073,San Diego
92186,06073,San Diego
92187,06073,San Diego
92190,06073,San Diego
92191,06073,San Diego
92192,06073,San Diego
92193,06073,San Diego
92195,06073,San Diego
92196,06073,San Diego
92197,06073,San Diego
92198,06073,San Diego
92199,06073,San Diego
92201,06065,Riverside
92202,06065,Riverside
92203,06065,Riverside
92210,06065,Riverside
92211,06065,Riverside
92220,06065,Riverside
92222,06025,Imperial
92223,06065,Riverside
92225,06065,Riverside
92226,06065,Riverside
92227,06025,Imperial
92230,06065,Riverside
92231,06025,Imperial
92232,06025,Imperial
92233,06025,Imperial
92234,06065,Riverside
92235,06065,Riverside
92236,06065,Riverside
92239,06065,Riverside
92240,06065,Riverside
92241,06065,Riverside
92242,06071,San Bernardino
92243,06025,Imperial
92244,06025,Imperial
92247,06065,Riverside
92248,06071,San Bernardino
92249,06025,Imperial
92250,06025,Imperial
92251,06025,Imperial
92252,06071,San Bernardino
92253,06065,Riverside
92254,06065,Riverside
92255,06065,Riverside
92256,06071,San Bernardino
92257,06025,Imperial
92258,06065,Riverside
92259,06025,Imperial
92260,06065,Riverside
92261,06065,Riverside
92262,06065,Riverside
92263,06065,Riverside
92264,06065,Riverside
92266,06025,Imperial
92267,06071,San Bernardino
92268,06071,San Bernardino
92270,06065,Riverside
92273,06025,Imperial
92274,06065,Riverside
92275,06025,Imperial
92276,06065,Riverside
92277,06071,San Bernardino
92278,06071,San Bernardino
92280,06071,San Bernardino
92281,06025,Imperial
92282,06065,Riverside
92283,06025,Imperial
92284,06071,San Bernardino
92285,06071,San Bernardino
92286,06071,San Bernardino
92301,06071,San Bernardino
92304,06071,San Bernardino
92305,06071,San Bernardino
92307,06071,San Bernardino
92308,06071,San Bernardino
92309,06071,San Bernardino
92310,06071,San Bernardino
92311,06071,San Bernardino
92312,06071,San Bernardino
92313,06071,San Bernardino
92314,06071,San Bernardino
92315,06071,San Bernardino
92316,06071,San Bernardino
92317,06071,San Bernardino
92318,06071,San Bernardino
92320,06065,Riverside
92321,06071,San Bernardino
92322,06071,San Bernardino
92323,06071,San Bernardino
92324,06071,San Bernardino
92325,06071,San Bernardino
92327,06071,San Bernardino
92328,06027,Inyo
92329,06071,San Bernardino
92331,06025,Imperial
92332,06071,San Bernardino
92333,06071,San Bernardino
92334,06071,San Bernardino
92335,06071,San Bernardino
92336,06071,San Bernardino
92337,06071,San Bernardino
92338,06071,San Bernardino
92339,06071,San Bernardino
92340,06071,San Bernardino
92341,06071,San Bernardino
92342,06071,San Bernardino
92344,06071,San Bernardino
92345,06071,San Bernardino
92346,06071,San Bernardino
92347,06071,San Bernardino
92350,06071,San Bernardino
92352,06071,San Bernardino
92354,06071,San Bernardino
92356,06071,San Bernardino
92357,06071,San Bernardino
92358,06071,San Bernardino
92359,06071,San Bernardino
92363,06071,San Bernardino
92364,06071,San Bernardino
92365,06071,San Bernardino
92366,06071,San Bernardino
92368,06071,San Bernardino
92369,06071,San Bernardino
92371,06071,San Bernardino
92372,06071,San Bernardino
92373,06071,San Bernardino
92374,06071,San Bernardino
92375,06071,San Bernardino
92376,06071,San Bernardino
92377,06071,San Bernardino
92378,06071,San Bernardino
92382,06071,San Bernardino
92384,06027,Inyo
92385,06071,San Bernardino
92386,06071,San Bernardino
92389,06027,Inyo
92391,06071,San Bernardino
92392,06071,San Bernardino
92393,06071,San Bernardino
92394,06071,San Bernardino
92395,06071,San Bernardino
92397,06037,Los Angeles
92398,06071,San Bernardino
92399,06071,San Bernardino
92401,06071,San Bernardino
92402,06071,San Bernardino
92403,06071,San Bernardino
92404,06071,San Bernardino
92405,06071,San Bernardino
92406,06071,San Bernardino
92407,06071,San Bernardino
92408,06071,San Bernardino
92410,06071,San Bernardino
92411,06071,San Bernardino
92413,06071,San Bernardino
92415,06071,San Bernardino
92418,06071,San Bernardino
92423,06071,San Bernardino
92427,06071,San Bernardino
92501,06065,Riverside
92502,06065,Riverside
92503,06065,Riverside
92504,06065,Riverside
92505,06065,Riverside
92506,06065,Riverside
92507,06065,Riverside
92508,06065,Riverside
92509,06065,Riverside
92513,06065,Riverside
92514,06065,Riverside
92515,06065,Riverside
92516,06065,Riverside
92517,06065,Riverside
92518,06065,Riverside
92519,06065,Riverside
92521,06065,Riverside
92522,06065,Riverside
92530,06065,Riverside
92531,06065,Riverside
92532,06065,Riverside
92536,06065,Riverside
92539,06065,Riverside
92543,06065,Riverside
92544,06065,Riverside
92545,06065,Riverside
92546,06065,Riverside
92548,06065,Riverside
92549,06065,Riverside
92551,06065,Riverside
92552,06065,Riverside
92553,06065,Riverside
92554,06065,Riverside
92555,06065,Riverside
92556,06065,Riverside
92557,06065,Riverside
92561,06065,Riverside
92562,06065,Riverside
92563,06065,Riverside
92564,06065,Riverside
92567,06065,Riverside
92570,06065,Riverside
92571,06065,Riverside
92572,06065,Riverside
92581,06065,Riverside
92582,06065,Riverside
92583,06065,Riverside
92584,06065,Riverside
92585,06065,Riverside
92586,06065,Riverside
92587,06065,Riverside
92589,06065,Riverside
92590,06065,Riverside
92591,06065,Riverside
92592,06065,Riverside
92593,06065,Riverside
92595,06065,Riverside
92596,06065,Riverside
92599,06065,Riverside
92602,06059,Orange
92603,06059,Orange
92604,06059,Orange
92605,06059,Orange
92606,06059,Orange
92607,06059,Orange
92609,06059,Orange
92610,06059,Orange
92612,06059,Orange
92614,06059,Orange
92615,06059,Orange
92616,06059,Orange
92617,06059,Orange
92618,06059,Orange
92619,06059,Orange
92620,06059,Orange
92623,06059,Orange
92624,06059,Orange
92625,06059,Orange
92626,06059,Orange
92627,06059,Orange
92628,06059,Orange
92629,06059,Orange
92630,06059,Orange
92637,06059,Orange
92646,06059,Orange
92647,06059,Orange
92648,06059,Orange
92649,06059,Orange
92650,06059,Orange
92651,06059,Orange
92652,06059,Orange
92653,06059,Orange
92654,06059,Orange
92655,06059,Orange
92656,06059,Orange
92657,06059,Orange
92658,06059,Orange
92659,06059,Orange
92660,06059,Orange
92661,06059,Orange
92662,06059,Orange
92663,06059,Orange
92672,06073,San Diego
92673,06059,Orange
92674,06059,Orange
92675,06059,Orange
92676,06059,Orange
92677,06059,Orange
92678,06059,Orange
92679,06059,Orange
92683,06059,Orange
92684,06059,Orange
92685,06059,Orange
92688,06059,Orange
92690,06059,Orange
92691,06059,Orange
92692,06059,Orange
92693,06059,Orange
92694,06059,Orange
92697,06059,Orange
92698,06059,Orange
92701,06059,Orange
92702,06059,Orange
92703,06059,Orange
92704,06059,Orange
92705,06059,Orange
92706,06059,Orange
92707,06059,Orange
92708,06059,Orange
92711,06059,Orange
92712,06059,Orange
92728,06059,Orange
92735,06059,Orange
92780,06059,Orange
92781,06059,Orange
92782,06059,Orange
92799,06059,Orange
92801,06059,Orange
92802,06059,Orange
92803,06059,Orange
92804,06059,Orange
92805,06059,Orange
92806,06059,Orange
92807,06059,Orange
92808,06059,Orange
92809,06059,Orange
92811,06059,Orange
92812,06059,Orange
92814,06059,Orange
92815,06059,Orange
92816,06059,Orange
92817,06059,Orange
92821,06059,Orange
92822,06059,Orange
92823,06059,Orange
92825,06059,Orange
92831,06059,Orange
92832,06059,Orange
92833,06059,Orange
92834,06059,Orange
92835,06059,Orange
92836,06059,Orange
92837,06059,Orange
92838,06059,Orange
92840,06059,Orange
92841,06059,Orange
92842,06059,Orange
92843,06059,Orange
92844,06059,Orange
92845,06059,Orange
92846,06059,Orange
92850,06059,Orange
92856,06059,Orange
92857,06059,Orange
92859,06059,Orange
92860,06065,Riverside
92861,06059,Orange
92862,06059,Orange
92863,06059,Orange
92864,06059,Orange
92865,06059,Orange
92866,06059,Orange
92867,06059,Orange
92868,06059,Orange
92869,06059,Orange
92870,06059,Orange
92871,06059,Orange
92877,06065,Riverside
92878,06065,Riverside
92879,06065,Riverside
92880,06065,Riverside
92881,06065,Riverside
92882,06065,Riverside
92883,06065,Riverside
92885,06059,Orange
92886,06059,Orange
92887,06059,Orange
92899,06059,Orange
93001,06111,Ventura
93002,06111,Ventura
93003,06111,Ventura
93004,06111,Ventura
93005,06111,Ventura
93006,06111,Ventura
93007,06111,Ventura
93009,06111,Ventura
93010,06111,Ventura
93011,06111,Ventura
93012,06111,Ventura
93013,06083,Santa Barbara
93014,06083,Santa Barbara
93015,06111,Ventura
93016,06111,Ventura
93020,06111,Ventura
93021,06111,Ventura
93022,06111,Ventura
93023,06111,Ventura
93024,06111,Ventura
93030,06111,Ventura
93031,06111,Ventura
93032,06111,Ventura
93033,06111,Ventura
93034,06111,Ventura
93035,06111,Ventura
93036,06111,Ventura
93040,06111,Ventura
93041,06111,Ventura
93042,06111,Ventura
93043,06111,Ventura
93044,06111,Ventura
93060,06111,Ventura
93061,06111,Ventura
93062,06111,Ventura
93063,06111,Ventura
93064,06111,Ventura
93065,06111,Ventura
93066,06111,Ventura
93067,06083,Santa Barbara
93094,06111,Ventura
93099,06111,Ventura
93101,06083,Santa Barbara
93102,06083,Santa Barbara
93103,06083,Santa Barbara
93105,06083,Santa Barbara
93106,06083,Santa Barbara
93107,06083,Santa Barbara
93108,06083,Santa Barbara
93109,06083,Santa Barbara
93110,06083,Santa Barbara
93111,06083,Santa Barbara
93116,06083,Santa Barbara
93117,06083,Santa Barbara
93118,06083,Santa Barbara
93120,06083,Santa Barbara
93121,06083,Santa Barbara
93130,06083,Santa Barbara
93140,06083,Santa Barbara
93150,06083,Santa Barbara
93160,06083,Santa Barbara
93190,06083,Santa Barbara
93199,06083,Santa Barbara
93201,06107,Tulare
93202,06031,Kings
93203,06029,Kern
93204,06031,Kings
93205,06029,Kern
93206,06029,Kern
93207,06107,Tulare
93208,06107,Tulare
93210,06019,Fresno
93212,06031,Kings
93215,06029,Kern
93216,06029,Kern
93218,06107,Tulare
93219,06107,Tulare
93220,06029,Kern
93221,06107,Tulare
93222,06029,Kern
93223,06107,Tulare
93224,06029,Kern
93225,06111,Ventura
93226,06029,Kern
93227,06107,Tulare
93230,06031,Kings
93232,06031,Kings
93234,06019,Fresno
93235,06107,Tulare
93237,06107,Tulare
93238,06107,Tulare
93239,06031,Kings
93240,06029,Kern
93241,06029,Kern
93242,06019,Fresno
93243,06029,Kern
93244,06107,Tulare
93245,06031,Kings
93246,06031,Kings
93247,06107,Tulare
93249,06029,Kern
93250,06029,Kern
93251,06029,Kern
93252,06111,Ventura
93254,06083,Santa Barbara
93255,06029,Kern
93256,06107,Tulare
93257,06107,Tulare
93258,06107,Tulare
93260,06107,Tulare
93261,06107,Tulare
93262,06107,Tulare
93263,06029,Kern
93265,06107,Tulare
93266,06031,Kings
93267,06107,Tulare
93268,06029,Kern
93270,06107,Tulare
93271,06107,Tulare
93272,06107,Tulare
93274,06107,Tulare
93275,06107,Tulare
93276,06029,Kern
93277,06107,Tulare
93278,06107,Tulare
93279,06107,Tulare
93280,06029,Kern
93282,06107,Tulare
93283,06029,Kern
93285,06029,Kern
93286,06107,Tulare
93287,06029,Kern
93290,06107,Tulare
93291,06107,Tulare
93292,06107,Tulare
93301,06029,Kern
93302,06029,Kern
93303,06029,Kern
93304,06029,Kern
93305,06029,Kern
93306,06029,Kern
93307,06029,Kern
93308,06029,Kern
93309,06029,Kern
93311,06029,Kern
93312,06029,Kern
93313,06029,Kern
93314,06029,Kern
93380,06029,Kern
93383,06029,Kern
93384,06029,Kern
93385,06029,Kern
93386,06029,Kern
93387,06029,Kern
93388,06029,Kern
93389,06029,Kern
93390,06029,Kern
93401,06079,San Luis Obispo
93402,06079,San Luis Obispo
93403,06079,San Luis Obispo
93405,06079,San Luis Obispo
93406,06079,San Luis Obispo
93407,06079,San Luis Obispo
93408,06079,San Luis Obispo
93409,06079,San Luis Obispo
93410,06079,San Luis Obispo
93412,06079,San Luis Obispo
93420,06079,San Luis Obispo
93421,06079,San Luis Obispo
93422,06079,San Luis Obispo
93423,06079,San Luis Obispo
93424,06079,San Luis Obispo
93426,06053,Monterey
93427,06083,Santa Barbara
93428,06079,San Luis Obispo
93429,06083,Santa Barbara
93430,06079,San Luis Obispo
93432,06079,San Luis Obispo
93433,06079,San Luis Obispo
93434,06083,Santa Barbara
93435,06079,San Luis Obispo
93436,06083,Santa Barbara
93437,06083,Santa Barbara
93438,06083,Santa Barbara
93440,06083,Santa Barbara
93441,06083,Santa Barbara
93442,06079,San Luis Obispo
93443,06079,San Luis Obispo
93444,06079,San Luis Obispo
93445,06079,San Luis Obispo
93446,06079,San Luis Obispo
93447,06079,San Luis Obispo
93448,06079,San Luis Obispo
93449,06079,San Luis Obispo
93450,06053,Monterey
93451,06053,Monterey
93452,06079,San Luis Obispo
93453,06079,San Luis Obispo
93454,06083,Santa Barbara
93455,06083,Santa Barbara
93456,06083,Santa Barbara
93457,06083,Santa Barbara
93458,06083,Santa Barbara
93460,06083,Santa Barbara
93461,06079,San Luis Obispo
93463,06083,Santa Barbara
93464,06083,Santa Barbara
93465,06079,San Luis Obispo
93475,06079,San Luis Obispo
93483,06079,San Luis Obispo
93501,06029,Kern
93502,06029,Kern
93504,06029,Kern
93505,06029,Kern
93510,06037,Los Angeles
93512,06051,Mono
93513,06027,Inyo
93514,06051,Mono
93515,06027,Inyo
93516,06029,Kern
93517,06051,Mono
93518,06029,Kern
93519,06029,Kern
93522,06027,Inyo
93523,06029,Kern
93524,06029,Kern
93526,06027,Inyo
93527,06107,Tulare
93528,06029,Kern
93529,06051,Mono
93530,06027,Inyo
93531,06029,Kern
93532,06037,Los Angeles
93534,06037,Los Angeles
93535,06037,Los Angeles
93536,06037,Los Angeles
93539,06037,Los Angeles
93541,06051,Mono
93542,06027,Inyo
93543,06037,Los Angeles
93544,06037,Los Angeles
93545,06027,Inyo
93546,06051,Mono
93549,06027,Inyo
93550,06037,Los Angeles
93551,06037,Los Angeles
93552,06037,Los Angeles
93553,06037,Los Angeles
93554,06029,Kern
93555,06029,Kern
93556,06029,Kern
93558,06071,San Bernardino
93560,06029,Kern
93561,06029,Kern
93562,06071,San Bernardino
93563,06037,Los Angeles
93581,06029,Kern
93584,06037,Los Angeles
93586,06037,Los Angeles
93590,06037,Los Angeles
93591,06037,Los Angeles
93592,06071,San Bernardino
93596,06029,Kern
93599,06037,Los Angeles
93601,06039,Madera
93602,06019,Fresno
93603,06107,Tulare
93604,06039,Madera
93605,06019,Fresno
93606,06019,Fresno
93607,06019,Fresno
93608,06019,Fresno
93609,06019,Fresno
93610,06039,Madera
93611,06019,Fresno
93612,06019,Fresno
93613,06019,Fresno
93614,06039,Madera
93615,06107,Tulare
93616,06019,Fresno
93618,06107,Tulare
93619,06019,Fresno
93620,06047,Merced
93621,06019,Fresno
93622,06019,Fresno
93623,06043,Mariposa
93624,06019,Fresno
93625,06019,Fresno
93626,06039,Madera
93627,06019,Fresno
93628,06019,Fresno
93630,06019,Fresno
93631,06107,Tulare
93633,06107,Tulare
93634,06019,Fresno
93635,06047,Merced
93636,06039,Madera
93637,06039,Madera
93638,06039,Madera
93639,06039,Madera
93640,06019,Fresno
93641,06019,Fresno
93642,06019,Fresno
93643,06039,Madera
93644,06039,Madera
93645,06039,Madera
93646,06107,Tulare
93647,06107,Tulare
93648,06019,Fresno
93649,06019,Fresno
93650,06019,Fresno
93651,06019,Fresno
93652,06019,Fresno
93653,06039,Madera
93654,06019,Fresno
93656,06019,Fresno
93657,06019,Fresno
93660,06019,Fresno
93661,06047,Merced
93662,06019,Fresno
93664,06019,Fresno
93665,06047,Merced
93666,06107,Tulare
93667,06019,Fresno
93668,06019,Fresno
93669,06039,Madera
93670,06107,Tulare
93673,06107,Tulare
93675,06019,Fresno
93701,06019,Fresno
93702,06019,Fresno
93703,06019,Fresno
93704,06019,Fresno
93705,06019,Fresno
93706,06019,Fresno
93707,06019,Fresno
93708,06019,Fresno
93709,06019,Fresno
93710,06019,Fresno
93711,06019,Fresno
93712,06019,Fresno
93714,06019,Fresno
93715,06019,Fresno
93716,06019,Fresno
93717,06019,Fresno
93718,06019,Fresno
93720,06019,Fresno
93721,06019,Fresno
93722,06019,Fresno
93723,06019,Fresno
93724,06019,Fresno
93725,06019,Fresno
93726,06019,Fresno
93727,06019,Fresno
93728,06019,Fresno
93729,06019,Fresno
93730,06019,Fresno
93737,06019,Fresno
93740,06019,Fresno
93741,06019,Fresno
93744,06019,Fresno
93745,06019,Fresno
93747,06019,Fresno
93750,06019,Fresno
93755,06019,Fresno
93760,06019,Fresno
93761,06019,Fresno
93764,06019,Fresno
93765,06019,Fresno
93771,06019,Fresno
93772,06019,Fresno
93773,06019,Fresno
93774,06019,Fresno
93775,06019,Fresno
93776,06019,Fresno
93777,06019,Fresno
93778,06019,Fresno
93779,06019,Fresno
93786,06019,Fresno
93790,06019,Fresno
93791,06019,Fresno
93792,06019,Fresno
93793,06019,Fresno
93794,06019,Fresno
93844,06019,Fresno
93888,06019,Fresno
93901,06053,Monterey
93902,06053,Monterey
93905,06053,Monterey
93906,06053,Monterey
93907,06053,Monterey
93908,06053,Monterey
93912,06053,Monterey
93915,06053,Monterey
93920,06053,Monterey
93921,06053,Monterey
93922,06053,Monterey
93923,06053,Monterey
93924,06053,Monterey
93925,06053,Monterey
93926,06053,Monterey
93927,06053,Monterey
93928,06053,Monterey
93930,06053,Monterey
93932,06053,Monterey
93933,06053,Monterey
93940,06053,Monterey
93942,06053,Monterey
93943,06053,Monterey
93944,06053,Monterey
93950,06053,Monterey
93953,06053,Monterey
93954,06053,Monterey
93955,06053,Monterey
93960,06053,Monterey
93962,06053,Monterey
94002,06081,San Mateo
94005,06081,San Mateo
94010,06081,San Mateo
94011,06081,San Mateo
94014,06081,San Mateo
94015,06081,San Mateo
94016,06081,San Mateo
94017,06081,San Mateo
94018,06081,San Mateo
94019,06081,San Mateo
94020,06081,San Mateo
94021,06081,San Mateo
94022,06085,Santa Clara
94023,06085,Santa Clara
94024,06085,Santa Clara
94025,06081,San Mateo
94026,06081,San Mateo
94027,06081,San Mateo
94028,06081,San Mateo
94030,06081,San Mateo
94035,06085,Santa Clara
94037,06081,San Mateo
94038,06081,San Mateo
94039,06085,Santa Clara
94040,06085,Santa Clara
94041,06085,Santa Clara
94042,06085,Santa Clara
94043,06085,Santa Clara
94044,06081,San Mateo
94060,06081,San Mateo
94061,06081,San Mateo
94062,06081,San Mateo
94063,06081,San Mateo
94064,06081,San Mateo
94065,06081,San Mateo
94066,06081,San Mateo
94070,06081,San Mateo
94074,06081,San Mateo
94080,06081,San Mateo
94083,06081,San Mateo
94085,06085,Santa Clara
94086,06085,Santa Clara
94087,06085,Santa Clara
94088,06085,Santa Clara
94089,06085,Santa Clara
94102,06075,San Francisco
94103,06075,San Francisco
94104,06075,San Francisco
94105,06075,San Francisco
94107,06075,San Francisco
94108,06075,San Francisco
94109,06075,San Francisco
94110,06075,San Francisco
94111,06075,San Francisco
94112,06075,San Francisco
94114,06075,San Francisco
94115,06075,San Francisco
94116,06075,San Francisco
94117,06075,San Francisco
94118,06075,San Francisco
94119,06075,San Francisco
94120,06075,San Francisco
94121,06075,San Francisco
94122,06075,San Francisco
94123,06075,San Francisco
94124,06075,San Francisco
94125,06075,San Francisco
94126,06075,San Francisco
94127,06075,San Francisco
94128,06081,San Mateo
94129,06075,San Francisco
94130,06075,San Francisco
94131,06075,San Francisco
94132,06075,San Francisco
94133,06075,San Francisco
94134,06075,San Francisco
94137,06075,San Francisco
94139,06075,San Francisco
94140,06075,San Francisco
94141,06075,San Francisco
94142,06075,San Francisco
94143,06075,San Francisco
94144,06075,San Francisco
94145,06075,San Francisco
94146,06075,San Francisco
94147,06075,San Francisco
94151,06075,San Francisco
94158,06075,San Francisco
94159,06075,San Francisco
94160,06075,San Francisco
94161,06075,San Francisco
94163,06075,San Francisco
94164,06075,San Francisco
94172,06075,San Francisco
94177,06075,San Francisco
94188,06075,San Francisco
94203,06067,Sacramento
94204,06067,Sacramento
94205,06067,Sacramento
94206,06067,Sacramento
94207,06067,Sacramento
94208,06067,Sacramento
94209,06067,Sacramento
94211,06067,Sacramento
94229,06067,Sacramento
94230,06067,Sacramento
94232,06067,Sacramento
94234,06067,Sacramento
94235,06067,Sacramento
94236,06067,Sacramento
94237,06067,Sacramento
94239,06067,Sacramento
94240,06067,Sacramento
94244,06067,Sacramento
94245,06067,Sacramento
94247,06067,Sacramento
94248,06067,Sacramento
94249,06067,Sacramento
94250,06067,Sacramento
94252,06067,Sacramento
94254,06067,Sacramento
94256,06067,Sacramento
94257,06067,Sacramento
94258,06067,Sacramento
94259,06067,Sacramento
94261,06067,Sacramento
94262,06067,Sacramento
94263,06067,Sacramento
94267,06067,Sacramento
94268,06067,Sacramento
94269,06067,Sacramento
94271,06067,Sacramento
94273,06067,Sacramento
94274,06067,Sacramento
94277,06067,Sacramento
94278,06067,Sacramento
94279,06067,Sacramento
94280,06067,Sacramento
94282,06067,Sacramento
94283,06067,Sacramento
94284,06067,Sacramento
94285,06067,Sacramento
94286,06067,Sacramento
94287,06067,Sacramento
94288,06067,Sacramento
94289,06067,Sacramento
94290,06067,Sacramento
94291,06067,Sacramento
94293,06067,Sacramento
94294,06067,Sacramento
94295,06067,Sacramento
94296,06067,Sacramento
94297,06067,Sacramento
94298,06067,Sacramento
94299,06067,Sacramento
94301,06085,Santa Clara
94302,06085,Santa Clara
94303,06085,Santa Clara
94304,06085,Santa Clara
94305,06085,Santa Clara
94306,06085,Santa Clara
94309,06085,Santa Clara
94401,06081,San Mateo
94402,06081,San Mateo
94403,06081,San Mateo
94404,06081,San Mateo
94497,06081,San Mateo
94501,06001,Alameda
94502,06001,Alameda
94503,06055,Napa
94505,06013,Contra Costa
94506,06013,Contra Costa
94507,06013,Contra Costa
94508,06055,Napa
94509,06013,Contra Costa
94510,06095,Solano
94511,06013,Contra Costa
94512,06095,Solano
94513,06013,Contra Costa
94514,06013,Contra Costa
94515,06097,Sonoma
94516,06013,Contra Costa
94517,06013,Contra Costa
94518,06013,Contra Costa
94519,06013,Contra Costa
94520,06013,Contra Costa
94521,06013,Contra Costa
94522,06013,Contra Costa
94523,06013,Contra Costa
94524,06013,Contra Costa
94525,06013,Contra Costa
94526,06013,Contra Costa
94527,06013,Contra Costa
94528,06013,Contra Costa
94529,06013,Contra Costa
94530,06013,Contra Costa
94531,06013,Contra Costa
94533,06095,Solano
94534,06095,Solano
94535,06095,Solano
94536,06001,Alameda
94537,06001,Alameda
94538,06001,Alameda
94539,06001,Alameda
94540,06001,Alameda
94541,06001,Alameda
94542,06001,Alameda
94543,06001,Alameda
94544,06001,Alameda
94545,06001,Alameda
94546,06001,Alameda
94547,06013,Contra Costa
94548,06013,Contra Costa
94549,06013,Contra Costa
94550,06001,Alameda
94551,06001,Alameda
94552,06001,Alameda
94553,06013,Contra Costa
94555,06001,Alameda
94556,06013,Contra Costa
94557,06001,Alameda
94558,06055,Napa
94559,06055,Napa
94560,06001,Alameda
94561,06013,Contra Costa
94562,06055,Napa
94563,06013,Contra Costa
94564,06013,Contra Costa
94565,06013,Contra Costa
94566,06001,Alameda
94567,06055,Napa
94568,06001,Alameda
94569,06013,Contra Costa
94570,06013,Contra Costa
94571,06095,Solano
94572,06013,Contra Costa
94573,06055,Napa
94574,06055,Napa
94575,06013,Contra Costa
94576,06055,Napa
94577,06001,Alameda
94578,06001,Alameda
94579,06001,Alameda
94580,06001,Alameda
94581,06055,Napa
94582,06013,Contra Costa
94583,06013,Contra Costa
94585,06095,Solano
94586,06001,Alameda
94587,06001,Alameda
94588,06001,Alameda
94589,06095,Solano
94590,06095,Solano
94591,06095,Solano
94592,06095,Solano
94595,06013,Contra Costa
94596,06013,Contra Costa
94597,06013,Contra Costa
94598,06013,Contra Costa
94599,06055,Napa
94601,06001,Alameda
94602,06001,Alameda
94603,06001,Alameda
94604,06001,Alameda
94605,06001,Alameda
94606,06001,Alameda
94607,06001,Alameda
94608,06001,Alameda
94609,06001,Alameda
94610,06001,Alameda
94611,06001,Alameda
94612,06001,Alameda
94613,06001,Alameda
94614,06001,Alameda
94615,06001,Alameda
94617,06001,Alameda
94618,06001,Alameda
94619,06001,Alameda
94620,06001,Alameda
94621,06001,Alameda
94622,06001,Alameda
94623,06001,Alameda
94624,06001,Alameda
94649,06001,Alameda
94659,06001,Alameda
94660,06001,Alameda
94661,06001,Alameda
94662,06001,Alameda
94666,06001,Alameda
94701,06001,Alameda
94702,06001,Alameda
94703,06001,Alameda
94704,06001,Alameda
94705,06001,Alameda
94706,06001,Alameda
94707,06001,Alameda
94708,06013,Contra Costa
94709,06001,Alameda
94710,06001,Alameda
94712,06001,Alameda
94720,06001,Alameda
94801,06013,Contra Costa
94802,06013,Contra Costa
94803,06013,Contra Costa
94804,06013,Contra Costa
94805,06013,Contra Costa
94806,06013,Contra Costa
94807,06013,Contra Costa
94808,06013,Contra Costa
94820,06013,Contra Costa
94850,06013,Contra Costa
94901,06041,Marin
94903,06041,Marin
94904,06041,Marin
94912,06041,Marin
94913,06041,Marin
94914,06041,Marin
94915,06041,Marin
94920,06041,Marin
94922,06097,Sonoma
94923,06097,Sonoma
94924,06041,Marin
94925,06041,Marin
94926,06097,Sonoma
94927,06097,Sonoma
94928,06097,Sonoma
94929,06041,Marin
94930,06041,Marin
94931,06097,Sonoma
94933,06041,Marin
94937,06041,Marin
94938,06041,Marin
94939,06041,Marin
94940,06041,Marin
94941,06041,Marin
94942,06041,Marin
94945,06041,Marin
94946,06041,Marin
94947,06041,Marin
94948,06041,Marin
94949,06041,Marin
94950,06041,Marin
94951,06097,Sonoma
94952,06041,Marin
94953,06097,Sonoma
94954,06097,Sonoma
94955,06097,Sonoma
94956,06041,Marin
94957,06041,Marin
94960,06041,Marin
94963,06041,Marin
94964,06041,Marin
94965,06041,Marin
94966,06041,Marin
94970,06041,Marin
94971,06041,Marin
94972,06097,Sonoma
94973,06041,Marin
94974,06041,Marin
94975,06097,Sonoma
94976,06041,Marin
94977,06041,Marin
94978,06041,Marin
94979,06041,Marin
94998,06041,Marin
94999,06097,Sonoma
95001,06087,Santa Cruz
95002,06085,Santa Clara
95003,06087,Santa Cruz
95004,06053,Monterey
95005,06087,Santa Cruz
95006,06087,Santa Cruz
95007,06087,Santa Cruz
95008,06085,Santa Clara
95009,06085,Santa Clara
95010,06087,Santa Cruz
95011,06085,Santa Clara
95012,06053,Monterey
95013,06085,Santa Clara
95014,06085,Santa Clara
95015,06085,Santa Clara
95017,06087,Santa Cruz
95018,06087,Santa Cruz
95019,06087,Santa Cruz
95020,06085,Santa Clara
95021,06085,Santa Clara
95023,06069,San Benito
95024,06069,San Benito
95025,06085,Santa Clara
95026,06085,Santa Clara
95030,06085,Santa Clara
95031,06085,Santa Clara
95032,06085,Santa Clara
95033,06087,Santa Cruz
95035,06085,Santa Clara
95036,06085,Santa Clara
95037,06085,Santa Clara
95038,06085,Santa Clara
95039,06053,Monterey
95041,06087,Santa Cruz
95042,06085,Santa Clara
95043,06069,San Benito
95044,06085,Santa Clara
95045,06069,San Benito
95046,06085,Santa Clara
95050,06085,Santa Clara
95051,06085,Santa Clara
95052,06085,Santa Clara
95053,06085,Santa Clara
95054,06085,Santa Clara
95055,06085,Santa Clara
95056,06085,Santa Clara
95060,06087,Santa Cruz
95061,06087,Santa Cruz
95062,06087,Santa Cruz
95063,06087,Santa Cruz
95064,06087,Santa Cruz
95065,06087,Santa Cruz
95066,06087,Santa Cruz
95067,06087,Santa Cruz
95070,06085,Santa Clara
95071,06085,Santa Clara
95073,06087,Santa Cruz
95075,06069,San Benito
95076,06087,Santa Cruz
95077,06087,Santa Cruz
95101,06085,Santa Clara
95103,06085,Santa Clara
95106,06085,Santa Clara
95108,06085,Santa Clara
95109,06085,Santa Clara
95110,06085,Santa Clara
95111,06085,Santa Clara
95112,06085,Santa Clara
95113,06085,Santa Clara
95115,06085,Santa Clara
95116,06085,Santa Clara
95117,06085,Santa Clara
95118,06085,Santa Clara
95119,06085,Santa Clara
95120,06085,Santa Clara
95121,06085,Santa Clara
95122,06085,Santa Clara
95123,06085,Santa Clara
95124,06085,Santa Clara
95125,06085,Santa Clara
95126,06085,Santa Clara
95127,06085,Santa Clara
95128,06085,Santa Clara
95129,06085,Santa Clara
95130,06085,Santa Clara
95131,06085,Santa Clara
95132,06085,Santa Clara
95133,06085,Santa Clara
95134,06085,Santa Clara
95135,06085,Santa Clara
95136,06085,Santa Clara
95138,06085,Santa Clara
95139,06085,Santa Clara
95140,06085,Santa Clara
95141,06085,Santa Clara
95148,06085,Santa Clara
95150,06085,Santa Clara
95151,06085,Santa Clara
95152,06085,Santa Clara
95153,06085,Santa Clara
95154,06085,Santa Clara
95155,06085,Santa Clara
95156,06085,Santa Clara
95157,06085,Santa Clara
95158,06085,Santa Clara
95159,06085,Santa Clara
95160,06085,Santa Clara
95161,06085,Santa Clara
95164,06085,Santa Clara
95170,06085,Santa Clara
95172,06085,Santa Clara
95173,06085,Santa Clara
95190,06085,Santa Clara
95191,06085,Santa Clara
95192,06085,Santa Clara
95193,06085,Santa Clara
95194,06085,Santa Clara
95196,06085,Santa Clara
95201,06077,San Joaquin
95202,06077,San Joaquin
95203,06077,San Joaquin
95204,06077,San Joaquin
95205,06077,San Joaquin
95206,06077,San Joaquin
95207,06077,San Joaquin
95208,06077,San Joaquin
95209,06077,San Joaquin
95210,06077,San Joaquin
95211,06077,San Joaquin
95212,06077,San Joaquin
95213,06077,San Joaquin
95214,06077,San Joaquin
95215,06077,San Joaquin
95219,06077,San Joaquin
95220,06077,San Joaquin
95221,06009,Calaveras
95222,06009,Calaveras
95223,06003,Alpine
95224,06009,Calaveras
95225,06009,Calaveras
95226,06009,Calaveras
95227,06077,San Joaquin
95228,06009,Calaveras
95229,06009,Calaveras
95230,06099,Stanislaus
95231,06077,San Joaquin
95232,06009,Calaveras
95233,06009,Calaveras
95234,06077,San Joaquin
95236,06077,San Joaquin
95237,06077,San Joaquin
95240,06077,San Joaquin
95241,06077,San Joaquin
95242,06077,San Joaquin
95245,06009,Calaveras
95246,06009,Calaveras
95247,06009,Calaveras
95248,06009,Calaveras
95249,06009,Calaveras
95251,06009,Calaveras
95252,06009,Calaveras
95253,06077,San Joaquin
95254,06009,Calaveras
95255,06009,Calaveras
95257,06009,Calaveras
95258,06077,San Joaquin
95267,06077,San Joaquin
95269,06077,San Joaquin
95296,06077,San Joaquin
95297,06077,San Joaquin
95301,06047,Merced
95303,06047,Merced
95304,06077,San Joaquin
95305,06109,Tuolumne
95306,06043,Mariposa
95307,06099,Stanislaus
95309,06109,Tuolumne
95310,06109,Tuolumne
95311,06043,Mariposa
95312,06047,Merced
95313,06099,Stanislaus
95315,06047,Merced
95316,06099,Stanislaus
95317,06047,Merced
95318,06043,Mariposa
95319,06099,Stanislaus
95320,06077,San Joaquin
95321,06109,Tuolumne
95322,06047,Merced
95323,06099,Stanislaus
95324,06047,Merced
95325,06043,Mariposa
95326,06099,Stanislaus
95327,06109,Tuolumne
95328,06099,Stanislaus
95329,06109,Tuolumne
95330,06077,San Joaquin
95333,06047,Merced
95334,06047,Merced
95335,06109,Tuolumne
95336,06077,San Joaquin
95337,06077,San Joaquin
95338,06043,Mariposa
95340,06047,Merced
95341,06047,Merced
95343,06047,Merced
95344,06047,Merced
95345,06043,Mariposa
95346,06109,Tuolumne
95347,06109,Tuolumne
95348,06047,Merced
95350,06099,Stanislaus
95351,06099,Stanislaus
95352,06099,Stanislaus
95353,06099,Stanislaus
95354,06099,Stanislaus
95355,06099,Stanislaus
95356,06099,Stanislaus
95357,06099,Stanislaus
95358,06099,Stanislaus
95360,06099,Stanislaus
95361,06099,Stanislaus
95363,06099,Stanislaus
95364,06109,Tuolumne
95365,06047,Merced
95366,06077,San Joaquin
95367,06099,Stanislaus
95368,06099,Stanislaus
95369,06047,Merced
95370,06109,Tuolumne
95372,06109,Tuolumne
95373,06109,Tuolumne
95374,06047,Merced
95375,06109,Tuolumne
95376,06077,San Joaquin
95377,06077,San Joaquin
95378,06077,San Joaquin
95379,06109,Tuolumne
95380,06099,Stanislaus
95381,06099,Stanislaus
95382,06099,Stanislaus
95383,06109,Tuolumne
95385,06099,Stanislaus
95386,06099,Stanislaus
95387,06099,Stanislaus
95388,06047,Merced
95389,06043,Mariposa
95391,06001,Alameda
95397,06099,Stanislaus
95401,06097,Sonoma
95402,06097,Sonoma
95403,06097,Sonoma
95404,06097,Sonoma
95405,06097,Sonoma
95406,06097,Sonoma
95407,06097,Sonoma
95409,06097,Sonoma
95410,06045,Mendocino
95412,06097,Sonoma
95415,06045,Mendocino
95416,06097,Sonoma
95417,06045,Mendocino
95418,06045,Mendocino
95419,06097,Sonoma
95420,06045,Mendocino
95421,06097,Sonoma
95422,06033,Lake
95423,06033,Lake
95424,06033,Lake
95425,06097,Sonoma
95426,06033,Lake
95427,06045,Mendocino
95428,06045,Mendocino
95429,06045,Mendocino
95430,06097,Sonoma
95431,06097,Sonoma
95432,06045,Mendocino
95433,06097,Sonoma
95435,06033,Lake
95436,06097,Sonoma
95437,06045,Mendocino
95439,06097,Sonoma
95441,06097,Sonoma
95442,06097,Sonoma
95443,06033,Lake
95444,06097,Sonoma
95445,06045,Mendocino
95446,06097,Sonoma
95448,06097,Sonoma
95449,06045,Mendocino
95450,06097,Sonoma
95451,06033,Lake
95452,06097,Sonoma
95453,06033,Lake
95454,06045,Mendocino
95456,06045,Mendocino
95457,06033,Lake
95458,06033,Lake
95459,06045,Mendocino
95460,06045,Mendocino
95461,06033,Lake
95462,06097,Sonoma
95463,06045,Mendocino
95464,06033,Lake
95465,06097,Sonoma
95466,06045,Mendocino
95467,06033,Lake
95468,06045,Mendocino
95469,06045,Mendocino
95470,06045,Mendocino
95471,06097,Sonoma
95472,06097,Sonoma
95473,06097,Sonoma
95476,06097,Sonoma
95480,06097,Sonoma
95481,06045,Mendocino
95482,06045,Mendocino
95485,06033,Lake
95486,06097,Sonoma
95487,06097,Sonoma
95488,06045,Mendocino
95490,06045,Mendocino
95492,06097,Sonoma
95493,06033,Lake
95494,06045,Mendocino
95497,06097,Sonoma
95501,06023,Humboldt
95502,06023,Humboldt
95503,06023,Humboldt
95511,06023,Humboldt
95514,06023,Humboldt
95518,06023,Humboldt
95519,06023,Humboldt
95521,06023,Humboldt
95524,06023,Humboldt
95525,06023,Humboldt
95526,06023,Humboldt
95527,06105,Trinity
95528,06023,Humboldt
95531,06015,Del Norte
95532,06015,Del Norte
95534,06023,Humboldt
95536,06023,Humboldt
95537,06023,Humboldt
95538,06015,Del Norte
95540,06023,Humboldt
95542,06023,Humboldt
95543,06015,Del Norte
95545,06023,Humboldt
95546,06023,Humboldt
95547,06023,Humboldt
95548,06015,Del Norte
95549,06023,Humboldt
95550,06023,Humboldt
95551,06023,Humboldt
95552,06105,Trinity
95553,06023,Humboldt
95554,06023,Humboldt
95555,06023,Humboldt
95556,06023,Humboldt
95558,06023,Humboldt
95559,06023,Humboldt
95560,06023,Humboldt
95562,06023,Humboldt
95563,06105,Trinity
95564,06023,Humboldt
95565,06023,Humboldt
95567,06015,Del Norte
95568,06093,Siskiyou
95569,06023,Humboldt
95570,06023,Humboldt
95571,06023,Humboldt
95573,06023,Humboldt
95585,06045,Mendocino
95587,06045,Mendocino
95589,06023,Humboldt
95595,06105,Trinity
95601,06005,Amador
95602,06061,Placer
95603,06061,Placer
95604,06061,Placer
95605,06113,Yolo
95606,06113,Yolo
95607,06113,Yolo
95608,06067,Sacramento
95609,06067,Sacramento
95610,06067,Sacramento
95611,06067,Sacramento
95612,06113,Yolo
95613,06017,El Dorado
95614,06017,El Dorado
95615,06067,Sacramento
95616,06113,Yolo
95617,06113,Yolo
95618,06113,Yolo
95619,06017,El Dorado
95620,06095,Solano
95621,06067,Sacramento
95623,06017,El Dorado
95624,06067,Sacramento
95625,06095,Solano
95626,06067,Sacramento
95627,06113,Yolo
95628,06067,Sacramento
95629,06005,Amador
95630,06067,Sacramento
95631,06061,Placer
95632,06067,Sacramento
95633,06017,El Dorado
95634,06017,El Dorado
95635,06017,El Dorado
95636,06017,El Dorado
95637,06113,Yolo
95638,06067,Sacramento
95639,06067,Sacramento
95640,06005,Amador
95641,06067,Sacramento
95642,06005,Amador
95644,06005,Amador
95645,06113,Yolo
95646,06003,Alpine
95648,06061,Placer
95650,06061,Placer
95651,06017,El Dorado
95652,06067,Sacramento
95653,06113,Yolo
95654,06005,Amador
95655,06067,Sacramento
95656,06017,El Dorado
95658,06061,Placer
95659,06101,Sutter
95660,06067,Sacramento
95661,06061,Placer
95662,06067,Sacramento
95663,06061,Placer
95664,06017,El Dorado
95665,06005,Amador
95666,06005,Amador
95667,06017,El Dorado
95668,06101,Sutter
95669,06005,Amador
95670,06067,Sacramento
95671,06067,Sacramento
95672,06017,El Dorado
95673,06067,Sacramento
95674,06101,Sutter
95675,06005,Amador
95676,06101,Sutter
95677,06061,Placer
95678,06061,Placer
95679,06113,Yolo
95680,06067,Sacramento
95681,06061,Placer
95682,06017,El Dorado
95683,06067,Sacramento
95684,06017,El Dorado
95685,06005,Amador
95686,06077,San Joaquin
95687,06095,Solano
95688,06095,Solano
95689,06005,Amador
95690,06067,Sacramento
95691,06113,Yolo
95692,06115,Yuba
95693,06067,Sacramento
95694,06113,Yolo
95695,06113,Yolo
95696,06095,Solano
95697,06113,Yolo
95698,06113,Yolo
95699,06005,Amador
95701,06061,Placer
95703,06061,Placer
95709,06017,El Dorado
95712,06057,Nevada
95713,06061,Placer
95714,06061,Placer
95715,06061,Placer
95717,06061,Placer
95720,06017,El Dorado
95721,06017,El Dorado
95722,06061,Placer
95724,06057,Nevada
95726,06017,El Dorado
95728,06061,Placer
95735,06017,El Dorado
95736,06061,Placer
95741,06067,Sacramento
95742,06067,Sacramento
95746,06061,Placer
95747,06061,Placer
95757,06067,Sacramento
95758,06067,Sacramento
95759,06067,Sacramento
95762,06017,El Dorado
95763,06067,Sacramento
95765,06061,Placer
95776,06113,Yolo
95798,06113,Yolo
95799,06113,Yolo
95811,06067,Sacramento
95812,06067,Sacramento
95813,06067,Sacramento
95814,06067,Sacramento
95815,06067,Sacramento
95816,06067,Sacramento
95817,06067,Sacramento
95818,06067,Sacramento
95819,06067,Sacramento
95820,06067,Sacramento
95821,06067,Sacramento
95822,06067,Sacramento
95823,06067,Sacramento
95824,06067,Sacramento
95825,06067,Sacramento
95826,06067,Sacramento
95827,06067,Sacramento
95828,06067,Sacramento
95829,06067,Sacramento
95830,06067,Sacramento
95831,06067,Sacramento
95832,06067,Sacramento
95833,06067,Sacramento
95834,06067,Sacramento
95835,06067,Sacramento
95836,06067,Sacramento
95837,06067,Sacramento
95838,06067,Sacramento
95840,06067,Sacramento
95841,06067,Sacramento
95842,06067,Sacramento
95843,06067,Sacramento
95851,06067,Sacramento
95852,06067,Sacramento
95853,06067,Sacramento
95860,06067,Sacramento
95864,06067,Sacramento
95865,06067,Sacramento
95866,06067,Sacramento
95867,06067,Sacramento
95894,06067,Sacramento
95899,06067,Sacramento
95901,06115,Yuba
95903,06115,Yuba
95910,06091,Sierra
95912,06011,Colusa
95913,06021,Glenn
95914,06007,Butte
95915,06063,Plumas
95916,06007,Butte
95917,06007,Butte
95918,06115,Yuba
95919,06115,Yuba
95920,06021,Glenn
95922,06115,Yuba
95923,06063,Plumas
95924,06057,Nevada
95925,06115,Yuba
95926,06007,Butte
95927,06007,Butte
95928,06007,Butte
95929,06007,Butte
95930,06007,Butte
95932,06011,Colusa
95934,06063,Plumas
95935,06115,Yuba
95936,06091,Sierra
95937,06113,Yolo
95938,06007,Butte
95939,06021,Glenn
95940,06007,Butte
95941,06007,Butte
95942,06007,Butte
95943,06021,Glenn
95944,06091,Sierra
95945,06057,Nevada
95946,06057,Nevada
95947,06063,Plumas
95948,06007,Butte
95949,06057,Nevada
95950,06011,Colusa
95951,06021,Glenn
95953,06101,Sutter
95954,06007,Butte
95955,06011,Colusa
95956,06063,Plumas
95957,06101,Sutter
95958,06007,Butte
95959,06057,Nevada
95960,06091,Sierra
95961,06115,Yuba
95962,06115,Yuba
95963,06021,Glenn
95965,06007,Butte
95966,06007,Butte
95967,06007,Butte
95968,06007,Butte
95969,06007,Butte
95970,06011,Colusa
95971,06063,Plumas
95972,06115,Yuba
95973,06007,Butte
95974,06007,Butte
95975,06057,Nevada
95976,06007,Butte
95977,06115,Yuba
95978,06007,Butte
95979,06011,Colusa
95980,06063,Plumas
95981,06063,Plumas
95982,06101,Sutter
95983,06063,Plumas
95984,06063,Plumas
95986,06057,Nevada
95987,06011,Colusa
95988,06021,Glenn
95991,06101,Sutter
95992,06101,Sutter
95993,06101,Sutter
96001,06089,Shasta
96002,06089,Shasta
96003,06089,Shasta
96006,06035,Lassen
96007,06089,Shasta
96008,06089,Shasta
96009,06035,Lassen
96010,06105,Trinity
96011,06089,Shasta
96013,06089,Shasta
96014,06093,Siskiyou
96015,06049,Modoc
96016,06089,Shasta
96017,06089,Shasta
96019,06089,Shasta
96020,06063,Plumas
96021,06103,Tehama
96022,06103,Tehama
96023,06093,Siskiyou
96024,06105,Trinity
96025,06093,Siskiyou
96027,06093,Siskiyou
96028,06089,Shasta
96029,06103,Tehama
96031,06093,Siskiyou
96032,06093,Siskiyou
96033,06089,Shasta
96034,06093,Siskiyou
96035,06103,Tehama
96037,06093,Siskiyou
96038,06093,Siskiyou
96039,06093,Siskiyou
96040,06089,Shasta
96041,06105,Trinity
96044,06093,Siskiyou
96046,06105,Trinity
96047,06089,Shasta
96048,06105,Trinity
96049,06089,Shasta
96050,06093,Siskiyou
96051,06089,Shasta
96052,06105,Trinity
96054,06049,Modoc
96055,06103,Tehama
96056,06035,Lassen
96057,06093,Siskiyou
96058,06093,Siskiyou
96059,06103,Tehama
96061,06103,Tehama
96062,06089,Shasta
96063,06103,Tehama
96064,06093,Siskiyou
96065,06089,Shasta
96067,06093,Siskiyou
96068,06035,Lassen
96069,06089,Shasta
96070,06089,Shasta
96071,06089,Shasta
96073,06089,Shasta
96074,06103,Tehama
96075,06103,Tehama
96076,06105,Trinity
96078,06103,Tehama
96079,06089,Shasta
96080,06103,Tehama
96084,06089,Shasta
96085,06093,Siskiyou
96086,06093,Siskiyou
96087,06089,Shasta
96088,06089,Shasta
96089,06089,Shasta
96090,06103,Tehama
96091,06105,Trinity
96092,06103,Tehama
96093,06105,Trinity
96094,06093,Siskiyou
96095,06089,Shasta
96096,06089,Shasta
96097,06093,Siskiyou
96099,06089,Shasta
96101,06049,Modoc
96103,06063,Plumas
96104,06049,Modoc
96105,06063,Plumas
96106,06063,Plumas
96107,06051,Mono
96108,06049,Modoc
96109,06035,Lassen
96110,06049,Modoc
96111,06057,Nevada
96112,06049,Modoc
96113,06035,Lassen
96114,06035,Lassen
96115,06049,Modoc
96116,06049,Modoc
96117,06035,Lassen
96118,06091,Sierra
96119,06035,Lassen
96120,06003,Alpine
96121,06035,Lassen
96122,06063,Plumas
96123,06035,Lassen
96124,06091,Sierra
96125,06091,Sierra
96126,06091,Sierra
96127,06035,Lassen
96128,06035,Lassen
96129,06063,Plumas
96130,06035,Lassen
96132,06035,Lassen
96133,06051,Mono
96134,06049,Modoc
96135,06063,Plumas
96136,06035,Lassen
96137,06035,Lassen
96140,06061,Placer
96141,06061,Placer
96142,06017,El Dorado
96143,06061,Placer
96145,06061,Placer
96146,06061,Placer
96148,06061,Placer
96150,06017,El Dorado
96151,06017,El Dorado
96152,06017,El Dorado
96154,06017,El Dorado
96155,06017,El Dorado
96156,06017,El Dorado
96157,06017,El Dorado
96158,06017,El Dorado
96160,06057,Nevada
96161,06057,Nevada
96162,06057,Nevada
96701,15003,Honolulu
96703,15007,Kauai
96704,15001,Hawaii
96705,15007,Kauai
96706,15003,Honolulu
96707,15003,Honolulu
96708,15009,Maui
96709,15003,Honolulu
96710,15001,Hawaii
96712,15003,Honolulu
96713,15009,Maui
96714,15007,Kauai
96715,15007,Kauai
96716,15007,Kauai
96717,15003,Honolulu
96718,15001,Hawaii
96719,15001,Hawaii
96720,15001,Hawaii
96721,15001,Hawaii
96722,15007,Kauai
96725,15001,Hawaii
96726,15001,Hawaii
96727,15001,Hawaii
96728,15001,Hawaii
96729,15009,Maui
96730,15003,Honolulu
96731,15003,Honolulu
96732,15009,Maui
96733,15009,Maui
96734,15003,Honolulu
96737,15001,Hawaii
96738,15001,Hawaii
96739,15001,Hawaii
96740,15001,Hawaii
96741,15007,Kauai
96742,15005,Kalawao
96743,15001,Hawaii
96744,15003,Honolulu
96745,15001,Hawaii
96746,15007,Kauai
96747,15007,Kauai
96748,15009,Maui
96749,15001,Hawaii
96750,15001,Hawaii
96751,15007,Kauai
96752,15007,Kauai
96753,15009,Maui
96754,15007,Kauai
96755,15001,Hawaii
96756,15007,Kauai
96757,15009,Maui
96759,15003,Honolulu
96760,15001,Hawaii
96761,15009,Maui
96762,15003,Honolulu
96763,15009,Maui
96764,15001,Hawaii
96765,15007,Kauai
96766,15007,Kauai
96767,15009,Maui
96768,15009,Maui
96769,15007,Kauai
96770,15009,Maui
96771,15001,Hawaii
96772,15001,Hawaii
96773,15001,Hawaii
96774,15001,Hawaii
96776,15001,Hawaii
96777,15001,Hawaii
96778,15001,Hawaii
96779,15009,Maui
96780,15001,Hawaii
96781,15001,Hawaii
96782,15003,Honolulu
96783,15001,Hawaii
96784,15009,Maui
96785,15001,Hawaii
96786,15003,Honolulu
96788,15009,Maui
96789,15003,Honolulu
96790,15009,Maui
96791,15003,Honolulu
96792,15003,Honolulu
96793,15009,Maui
96795,15003,Honolulu
96796,15007,Kauai
96797,15003,Honolulu
96801,15003,Honolulu
96802,15003,Honolulu
96803,15003,Honolulu
96804,15003,Honolulu
96805,15003,Honolulu
96806,15003,Honolulu
96807,15003,Honolulu
96808,15003,Honolulu
96809,15003,Honolulu
96810,15003,Honolulu
96811,15003,Honolulu
96812,15003,Honolulu
96813,15003,Honolulu
96814,15003,Honolulu
96815,15003,Honolulu
96816,15003,Honolulu
96817,15003,Honolulu
96818,15003,Honolulu
96819,15003,Honolulu
96820,15003,Honolulu
96821,15003,Honolulu
96822,15003,Honolulu
96823,15003,Honolulu
96824,15003,Honolulu
96825,15003,Honolulu
96826,15003,Honolulu
96828,15003,Honolulu
96830,15003,Honolulu
96836,15003,Honolulu
96837,15003,Honolulu
96838,15003,Honolulu
96839,15003,Honolulu
96840,15003,Honolulu
96841,15003,Honolulu
96843,15003,Honolulu
96844,15003,Honolulu
96846,15003,Honolulu
96847,15003,Honolulu
96848,15003,Honolulu
96849,15003,Honolulu
96850,15003,Honolulu
96853,15003,Honolulu
96854,15003,Honolulu
96857,15003,Honolulu
96858,15003,Honolulu
96859,15003,Honolulu
96860,15003,Honolulu
96861,15003,Honolulu
96863,15003,Honolulu
96898,15003,Honolulu
97001,41065,Wasco
97002,41047,Marion
97003,41067,Washington
97004,41005,Clackamas
97005,41067,Washington
97006,41067,Washington
97007,41067,Washington
97008,41067,Washington
97009,41005,Clackamas
97010,41051,Multnomah
97011,41005,Clackamas
97013,41005,Clackamas
97014,41027,Hood River
97015,41005,Clackamas
97016,41009,Columbia
97017,41005,Clackamas
97018,41009,Columbia
97019,41051,Multnomah
97020,41047,Marion
97021,41065,Wasco
97022,41005,Clackamas
97023,41005,Clackamas
97024,41051,Multnomah
97026,41047,Marion
97027,41005,Clackamas
97028,41005,Clackamas
97029,41055,Sherman
97030,41051,Multnomah
97031,41027,Hood River
97032,41047,Marion
97033,41055,Sherman
97034,41005,Clackamas
97035,41005,Clackamas
97036,41005,Clackamas
97037,41065,Wasco
97038,41005,Clackamas
97039,41055,Sherman
97040,41065,Wasco
97041,41027,Hood River
97042,41005,Clackamas
97044,41027,Hood River
97045,41005,Clackamas
97048,41009,Columbia
97049,41005,Clackamas
97050,41055,Sherman
97051,41009,Columbia
97053,41009,Columbia
97054,41009,Columbia
97055,41005,Clackamas
97056,41009,Columbia
97057,41065,Wasco
97058,41065,Wasco
97060,41051,Multnomah
97062,41067,Washington
97063,41065,Wasco
97064,41009,Columbia
97065,41055,Sherman
97067,41005,Clackamas
97068,41005,Clackamas
97070,41005,Clackamas
97071,41047,Marion
97075,41067,Washington
97076,41067,Washington
97077,41067,Washington
97078,41067,Washington
97079,41067,Washington
97080,41051,Multnomah
97086,41005,Clackamas
97089,41005,Clackamas
97101,41071,Yamhill
97102,41007,Clatsop
97103,41007,Clatsop
97106,41067,Washington
97107,41057,Tillamook
97108,41057,Tillamook
97109,41067,Washington
97110,41007,Clatsop
97111,41071,Yamhill
97112,41057,Tillamook
97113,41067,Washington
97114,41071,Yamhill
97115,41071,Yamhill
97116,41067,Washington
97117,41067,Washington
97118,41057,Tillamook
97119,41067,Washington
97121,41007,Clatsop
97122,41057,Tillamook
97123,41067,Washington
97124,41067,Washington
97125,41067,Washington
97127,41071,Yamhill
97128,41071,Yamhill
97129,41067,Washington
97130,41057,Tillamook
97131,41057,Tillamook
97132,41071,Yamhill
97133,41067,Washington
97134,41057,Tillamook
97135,41057,Tillamook
97136,41057,Tillamook
97137,41047,Marion
97138,41007,Clatsop
97140,41067,Washington
97141,41057,Tillamook
97143,41057,Tillamook
97144,41067,Washington
97145,41007,Clatsop
97146,41007,Clatsop
97147,41057,Tillamook
97148,41071,Yamhill
97149,41057,Tillamook
97201,41051,Multnomah
97202,41051,Multnomah
97203,41051,Multnomah
97204,41051,Multnomah
97205,41051,Multnomah
97206,41051,Multnomah
97207,41051,Multnomah
97208,41051,Multnomah
97209,41051,Multnomah
97210,41051,Multnomah
97211,41051,Multnomah
97212,41051,Multnomah
97213,41051,Multnomah
97214,41051,Multnomah
97215,41051,Multnomah
97216,41051,Multnomah
97217,41051,Multnomah
97218,41051,Multnomah
97219,41051,Multnomah
97220,41051,Multnomah
97221,41051,Multnomah
97222,41005,Clackamas
97223,41067,Washington
97224,41067,Washington
97225,41067,Washington
97227,41051,Multnomah
97228,41051,Multnomah
97229,41067,Washington
97230,41051,Multnomah
97231,41051,Multnomah
97232,41051,Multnomah
97233,41051,Multnomah
97236,41051,Multnomah
97238,41051,Multnomah
97239,41051,Multnomah
97240,41051,Multnomah
97242,41051,Multnomah
97250,41051,Multnomah
97251,41051,Multnomah
97252,41051,Multnomah
97253,41051,Multnomah
97254,41051,Multnomah
97256,41051,Multnomah
97258,41051,Multnomah
97266,41051,Multnomah
97267,41005,Clackamas
97268,41005,Clackamas
97269,41005,Clackamas
97280,41051,Multnomah
97281,41067,Washington
97282,41051,Multnomah
97283,41051,Multnomah
97286,41051,Multnomah
97290,41051,Multnomah
97291,41067,Washington
97292,41051,Multnomah
97293,41051,Multnomah
97294,41051,Multnomah
97296,41051,Multnomah
97298,41067,Washington
97301,41047,Marion
97302,41047,Marion
97303,41047,Marion
97304,41053,Polk
97305,41047,Marion
97306,41047,Marion
97307,41047,Marion
97308,41047,Marion
97309,41047,Marion
97310,41047,Marion
97311,41047,Marion
97312,41047,Marion
97313,41047,Marion
97314,41047,Marion
97317,41047,Marion
97321,41043,Linn
97322,41043,Linn
97324,41003,Benton
97325,41047,Marion
97326,41041,Lincoln
97327,41043,Linn
97329,41043,Linn
97330,41003,Benton
97331,41003,Benton
97333,41003,Benton
97335,41043,Linn
97336,41043,Linn
97338,41053,Polk
97339,41003,Benton
97341,41041,Lincoln
97342,41047,Marion
97343,41041,Lincoln
97344,41053,Polk
97345,41043,Linn
97346,41047,Marion
97347,41071,Yamhill
97348,41043,Linn
97350,41043,Linn
97351,41053,Polk
97352,41047,Marion
97355,41043,Linn
97357,41041,Lincoln
97358,41047,Marion
97360,41043,Linn
97361,41053,Polk
97362,41047,Marion
97364,41041,Lincoln
97365,41041,Lincoln
97366,41041,Lincoln
97367,41041,Lincoln
97368,41041,Lincoln
97369,41041,Lincoln
97370,41003,Benton
97371,41053,Polk
97373,41047,Marion
97374,41043,Linn
97375,41047,Marion
97376,41041,Lincoln
97377,41043,Linn
97378,41071,Yamhill
97380,41041,Lincoln
97381,41047,Marion
97383,41047,Marion
97384,41047,Marion
97385,41047,Marion
97386,41043,Linn
97388,41041,Lincoln
97389,41043,Linn
97390,41041,Lincoln
97391,41041,Lincoln
97392,41047,Marion
97394,41041,Lincoln
97396,41071,Yamhill
97401,41039,Lane
97402,41039,Lane
97403,41039,Lane
97404,41039,Lane
97405,41039,Lane
97406,41015,Curry
97407,41011,Coos
97408,41039,Lane
97409,41039,Lane
97410,41019,Douglas
97411,41011,Coos
97412,41039,Lane
97413,41039,Lane
97414,41011,Coos
97415,41015,Curry
97416,41019,Douglas
97417,41019,Douglas
97419,41039,Lane
97420,41011,Coos
97423,41011,Coos
97424,41039,Lane
97426,41039,Lane
97429,41019,Douglas
97430,41039,Lane
97431,41039,Lane
97432,41019,Douglas
97434,41039,Lane
97435,41019,Douglas
97436,41019,Douglas
97437,41039,Lane
97438,41039,Lane
97439,41039,Lane
97440,41039,Lane
97441,41019,Douglas
97442,41019,Douglas
97443,41019,Douglas
97444,41015,Curry
97446,41043,Linn
97447,41019,Douglas
97448,41039,Lane
97449,41011,Coos
97450,41015,Curry
97451,41039,Lane
97452,41039,Lane
97453,41039,Lane
97454,41039,Lane
97455,41039,Lane
97456,41003,Benton
97457,41019,Douglas
97458,41011,Coos
97459,41011,Coos
97461,41039,Lane
97462,41019,Douglas
97463,41039,Lane
97464,41015,Curry
97465,41015,Curry
97466,41011,Coos
97467,41019,Douglas
97469,41019,Douglas
97470,41019,Douglas
97471,41019,Douglas
97473,41019,Douglas
97475,41039,Lane
97476,41015,Curry
97477,41039,Lane
97478,41039,Lane
97479,41019,Douglas
97480,41039,Lane
97481,41019,Douglas
97484,41019,Douglas
97486,41019,Douglas
97487,41039,Lane
97488,41039,Lane
97489,41039,Lane
97490,41039,Lane
97491,41015,Curry
97492,41039,Lane
97493,41039,Lane
97494,41019,Douglas
97495,41019,Douglas
97496,41019,Douglas
97497,41033,Josephine
97498,41039,Lane
97499,41019,Douglas
97501,41029,Jackson
97502,41029,Jackson
97503,41029,Jackson
97504,41029,Jackson
97520,41029,Jackson
97522,41029,Jackson
97523,41033,Josephine
97524,41029,Jackson
97525,41029,Jackson
97526,41033,Josephine
97527,41033,Josephine
97528,41033,Josephine
97530,41029,Jackson
97531,41033,Josephine
97532,41033,Josephine
97533,41033,Josephine
97534,41033,Josephine
97535,41029,Jackson
97536,41029,Jackson
97537,41029,Jackson
97538,41033,Josephine
97539,41029,Jackson
97540,41029,Jackson
97541,41029,Jackson
97543,41033,Josephine
97544,41033,Josephine
97601,41035,Klamath
97602,41035,Klamath
97603,41035,Klamath
97604,41035,Klamath
97620,41037,Lake
97621,41035,Klamath
97622,41035,Klamath
97623,41035,Klamath
97624,41035,Klamath
97625,41035,Klamath
97626,41035,Klamath
97627,41035,Klamath
97630,41037,Lake
97632,41035,Klamath
97633,41035,Klamath
97634,41035,Klamath
97635,06049,Modoc
97636,41037,Lake
97637,41037,Lake
97638,41037,Lake
97639,41035,Klamath
97640,41037,Lake
97641,41037,Lake
97701,41017,Deschutes
97702,41017,Deschutes
97703,41017,Deschutes
97707,41017,Deschutes
97708,41017,Deschutes
97709,41017,Deschutes
97710,41025,Harney
97711,41031,Jefferson
97712,41017,Deschutes
97720,41025,Harney
97721,41025,Harney
97722,41025,Harney
97730,41031,Jefferson
97731,41035,Klamath
97732,41025,Harney
97733,41035,Klamath
97734,41031,Jefferson
97735,41037,Lake
97736,41025,Harney
97737,41035,Klamath
97738,41025,Harney
97739,41017,Deschutes
97741,41031,Jefferson
97750,41069,Wheeler
97751,41013,Crook
97752,41013,Crook
97753,41013,Crook
97754,41013,Crook
97756,41017,Deschutes
97758,41025,Harney
97759,41043,Linn
97760,41017,Deschutes
97761,41065,Wasco
97801,41059,Umatilla
97810,41059,Umatilla
97812,41021,Gilliam
97813,41059,Umatilla
97814,41001,Baker
97817,41023,Grant
97818,41049,Morrow
97819,41001,Baker
97820,41023,Grant
97823,41021,Gilliam
97824,41061,Union
97825,41023,Grant
97826,41059,Umatilla
97827,41061,Union
97828,41063,Wallowa
97830,41069,Wheeler
97833,41001,Baker
97834,41001,Baker
97835,41059,Umatilla
97836,41049,Morrow
97837,41001,Baker
97838,41059,Umatilla
97839,41049,Morrow
97840,41001,Baker
97841,41061,Union
97842,41063,Wallowa
97843,41049,Morrow
97844,41049,Morrow
97845,41023,Grant
97846,41063,Wallowa
97848,41023,Grant
97850,41061,Union
97856,41023,Grant
97857,41063,Wallowa
97859,41059,Umatilla
97861,41021,Gilliam
97862,41059,Umatilla
97864,41023,Grant
97865,41023,Grant
97867,41061,Union
97868,41059,Umatilla
97869,41023,Grant
97870,41001,Baker
97873,41023,Grant
97874,41069,Wheeler
97875,41059,Umatilla
97876,41061,Union
97877,41023,Grant
97880,41059,Umatilla
97882,41059,Umatilla
97883,41061,Union
97884,41001,Baker
97885,41063,Wallowa
97886,41059,Umatilla
97901,41045,Malheur
97902,41045,Malheur
97903,41045,Malheur
97904,41025,Harney
97905,41001,Baker
97906,41045,Malheur
97907,41001,Baker
97908,41045,Malheur
97909,41045,Malheur
97910,41045,Malheur
97911,41045,Malheur
97913,41045,Malheur
97914,41045,Malheur
97917,41045,Malheur
97918,41045,Malheur
97920,41045,Malheur
98001,53033,King
98002,53033,King
98003,53033,King
98004,53033,King
98005,53033,King
98006,53033,King
98007,53033,King
98008,53033,King
98009,53033,King
98010,53033,King
98011,53033,King
98012,53061,Snohomish
98013,53033,King
98014,53033,King
98015,53033,King
98019,53033,King
98020,53061,Snohomish
98021,53061,Snohomish
98022,53033,King
98023,53033,King
98024,53033,King
98025,53033,King
98026,53061,Snohomish
98027,53033,King
98028,53033,King
98029,53033,King
98030,53033,King
98031,53033,King
98032,53033,King
98033,53033,King
98034,53033,King
98035,53033,King
98036,53061,Snohomish
98037,53061,Snohomish
98038,53033,King
98039,53033,King
98040,53033,King
98041,53033,King
98042,53033,King
98043,53061,Snohomish
98045,53033,King
98046,53061,Snohomish
98047,53033,King
98050,53033,King
98051,53033,King
98052,53033,King
98053,53033,King
98055,53033,King
98056,53033,King
98057,53033,King
98058,53033,King
98059,53033,King
98061,53035,Kitsap
98062,53033,King
98063,53033,King
98064,53033,King
98065,53033,King
98068,53037,Kittitas
98070,53033,King
98071,53033,King
98072,53033,King
98073,53033,King
98074,53033,King
98075,53033,King
98077,53033,King
98082,53061,Snohomish
98083,53033,King
98087,53061,Snohomish
98089,53033,King
98092,53033,King
98093,53033,King
98101,53033,King
98102,53033,King
98103,53033,King
98104,53033,King
98105,53033,King
98106,53033,King
98107,53033,King
98108,53033,King
98109,53033,King
98110,53035,Kitsap
98111,53033,King
98112,53033,King
98113,53033,King
98114,53033,King
98115,53033,King
98116,53033,King
98117,53033,King
98118,53033,King
98119,53033,King
98121,53033,King
98122,53033,King
98124,53033,King
98125,53033,King
98126,53033,King
98127,53033,King
98129,53033,King
98131,53033,King
98133,53033,King
98134,53033,King
98136,53033,King
98138,53033,King
98139,53033,King
98141,53033,King
98144,53033,King
98145,53033,King
98146,53033,King
98148,53033,King
98154,53033,King
98155,53033,King
98158,53033,King
98160,53033,King
98161,53033,King
98164,53033,King
98165,53033,King
98166,53033,King
98168,53033,King
98170,53033,King
98174,53033,King
98175,53033,King
98177,53033,King
98178,53033,King
98181,53033,King
98185,53033,King
98188,53033,King
98190,53033,King
98191,53033,King
98194,53033,King
98195,53033,King
98198,53033,King
98199,53033,King
98201,53061,Snohomish
98203,53061,Snohomish
98204,53061,Snohomish
98206,53061,Snohomish
98207,53061,Snohomish
98208,53061,Snohomish
98213,53061,Snohomish
98220,53073,Whatcom
98221,53057,Skagit
98222,53055,San Juan
98223,53061,Snohomish
98224,53033,King
98225,53073,Whatcom
98226,53073,Whatcom
98227,53073,Whatcom
98228,53073,Whatcom
98229,53073,Whatcom
98230,53073,Whatcom
98231,53073,Whatcom
98232,53057,Skagit
98233,53057,Skagit
98235,53057,Skagit
98236,53029,Island
98237,53057,Skagit
98238,53057,Skagit
98239,53029,Island
98240,53073,Whatcom
98241,53061,Snohomish
98243,53055,San Juan
98244,53073,Whatcom
98245,53055,San Juan
98247,53073,Whatcom
98248,53073,Whatcom
98249,53029,Island
98250,53055,San Juan
98251,53061,Snohomish
98252,53061,Snohomish
98253,53029,Island
98255,53057,Skagit
98256,53061,Snohomish
98257,53057,Skagit
98258,53061,Snohomish
98259,53061,Snohomish
98260,53029,Island
98261,53055,San Juan
98262,53073,Whatcom
98263,53057,Skagit
98264,53073,Whatcom
98266,53073,Whatcom
98267,53057,Skagit
98270,53061,Snohomish
98271,53061,Snohomish
98272,53061,Snohomish
98273,53057,Skagit
98274,53057,Skagit
98275,53061,Snohomish
98276,53073,Whatcom
98277,53029,Island
98278,53029,Island
98279,53055,San Juan
98280,53055,San Juan
98281,53073,Whatcom
98282,53029,Island
98283,53073,Whatcom
98284,53057,Skagit
98286,53055,San Juan
98287,53061,Snohomish
98288,53033,King
98290,53061,Snohomish
98291,53061,Snohomish
98292,53061,Snohomish
98293,53061,Snohomish
98294,53061,Snohomish
98295,53073,Whatcom
98296,53061,Snohomish
98297,53055,San Juan
98303,53053,Pierce
98304,53053,Pierce
98305,53009,Clallam
98310,53035,Kitsap
98311,53035,Kitsap
98312,53035,Kitsap
98314,53035,Kitsap
98315,53035,Kitsap
98320,53031,Jefferson
98321,53053,Pierce
98322,53035,Kitsap
98323,53053,Pierce
98324,53009,Clallam
98325,53031,Jefferson
98326,53009,Clallam
98327,53053,Pierce
98328,53053,Pierce
98329,53053,Pierce
98330,53053,Pierce
98331,53031,Jefferson
98332,53053,Pierce
98333,53053,Pierce
98335,53053,Pierce
98336,53041,Lewis
98337,53035,Kitsap
98338,53053,Pierce
98339,53031,Jefferson
98340,53035,Kitsap
98342,53035,Kitsap
98343,53009,Clallam
98344,53053,Pierce
98345,53035,Kitsap
98346,53035,Kitsap
98348,53053,Pierce
98349,53053,Pierce
98350,53009,Clallam
98351,53053,Pierce
98352,53053,Pierce
98353,53035,Kitsap
98354,53053,Pierce
98355,53041,Lewis
98356,53041,Lewis
98357,53009,Clallam
98358,53031,Jefferson
98359,53035,Kitsap
98360,53053,Pierce
98361,53041,Lewis
98362,53009,Clallam
98363,53009,Clallam
98364,53035,Kitsap
98365,53031,Jefferson
98366,53035,Kitsap
98367,53035,Kitsap
98368,53031,Jefferson
98370,53035,Kitsap
98371,53053,Pierce
98372,53053,Pierce
98373,53053,Pierce
98374,53053,Pierce
98375,53053,Pierce
98376,53031,Jefferson
98377,53041,Lewis
98378,53035,Kitsap
98380,53035,Kitsap
98381,53009,Clallam
98382,53009,Clallam
98383,53035,Kitsap
98384,53035,Kitsap
98385,53053,Pierce
98386,53035,Kitsap
98387,53053,Pierce
98388,53053,Pierce
98390,53053,Pierce
98391,53053,Pierce
98392,53035,Kitsap
98393,53035,Kitsap
98394,53053,Pierce
98395,53053,Pierce
98396,53053,Pierce
98397,53053,Pierce
98398,53053,Pierce
98401,53053,Pierce
98402,53053,Pierce
98403,53053,Pierce
98404,53053,Pierce
98405,53053,Pierce
98406,53053,Pierce
98407,53053,Pierce
98408,53053,Pierce
98409,53053,Pierce
98411,53053,Pierce
98412,53053,Pierce
98413,53053,Pierce
98415,53053,Pierce
98416,53053,Pierce
98417,53053,Pierce
98418,53053,Pierce
98419,53053,Pierce
98421,53053,Pierce
98422,53053,Pierce
98424,53053,Pierce
98430,53053,Pierce
98431,53053,Pierce
98433,53053,Pierce
98438,53053,Pierce
98439,53053,Pierce
98443,53053,Pierce
98444,53053,Pierce
98445,53053,Pierce
98446,53053,Pierce
98447,53053,Pierce
98448,53053,Pierce
98464,53053,Pierce
98465,53053,Pierce
98466,53053,Pierce
98467,53053,Pierce
98471,53053,Pierce
98481,53053,Pierce
98490,53053,Pierce
98493,53053,Pierce
98496,53053,Pierce
98497,53053,Pierce
98498,53053,Pierce
98499,53053,Pierce
98501,53067,Thurston
98502,53067,Thurston
98503,53067,Thurston
98504,53067,Thurston
98505,53067,Thurston
98506,53067,Thurston
98507,53067,Thurston
98508,53067,Thurston
98509,53067,Thurston
98511,53067,Thurston
98512,53067,Thurston
98513,53067,Thurston
98516,53067,Thurston
98520,53027,Grays Harbor
98522,53041,Lewis
98524,53045,Mason
98526,53027,Grays Harbor
98527,53049,Pacific
98528,53045,Mason
98530,53067,Thurston
98531,53041,Lewis
98532,53041,Lewis
98533,53041,Lewis
98535,53027,Grays Harbor
98536,53027,Grays Harbor
98537,53027,Grays Harbor
98538,53041,Lewis
98539,53041,Lewis
98540,53067,Thurston
98541,53027,Grays Harbor
98542,53041,Lewis
98544,53041,Lewis
98546,53045,Mason
98547,53049,Pacific
98548,53045,Mason
98550,53027,Grays Harbor
98552,53027,Grays Harbor
98554,53049,Pacific
98555,53045,Mason
98556,53067,Thurston
98557,53027,Grays Harbor
98558,53053,Pierce
98559,53027,Grays Harbor
98560,53045,Mason
98561,53049,Pacific
98562,53027,Grays Harbor
98563,53027,Grays Harbor
98564,53041,Lewis
98565,53041,Lewis
98566,53027,Grays Harbor
98568,53027,Grays Harbor
98569,53027,Grays Harbor
98570,53041,Lewis
98571,53027,Grays Harbor
98572,53041,Lewis
98575,53027,Grays Harbor
98576,53067,Thurston
98577,53049,Pacific
98579,53067,Thurston
98580,53053,Pierce
98581,53015,Cowlitz
98582,53041,Lewis
98583,53027,Grays Harbor
98584,53045,Mason
98585,53041,Lewis
98586,53049,Pacific
98587,53027,Grays Harbor
98588,53045,Mason
98589,53067,Thurston
98590,53049,Pacific
98591,53041,Lewis
98592,53045,Mason
98593,53041,Lewis
98595,53027,Grays Harbor
98596,53041,Lewis
98597,53067,Thurston
98599,53067,Thurston
98601,53011,Clark
98602,53039,Klickitat
98603,53015,Cowlitz
98604,53011,Clark
98605,53059,Skamania
98606,53011,Clark
98607,53011,Clark
98609,53015,Cowlitz
98610,53059,Skamania
98611,53015,Cowlitz
98612,53069,Wahkiakum
98613,53039,Klickitat
98614,53049,Pacific
98616,53059,Skamania
98617,53039,Klickitat
98619,53039,Klickitat
98620,53039,Klickitat
98621,53049,Pacific
98622,53011,Clark
98623,53039,Klickitat
98624,53049,Pacific
98625,53015,Cowlitz
98626,53015,Cowlitz
98628,53039,Klickitat
98629,53011,Clark
98631,53049,Pacific
98632,53015,Cowlitz
98635,53039,Klickitat
98637,53049,Pacific
98638,53049,Pacific
98639,53059,Skamania
98640,53049,Pacific
98641,53049,Pacific
98642,53011,Clark
98643,53069,Wahkiakum
98644,53049,Pacific
98645,53015,Cowlitz
98647,53069,Wahkiakum
98648,53059,Skamania
98649,53015,Cowlitz
98650,53039,Klickitat
98651,53059,Skamania
98660,53011,Clark
98661,53011,Clark
98662,53011,Clark
98663,53011,Clark
98664,53011,Clark
98665,53011,Clark
98666,53011,Clark
98668,53011,Clark
98670,53039,Klickitat
98671,53059,Skamania
98672,53039,Klickitat
98673,53039,Klickitat
98674,53015,Cowlitz
98675,53011,Clark
98682,53011,Clark
98683,53011,Clark
98684,53011,Clark
98685,53011,Clark
98686,53011,Clark
98687,53011,Clark
98801,53007,Chelan
98802,53017,Douglas
98807,53007,Chelan
98811,53007,Chelan
98812,53047,Okanogan
98813,53017,Douglas
98814,53047,Okanogan
98815,53007,Chelan
98816,53007,Chelan
98817,53007,Chelan
98819,53047,Okanogan
98821,53007,Chelan
98822,53007,Chelan
98823,53025,Grant
98824,53025,Grant
98826,53007,Chelan
98827,53047,Okanogan
98828,53007,Chelan
98829,53047,Okanogan
98830,53017,Douglas
98831,53007,Chelan
98832,53025,Grant
98833,53047,Okanogan
98834,53047,Okanogan
98836,53007,Chelan
98837,53025,Grant
98840,53047,Okanogan
98841,53047,Okanogan
98843,53017,Douglas
98844,53047,Okanogan
98845,53017,Douglas
98846,53047,Okanogan
98847,53007,Chelan
98848,53025,Grant
98849,53047,Okanogan
98850,53017,Douglas
98851,53025,Grant
98852,53007,Chelan
98853,53025,Grant
98855,53047,Okanogan
98856,53047,Okanogan
98857,53025,Grant
98858,53017,Douglas
98859,53047,Okanogan
98860,53025,Grant
98862,53047,Okanogan
98901,53077,Yakima
98902,53077,Yakima
98903,53077,Yakima
98904,53077,Yakima
98907,53077,Yakima
98908,53077,Yakima
98909,53077,Yakima
98920,53077,Yakima
98921,53077,Yakima
98922,53037,Kittitas
98923,53077,Yakima
98925,53037,Kittitas
98926,53037,Kittitas
98930,53077,Yakima
98932,53077,Yakima
98933,53077,Yakima
98934,53037,Kittitas
98935,53077,Yakima
98936,53077,Yakima
98937,53077,Yakima
98938,53077,Yakima
98939,53077,Yakima
98940,53037,Kittitas
98941,53037,Kittitas
98942,53077,Yakima
98943,53037,Kittitas
98944,53005,Benton
98946,53037,Kittitas
98947,53077,Yakima
98948,53077,Yakima
98950,53037,Kittitas
98951,53077,Yakima
98952,53077,Yakima
98953,53077,Yakima
99001,53063,Spokane
99003,53063,Spokane
99004,53063,Spokane
99005,53063,Spokane
99006,53063,Spokane
99008,53043,Lincoln
99009,53063,Spokane
99011,53063,Spokane
99012,53063,Spokane
99013,53065,Stevens
99014,53063,Spokane
99016,53063,Spokane
99017,53075,Whitman
99018,53063,Spokane
99019,53063,Spokane
99020,53063,Spokane
99021,53063,Spokane
99022,53063,Spokane
99023,53063,Spokane
99025,53063,Spokane
99026,53063,Spokane
99027,53063,Spokane
99029,53043,Lincoln
99030,53063,Spokane
99031,53063,Spokane
99032,53043,Lincoln
99033,53075,Whitman
99034,53065,Stevens
99036,53063,Spokane
99037,53063,Spokane
99039,53063,Spokane
99040,53065,Stevens
99101,53065,Stevens
99102,53075,Whitman
99103,53043,Lincoln
99104,53075,Whitman
99105,53001,Adams
99107,53019,Ferry
99109,53065,Stevens
99110,53065,Stevens
99111,53075,Whitman
99113,53075,Whitman
99114,53065,Stevens
99115,53017,Douglas
99116,53047,Okanogan
99117,53043,Lincoln
99118,53019,Ferry
99119,53051,Pend Oreille
99121,53019,Ferry
99122,53043,Lincoln
99123,53025,Grant
99124,53047,Okanogan
99125,53075,Whitman
99126,53065,Stevens
99128,53075,Whitman
99129,53065,Stevens
99130,53075,Whitman
99131,53065,Stevens
99133,53017,Douglas
99134,53043,Lincoln
99135,53025,Grant
99136,53075,Whitman
99137,53065,Stevens
99138,53019,Ferry
99139,53051,Pend Oreille
99140,53019,Ferry
99141,53019,Ferry
99143,53075,Whitman
99144,53043,Lincoln
99146,53019,Ferry
99147,53043,Lincoln
99148,53065,Stevens
99149,53075,Whitman
99150,53019,Ferry
99151,53065,Stevens
99152,53051,Pend Oreille
99153,53051,Pend Oreille
99154,53043,Lincoln
99155,53047,Okanogan
99156,53051,Pend Oreille
99157,53065,Stevens
99158,53075,Whitman
99159,53043,Lincoln
99160,53019,Ferry
99161,53075,Whitman
99163,53075,Whitman
99164,53075,Whitman
99166,53019,Ferry
99167,53065,Stevens
99169,53001,Adams
99170,53075,Whitman
99171,53075,Whitman
99173,53065,Stevens
99174,53075,Whitman
99176,53075,Whitman
99179,53075,Whitman
99180,53051,Pend Oreille
99181,53065,Stevens
99185,53043,Lincoln
99201,53063,Spokane
99202,53063,Spokane
99203,53063,Spokane
99204,53063,Spokane
99205,53063,Spokane
99206,53063,Spokane
99207,53063,Spokane
99208,53063,Spokane
99209,53063,Spokane
99210,53063,Spokane
99211,53063,Spokane
99212,53063,Spokane
99213,53063,Spokane
99214,53063,Spokane
99215,53063,Spokane
99216,53063,Spokane
99217,53063,Spokane
99218,53063,Spokane
99219,53063,Spokane
99220,53063,Spokane
99223,53063,Spokane
99224,53063,Spokane
99228,53063,Spokane
99251,53063,Spokane
99252,53063,Spokane
99256,53063,Spokane
99258,53063,Spokane
99260,53063,Spokane
99301,53021,Franklin
99302,53021,Franklin
99320,53005,Benton
99321,53025,Grant
99322,53039,Klickitat
99323,53071,Walla Walla
99324,53071,Walla Walla
99326,53021,Franklin
99328,53013,Columbia
99329,53071,Walla Walla
99330,53021,Franklin
99333,53075,Whitman
99335,53021,Franklin
99336,53005,Benton
99337,53005,Benton
99338,53005,Benton
99341,53001,Adams
99343,53021,Franklin
99344,53001,Adams
99345,53005,Benton
99346,53005,Benton
99347,53023,Garfield
99348,53071,Walla Walla
99349,53025,Grant
99350,53005,Benton
99352,53005,Benton
99353,53005,Benton
99354,53005,Benton
99356,53039,Klickitat
99357,53025,Grant
99359,53013,Columbia
99360,53071,Walla Walla
99361,53071,Walla Walla
99362,53071,Walla Walla
99363,53071,Walla Walla
99371,53001,Adams
99401,53003,Asotin
99402,53003,Asotin
99403,53003,Asotin
99501,02020,Anchorage
99502,02020,Anchorage
99503,02050,Bethel
99504,02020,Anchorage
99505,02020,Anchorage
99506,02020,Anchorage
99507,02020,Anchorage
99508,02020,Anchorage
99509,02020,Anchorage
99510,02020,Anchorage
99511,02020,Anchorage
99513,02020,Anchorage
99514,02020,Anchorage
99515,02020,Anchorage
99516,02020,Anchorage
99517,02020,Anchorage
99518,02020,Anchorage
99519,02185,North Slope
99520,02020,Anchorage
99521,02020,Anchorage
99522,02020,Anchorage
99523,02020,Anchorage
99524,02020,Anchorage
99529,02020,Anchorage
99530,02020,Anchorage
99540,02020,Anchorage
99545,02050,Bethel
99546,02016,Aleutians West
99547,02016,Aleutians West
99548,02164,Lake and Peninsula
99549,02164,Lake and Peninsula
99550,02150,Kodiak Island
99551,02050,Bethel
99552,02050,Bethel
99553,02013,Aleutians East
99554,02158,Kusilvak
99555,02070,Dillingham
99556,02122,Kenai Peninsula
99557,02050,Bethel
99558,02290,Yukon-Koyukuk
99559,02050,Bethel
99561,02050,Bethel
99563,02158,Kusilvak
99564,02164,Lake and Peninsula
99565,02164,Lake and Peninsula
99566,02066,Copper River
99567,02020,Anchorage
99568,02122,Kenai Peninsula
99569,02070,Dillingham
99571,02013,Aleutians East
99572,02122,Kenai Peninsula
99573,02066,Copper River
99574,02063,Chugach
99575,02050,Bethel
99576,02070,Dillingham
99577,02020,Anchorage
99578,02050,Bethel
99579,02164,Lake and Peninsula
99580,02070,Dillingham
99581,02158,Kusilvak
99583,02013,Aleutians East
99585,02158,Kusilvak
99586,02066,Copper River
99587,02020,Anchorage
99588,02066,Copper River
99589,02050,Bethel
99590,02290,Yukon-Koyukuk
99591,02016,Aleutians West
99599,02020,Anchorage
99602,02290,Yukon-Koyukuk
99603,02122,Kenai Peninsula
99604,02158,Kusilvak
99605,02122,Kenai Peninsula
99606,02164,Lake and Peninsula
99607,02050,Bethel
99608,02150,Kodiak Island
99609,02050,Bethel
99610,02122,Kenai Peninsula
99611,02122,Kenai Peninsula
99612,02013,Aleutians East
99613,02164,Lake and Peninsula
99614,02050,Bethel
99615,02150,Kodiak Island
99619,02150,Kodiak Island
99620,02158,Kusilvak
99621,02050,Bethel
99622,02050,Bethel
99623,02170,Matanuska-Susitna
99624,02150,Kodiak Island
99625,02164,Lake and Peninsula
99626,02050,Bethel
99627,02290,Yukon-Koyukuk
99628,02070,Dillingham
99629,02170,Matanuska-Susitna
99630,02050,Bethel
99631,02122,Kenai Peninsula
99632,02158,Kusilvak
99633,02060,Bristol Bay
99634,02050,Bethel
99635,02122,Kenai Peninsula
99636,02070,Dillingham
99637,02050,Bethel
99638,02016,Aleutians West
99639,02122,Kenai Peninsula
99640,02164,Lake and Peninsula
99641,02050,Bethel
99643,02150,Kodiak Island
99644,02150,Kodiak Island
99645,02170,Matanuska-Susitna
99647,02164,Lake and Peninsula
99648,02164,Lake and Peninsula
99649,02164,Lake and Peninsula
99650,02158,Kusilvak
99651,02050,Bethel
99652,02170,Matanuska-Susitna
99653,02164,Lake and Peninsula
99654,02170,Matanuska-Susitna
99655,02050,Bethel
99656,02050,Bethel
99657,02158,Kusilvak
99658,02158,Kusilvak
99659,02180,Nome
99660,02016,Aleutians West
99661,02013,Aleutians East
99662,02158,Kusilvak
99663,02122,Kenai Peninsula
99664,02122,Kenai Peninsula
99665,02290,Yukon-Koyukuk
99666,02158,Kusilvak
99667,02170,Matanuska-Susitna
99668,02050,Bethel
99669,02122,Kenai Peninsula
99670,02060,Bristol Bay
99671,02180,Nome
99672,02122,Kenai Peninsula
99674,02170,Matanuska-Susitna
99675,02290,Yukon-Koyukuk
99676,02170,Matanuska-Susitna
99677,02063,Chugach
99678,02070,Dillingham
99679,02050,Bethel
99680,02050,Bethel
99681,02050,Bethel
99682,02122,Kenai Peninsula
99683,02170,Matanuska-Susitna
99684,02180,Nome
99685,02016,Aleutians West
99686,02063,Chugach
99687,02170,Matanuska-Susitna
99688,02170,Matanuska-Susitna
99689,02282,Yakutat
99690,02050,Bethel
99691,02290,Yukon-Koyukuk
99692,02016,Aleutians West
99693,02063,Chugach
99694,02170,Matanuska-Susitna
99695,02164,Lake and Peninsula
99697,02150,Kodiak Island
99701,02290,Yukon-Koyukuk
99702,02090,Fairbanks North Star
99703,02090,Fairbanks North Star
99704,02068,Denali
99705,02090,Fairbanks North Star
99706,02240,Southeast Fairbanks
99707,02090,Fairbanks North Star
99708,02090,Fairbanks North Star
99709,02090,Fairbanks North Star
99710,02090,Fairbanks North Star
99711,02090,Fairbanks North Star
99712,02090,Fairbanks North Star
99714,02090,Fairbanks North Star
99716,02090,Fairbanks North Star
99720,02290,Yukon-Koyukuk
99721,02185,North Slope
99722,02290,Yukon-Koyukuk
99723,02185,North Slope
99724,02290,Yukon-Koyukuk
99725,02090,Fairbanks North Star
99726,02290,Yukon-Koyukuk
99727,02188,Northwest Arctic
99729,02170,Matanuska-Susitna
99730,02290,Yukon-Koyukuk
99731,02240,Southeast Fairbanks
99732,02240,Southeast Fairbanks
99733,02290,Yukon-Koyukuk
99734,02185,North Slope
99736,02188,Northwest Arctic
99737,02240,Southeast Fairbanks
99738,02240,Southeast Fairbanks
99739,02180,Nome
99740,02290,Yukon-Koyukuk
99741,02290,Yukon-Koyukuk
99742,02180,Nome
99743,02068,Denali
99744,02068,Denali
99745,02290,Yukon-Koyukuk
99746,02290,Yukon-Koyukuk
99747,02185,North Slope
99748,02290,Yukon-Koyukuk
99749,02188,Northwest Arctic
99750,02188,Northwest Arctic
99751,02188,Northwest Arctic
99752,02188,Northwest Arctic
99753,02180,Nome
99754,02290,Yukon-Koyukuk
99755,02068,Denali
99756,02290,Yukon-Koyukuk
99757,02290,Yukon-Koyukuk
99758,02290,Yukon-Koyukuk
99759,02185,North Slope
99760,02290,Yukon-Koyukuk
99761,02188,Northwest Arctic
99762,02180,Nome
99763,02188,Northwest Arctic
99764,02240,Southeast Fairbanks
99765,02290,Yukon-Koyukuk
99766,02185,North Slope
99767,02290,Yukon-Koyukuk
99768,02290,Yukon-Koyukuk
99769,02180,Nome
99770,02188,Northwest Arctic
99771,02180,Nome
99772,02180,Nome
99773,02188,Northwest Arctic
99774,02290,Yukon-Koyukuk
99775,02090,Fairbanks North Star
99776,02240,Southeast Fairbanks
99777,02290,Yukon-Koyukuk
99778,02180,Nome
99780,02240,Southeast Fairbanks
99781,02290,Yukon-Koyukuk
99782,02185,North Slope
99783,02180,Nome
99784,02180,Nome
99785,02180,Nome
99786,02188,Northwest Arctic
99788,02290,Yukon-Koyukuk
99789,02185,North Slope
99790,02290,Yukon-Koyukuk
99791,02185,North Slope
99801,02110,Juneau
99802,02110,Juneau
99803,02110,Juneau
99811,02110,Juneau
99812,02110,Juneau
99820,02105,Hoonah-Angoon
99821,02110,Juneau
99824,02110,Juneau
99825,02105,Hoonah-Angoon
99826,02105,Hoonah-Angoon
99827,02100,Haines
99829,02105,Hoonah-Angoon
99830,02198,Prince of Wales-Hyder
99832,02105,Hoonah-Angoon
99833,02195,Petersburg
99835,02220,Sitka
99836,02198,Prince of Wales-Hyder
99840,02230,Skagway
99841,02105,Hoonah-Angoon
99850,02100,Haines
99901,02130,Ketchikan Gateway
99903,02275,Wrangell
99918,02198,Prince of Wales-Hyder
99919,02198,Prince of Wales-Hyder
99921,02198,Prince of Wales-Hyder
99922,02198,Prince of Wales-Hyder
99923,02198,Prince of Wales-Hyder
99925,02198,Prince of Wales-Hyder
99926,02198,Prince of Wales-Hyder
99927,02198,Prince of Wales-Hyder
99928,02130,Ketchikan Gateway
99929,02275,Wrangell
99950,02130,Ketchikan Gateway
